name,authority,nation,address,town,postcode,lat,lon,type,statutory,year_opened,url,osm_type,osm_id,wikidata,match_m
Torrington,Devon County Council,England,"Castle Hill, Torrington",Torrington,EX38 8AA,50.95134,-4.143787,CL,Yes,1820,https://www.devonlibraries.org.uk/web/arena/torringtonlibrary,node,435202137,,68
Warrington Library,Warrington Borough Council,England,"Museum Street, Warrington",Warrington,WA1 1JG,53.3870774,-2.5960741,CL,Yes,1848,https://livewirewarrington.co.uk/library/our-libraries/,way,562300369,Q55184298,17
Wandsworth Town Library,London Borough of Wandsworth,England,"11 Garratt Lane, Wandsworth",Wandsworth,SW18 4AQ,51.456438,-0.192472,CL,Yes,1870,,node,11415712626,Q55125916,72
Birchfield Library,Birmingham City Council,England,"Trinity Road, Birmingham",Birmingham,B6 6AH,52.509022,-1.901741,LAL,Yes,1874,,way,133066768,Q55173226,22
Handsworth Library,Birmingham City Council,England,"Soho Road , Birmingham",Birmingham,B21 9DP,52.502521,-1.929431,LAL,Yes,1880,,way,88697686,Q26515589,95
Redland,Bristol City Council,England,"Whiteladies Road, Redland",Redland,BS8 2PY,51.465456,-2.610774,LAL,Yes,1885,,way,87324654,Q55173354,16
Monmouth Library,Monmouthshire County Council,Wales,"The Rolls Hall, Whitecross Street",Monmouth,NP25 3BY,51.813168,-2.712644,LAL,Yes,1888,,node,10160522521,Q926293,53
Battersea Library,London Borough of Wandsworth,England,"265 Lavender Hill, Battersea",Battersea,SW11 1JB,51.4640283,-0.1641418,CL,Yes,1890,,way,93750150,Q63346641,20
Harborne Library,Birmingham City Council,England,"High Street , Birmingham",Birmingham,B17 9QG,52.458427,-1.951576,LAL,Yes,1892,,way,120780843,Q55173237,55
Spring Hill Library,Birmingham City Council,England,"Spring Hill, Birmingham",Birmingham,B18 7BH,52.48548,-1.921123,LAL,Yes,1892,,,,,
Western Library,Hull City Council,England,"254 Boulevard, Hessle Road, Hull",Hull,HU3 3ED,53.736222,-0.364155,CL,Yes,1895,https://www.hcandl.co.uk/libraries,node,280849596,Q26492078,65
Balsall Heath Library,Birmingham City Council,England,"Moseley Road , Birmingham",Birmingham,B12 9BX,52.458915,-1.885501,LAL,Yes,1895,,way,76458740,Q7257458,139
Nunhead Library,London Borough of Southwark,England,"Gordon Road, Southwark",Southwark,SE15 3RW,51.4657901,-0.0596912,LAL,Yes,1896,https://www.southwark.gov.uk/libraries/find-a-library?chapter=11,way,81679154,Q55125870,11
Dulwich Library,London Borough of Southwark,England,"368 Lordship Lane, Southwark",Southwark,SE22 8NB,51.448805,-0.0745584,LAL,Yes,1897,https://www.southwark.gov.uk/libraries/find-a-library?chapter=6,node,259711313,Q5313551,5
Ossett,Wakefield Metropolitan District Council,England,"Town Hall, Ossett",Ossett,WF5 8BE,53.6799898,-1.5792463,LAL,Yes,1898,http://www.wakefield.gov.uk/libraries-and-local-history/your-local-library/ossett-library,,,,
Balham Library,London Borough of Wandsworth,England,"16 Ramsden Road, Balham ",Balham,SW12 8QY,51.445897,-0.15255,CL,Yes,1898,,way,96011292,Q55125756,57
Putney Library,London Borough of Wandsworth,England,"5/7 Disraeli Road, Putney",Putney,SW15 2DR,51.461377,-0.214384,CL,Yes,1899,,way,29402596,Q15979253,115
Seaton,Devon County Council,England,"23 Queen Street, Seaton",Seaton,EX12 2NY,50.705087,-3.071381,CL,Yes,1900,https://www.devonlibraries.org.uk/web/arena/sidmouthlibrary,node,11468887782,Q55121731,12
Hull Central Library,Hull City Council,England,"Albion Street, Hull",Hull,HU1 3TF,53.7468142,-0.3432164,CL,Yes,1901,https://www.hcandl.co.uk/libraries,way,69731039,Q26502629,8
Moretonhampstead,Devon County Council,England,"Fore Street, Moretonhampstead",Moretonhampstead,TQ13 8LL,50.661002,-3.764011,CL,Yes,1901,https://www.devonlibraries.org.uk/web/arena/moretonhampsteadlibrary,node,655323713,Q26533179,49
Tooting Library,London Borough of Wandsworth,England,"75 Mitcham Road, Tooting",Tooting,SW17 9PD,51.426142,-0.165315,CL,Yes,1902,,way,929008070,Q55125913,54
Newton Abbot,Devon County Council,England,"Passmore Edwards Centre, Market Street, Newton Abbot",Newton Abbot,TQ12 2RJ,50.530685,-3.612552,CL,Yes,1902,https://www.devonlibraries.org.uk/web/arena/newtonabbotlibrary,node,775347924,Q26548622,43
Kingston Library,Royal Borough of Kingston upon Thames,England,"Fairfield Road, Kingston",Kingston,KT1 2PS,51.4093748,-0.3002368,LAL,Yes,1903,https://llc.ent.sirsidynix.net.uk/client/en_GB/kingston/?rm=KINGSTON+LIBRA0%7C%7C%7C1%7C%7C%7C0%7C%7C%7Ctrue&dt=list,node,632558517,Q26354478,1
Wombwell,Barnsley Metropolitan Borough Council,England,"Station Road, Barnsley",Barnsley,S73 0BA,53.5221528,-1.3970482,LAL,Yes,1905,,way,779870286,,7
Bartley Green Library,Birmingham City Council,England,"Adams Hill , Birmingham",Birmingham,B32 3QG,52.436064,-1.9985,LAL,Yes,1905,,way,156357231,,63
Stirchley Library,Birmingham City Council,England,"Bournville Lane, Birmingham",Birmingham,B30 2JT,52.428883,-1.923509,LAL,Yes,1905,,way,34064917,Q26537962,17
Cubitt Town library,London Borough of Tower Hamlets,England,"Strattondale Street, London",London,E14 3HG,51.4959763,-0.0117738,LAL,Yes,1905,http://www.ideastore.co.uk/,way,193308932,Q27087079,2
Neath Library,Neath Port Talbot County Borough Council,Wales,"Victoria Gardens, Neath",Neath,SA11 3BA,51.6608013,-3.8030077,LAL,Yes,1905,https://www.npt.gov.uk/5738,node,885963956,Q47089573,23
Carnegie Library,Portsmouth City Council,England,"Fratton Road, Portsmouth",Portsmouth,PO1 5EZ,50.8022274,-1.0776128,LAL,Yes,1906,https://www.portsmouth.gov.uk/ext/libraries/libraries,way,448097367,Q26675532,1
Kings Heath Library,Birmingham City Council,England,"High Street, Birmingham",Birmingham,B14 7SW,52.438089,-1.892875,LAL,Yes,1906,,way,85516450,Q26673047,42
Kings Norton Library,Birmingham City Council,England,"Pershore Road South , Birmingham",Birmingham,B30 3EU,52.409761,-1.928077,LAL,Yes,1906,,way,88674882,Q55173243,58
Northfield Library,Birmingham City Council,England,"77 Church Road, Birmingham",Birmingham,B31 2LB,52.414987,-1.967434,LAL,Yes,1906,,way,135665168,Q7059376,55
Horbury,Wakefield Metropolitan District Council,England,"Westfield Road , Wakefield",Wakefield,WF4 6HP,53.6611635,-1.559676,LAL,Yes,1906,http://www.wakefield.gov.uk/libraries-and-local-history/your-local-library/horbury-library,node,1915523182,Q47413496,1
Bideford,Devon County Council,England,"New Road, Bideford",Bideford,EX39 2HR,51.016338,-4.2051,CL,Yes,1906,https://www.devonlibraries.org.uk/web/arena/bidefordlibrary,node,57144953,Q26496694,44
Barry Council Office and Library,Vale of Glamorgan Council,Wales,"The County Library, King Square",Barry,CF63 4RW,51.406879,-3.266806,LAL,Yes,1906,,way,929190120,,10
Abergavenny Public Library,Monmouthshire County Council,Wales,"Baker Street, Abergavenny",Abergavenny,NP7 5BD,51.823094,-3.021659,LAL,Yes,1906,,,,,
Erdington Library,Birmingham City Council,England,"Orphanage Road , Birmingham",Birmingham,B24 9HP,52.52604,-1.836304,LAL,Yes,1907,,way,103052917,Q26675746,30
Central Library (West Bromwich),Sandwell Metropolitan Borough Council,England,"High Street, West Bromwich",West Bromwich,B70 8DZ,52.5203963,-1.9975629,LAL,Yes,1907,http://www.sandwell.gov.uk/info/200261/libraries_in_sandwell/811/central_library_west_bromwich,way,1319344228,,13
Canton Library,City of Cardiff Council,Wales,"Library Street, Canton",Canton,CF5 1QD,51.482455,-3.202956,LAL,Yes,1907,https://www.cardiff.gov.uk/ENG/resident/Libraries-and-archives/Find-a-library/Pages/Canton-Library.aspx,node,10106845632,Q29502773,44
Dowlais Library,Merthyr Tydfil County Borough Council,Wales,"Church Street, Dowlais",Dowlais,CF48 3HS,51.761093,-3.353988,CL,Yes,1907,http://www.merthyrlibraries.co.uk/our-libraries/dowlais-library.aspx,,,,
Cradley Heath Library,Sandwell Metropolitan Borough Council,England,"Upper High Street, Cradley Heath",Cradley Heath,B64 5JU,52.4749006,-2.0759769,LAL,Yes,1908,http://www.sandwell.gov.uk/info/200261/libraries_in_sandwell/812/cradley_heath_library,way,300020973,,3
Wednesbury Library,Sandwell Metropolitan Borough Council,England,"Walsall Street, Wednesbury",Wednesbury,WS10 9EH,52.5538015,-2.0168388,LAL,Yes,1908,http://www.sandwell.gov.uk/info/200261/libraries_in_sandwell/829/wednesbury_library,way,219974979,,4
Treharris Library,Merthyr Tydfil County Borough Council,Wales,"Perrott Street, Treharris",Treharris,CF46 5ET,51.664501,-3.304273,CL,Yes,1909,http://www.merthyrlibraries.co.uk/our-libraries/treharris-library.aspx,way,544351706,Q29504201,42
Llanfair Caereinion Library,Powys County Council,Wales,"The Institute, Llanfair Caereinion",Llanfair Caereinion,SY21 0RY,52.64884,-3.325215,LAL,Yes,1913,http://www.powys.gov.uk/en/libraries/find-nearest-library/llanfair-caereinion-library/,,,,
Thornton Heath,London Borough of Croydon,England,"Brigstock Road, Thornton Heath",Thornton Heath,CR7 7JB,51.3969008,-0.1055761,LAL,Yes,1914,https://www.croydon.gov.uk/,way,1365036448,Q55125416,1
Appledore,Devon County Council,England,"The Quay, Bideford",Bideford,EX39 1QS,51.053184,-4.191057,CL,Yes,1919,https://www.devonlibraries.org.uk/web/arena/appledorelibrary,way,1121894580,Q26517926,45
Lynton,Devon County Council,England,"Market Hall, Market Street, Lynton",Lynton,EX35 6AF,51.228955,-3.834384,CL,Yes,1919,https://www.devonlibraries.org.uk/web/arena/lyntonlibrary,node,251573590,Q55121722,1
Uffculme,Devon County Council,England,"School House, 8 Ashley Road, Cullompton",Cullompton,EX15 3AY,50.908818,-3.324949,CL,Yes,1919,https://www.devonlibraries.org.uk/web/arena/uffculmelibrary,way,406432628,Q55121741,122
Bethnal Green library,London Borough of Tower Hamlets,England,"Cambridge Heath Road, London",London,E2 0HL,51.5264374,-0.0537393,LAL,Yes,1922,http://www.ideastore.co.uk/,way,106611882,Q27087071,6
Sparkhill Library,Birmingham City Council,England,"641 Stratford Road, Birmingham",Birmingham,B11 4EA,52.449553,-1.86447,LAL,Yes,1923,,way,63942083,Q20031717,92
Buckfastleigh,Devon County Council,England,"Town Hall, Bossell Road, Buckfastleigh",Buckfastleigh,TQ11 0DD,50.480341,-3.780768,CL,Yes,1924,https://www.devonlibraries.org.uk/web/arena/Buckfastleighlibrary,node,325204341,Q55121701,40
Okehampton,Devon County Council,England,"4 North Street, Okehampton",Okehampton,EX20 1AR,50.740737,-4.001829,CL,Yes,1924,https://www.devonlibraries.org.uk/web/arena/okehamptonlibrary,node,603230270,Q55121724,105
Earlsfield Library,London Borough of Wandsworth,England,"276 Magdalen Road, Earlsfield",Earlsfield,SW18 3NY,51.44213,-0.18718,CL,Yes,1926,,way,568591183,Q55125904,51
Ward End Library,Birmingham City Council,England,"Washwood Heath Road, Birmingham",Birmingham,B8 2HF,52.494768,-1.835398,LAL,Yes,1928,,way,77893117,Q55173263,35
Chudleigh,Devon County Council,England,"Market Way, Chudleigh",Chudleigh,TQ13 0HL,50.606127,-3.601252,CL,Yes,1928,https://www.devonlibraries.org.uk/web/arena/chudleighlibrary,node,301413301,Q55121704,97
Horfield,Bristol City Council,England,"Filton Avenue, Horfield",Horfield,BS7 0BD,51.495073,-2.573775,LAL,Yes,1931,,way,648513219,Q55173341,42
Norbury,London Borough of Croydon,England,"Beatrice Avenue, Norbury",Norbury,SW16 4UW,51.4055963,-0.1206298,LAL,Yes,1931,https://www.croydon.gov.uk/,way,27217741,Q55125404,11
Acocks Green Library,Birmingham City Council,England,"Shirley Road, Birmingham",Birmingham,B27 7XH,52.445041,-1.824157,LAL,Yes,1932,,way,31346958,Q55173220,65
Surbiton Library,Royal Borough of Kingston upon Thames,England,"Ewell Rd, Surbiton",Surbiton,KT6 6AG,51.3927915,-0.2981479,LAL,Yes,1932,https://llc.ent.sirsidynix.net.uk/client/en_GB/kingston/?rm=SURBITON+LIBRA0%7C%7C%7C1%7C%7C%7C0%7C%7C%7Ctrue&dt=list,node,12923359174,Q55125683,6
Marksbury Road,Bristol City Council,England,"Marksbury Road, Bedminster",Bedminster,BS3 5LG,51.43358,-2.602149,LAL,Yes,1933,,way,402271431,Q55173351,23
Wick Road,Bristol City Council,England,"Wick Road, Bristlington",Bristlington,BS4 4HE,51.438602,-2.551675,LAL,Yes,1933,,way,893661396,Q55173367,82
Sea Mills,Bristol City Council,England,"Sylvan Way, Sea Mills",Sea Mills,BS9 2NA,51.491708,-2.648215,LAL,Yes,1934,,way,261969053,Q55173356,78
Perry Common Library,Birmingham City Council,England,"College Road , Birmingham",Birmingham,B44 0HH,52.534245,-1.879276,LAL,Yes,1934,,,,,
Greenwood Avenue Library,Hull City Council,England,"220 Greenwood Avenue, Hull",Hull,HU6 9RU,53.782448,-0.372837,CL,Yes,1935,https://www.hcandl.co.uk/libraries,way,300222500,Q54810725,3
Cosham Library,Portsmouth City Council,England,"Spur Road, Portsmouth",Portsmouth,PO6 3EB,50.8468323,-1.0673866,LAL,Yes,1935,https://www.portsmouth.gov.uk/ext/libraries/libraries,way,265887071,Q55183861,1
Yardley Wood Library,Birmingham City Council,England,"Highfield Road, Birmingham",Birmingham,B14 4DU,52.418648,-1.859168,LAL,Yes,1936,,way,103396015,Q55173268,61
Coulsdon,London Borough of Croydon,England,"Brighton Road, Coulsdon",Coulsdon,CR5 2NH,51.3200022,-0.1386687,LAL,Yes,1936,https://www.croydon.gov.uk/,way,325114774,Q55125401,4
Purley,London Borough of Croydon,England,"Banstead Road, Purley",Purley,CR8 3YH,51.339144,-0.1186688,LAL,Yes,1936,https://www.croydon.gov.uk/,way,616777300,Q27086972,5
Sanderstead,London Borough of Croydon,England,"Farm Fields, South Croydon",South Croydon,CR2 0HL,51.3408194,-0.0855334,LAL,Yes,1936,https://www.croydon.gov.uk/,way,205703501,Q55125406,1
Shirley,London Borough of Croydon,England,"Wickham Road/Hartland Way, Croydon",Croydon,CR0 8BH,51.3752798,-0.0452572,LAL,Yes,1937,https://www.croydon.gov.uk/,node,5959533598,Q55125414,10
Chagford,Devon County Council,England,"Jubilee Hall, Chagford",Chagford,TQ13 8DP,50.67203,-3.838878,CL,Yes,1937,https://www.devonlibraries.org.uk/web/arena/chagfordlibrary,way,158597796,Q55121703,3
South Yardley Library,Birmingham City Council,England,"Yardley Road, Birmingham",Birmingham,B25 8LT,52.46003,-1.816704,LAL,Yes,1939,,way,60905402,,120
New Malden Library,Royal Borough of Kingston upon Thames,England,"Kingston Road, New Malden",New Malden,KT3 3LY,51.3992977,-0.260799,LAL,Yes,1941,https://llc.ent.sirsidynix.net.uk/client/en_GB/kingston/?rm=NEW+MALDEN+LIB0%7C%7C%7C1%7C%7C%7C0%7C%7C%7Ctrue&dt=list,node,9330461891,,9
Banstead,Surrey County Council,England,"The Horseshoe , Banstead",Banstead,SM7 2AW,51.3217952,-0.20572,LAL,Yes,1945,https://www.surreycc.gov.uk/libraries/your-library/find-your-nearest/banstead,way,314255752,Q55121867,11
Haslemere,Surrey County Council,England,"91 Wey Hill , Haslemere",Haslemere,GU27 1HP,51.0877984,-0.7284325,LAL,Yes,1947,https://www.surreycc.gov.uk/libraries/your-library/find-your-nearest/haslemere,way,133319356,Q55121891,1
Ampthill Library,Central Bedfordshire Council,England,"1 Dunstable Street, Ampthill",Ampthill,MK45 2NL,52.0260284,-0.4954502,LAL,Yes,1950,http://virtual-library.culturalservices.net/cgi-bin/vlib.sh,node,970053276,Q55183531,5
Leatherhead,Surrey County Council,England,"The Mansion , Leatherhead",Leatherhead,KT22 8DP,51.2935555,-0.3289241,LAL,Yes,1950,https://www.surreycc.gov.uk/libraries/your-library/find-your-nearest/leatherhead,node,271379878,Q55121896,26
Sandal,Wakefield Metropolitan District Council,England,"Sparable Lane , Wakefield",Wakefield,WF1 5LJ,53.6677972,-1.4860478,LAL,Yes,1951,http://www.wakefield.gov.uk/libraries-and-local-history/your-local-library/sandal-library,way,23400059,Q47413572,1
Tudor Drive Library,Royal Borough of Kingston upon Thames,England,"Tudor Drive, Kingston",Kingston,KT2 5QH,51.4263199,-0.2975043,LAL,Yes,1951,https://llc.ent.sirsidynix.net.uk/client/en_GB/kingston/?rm=TUDOR+DRIVE+LI0%7C%7C%7C1%7C%7C%7C0%7C%7C%7Ctrue&dt=list,way,662740247,Q55125687,4
Farnham,Surrey County Council,England,"Vernon House, 28 West Street , Farnham",Farnham,GU9 7DR,51.2134798,-0.8034502,LAL,Yes,1951,https://www.surreycc.gov.uk/libraries/your-library/find-your-nearest/farnham,way,1278088274,Q55121886,26
Glebe Farm Library,Birmingham City Council,England,"Glebe Farm Road , Birmingham",Birmingham,B33 9NA,52.490473,-1.794595,LAL,Yes,1952,,way,123383683,Q55173234,158
Southfields Library,London Borough of Wandsworth,England,"300 Wimbledon Park Road, Southfields",Southfields,SW19 6NL,51.444452,-0.207216,CL,Yes,1955,,way,431525751,Q55125911,144
Esher,Surrey County Council,England,"Old Church Path, Esher",Esher,KT10 9NS,51.3696101,-0.3636253,LAL,Yes,1955,https://www.surreycc.gov.uk/libraries/your-library/find-your-nearest/esher,way,796460351,Q55121884,1
Lingfield,Surrey County Council,England,"The Guest House Vicarage Road, Lingfield",Lingfield,RH7 6HA,51.1768447,-0.014603,CRL,Yes,1955,https://www.surreycc.gov.uk/libraries/your-library/find-your-nearest/lingfield,way,178997641,Q55121898,4
Hillfields,Bristol City Council,England,"Summerleaze, Hillfields",Hillfields,BS16 4HL,51.474907,-2.517138,LAL,Yes,1956,,way,670069610,Q55173340,60
Potton Library,Central Bedfordshire Council,England,"Clock House, Potton",Potton,SG19 2NP,52.127674,-0.214166,LAL,Yes,1956,http://virtual-library.culturalservices.net/cgi-bin/vlib.sh,node,371424304,Q55183551,2
Sheldon Library,Birmingham City Council,England,"Brays Road , Birmingham",Birmingham,B26 2RJ,52.461874,-1.783041,LAL,Yes,1956,,way,85411225,Q55173252,49
Elm Park Library,London Borough of Havering,England,"St Nicholas Avenue, Hornchurch",Hornchurch,RM12 4PT,51.551987,0.198183,LAL,Yes,1956,https://www.havering.gov.uk/libraries,way,93267459,Q55125593,64
Old Malden Library,Royal Borough of Kingston upon Thames,England,"Church Rd, Worcester Road",Surrey,KT4 7RD,51.3838519,-0.2548647,LAL,Yes,1956,https://llc.ent.sirsidynix.net.uk/client/en_GB/kingston/?rm=OLD+MALDEN+LIB0%7C%7C%7C1%7C%7C%7C0%7C%7C%7Ctrue&dt=list,,,,
Bookham,Surrey County Council,England,"Townshott Close , Great Bookham",Great Bookham,KT23 4DQ,51.2784457,-0.3754407,LAL,Yes,1956,https://www.surreycc.gov.uk/libraries/your-library/find-your-nearest/bookham,node,293976638,Q55121869,8
Byfleet,Surrey County Council,England,"High Road, Byfleet",Byfleet,KT14 7QN,51.3393628,-0.4752098,CRL,Yes,1957,https://www.surreycc.gov.uk/libraries/your-library/find-your-nearest/byfleet,node,2097921731,,4
Filwood,Bristol City Council,England,"Filwood Broadway, Filwood",Filwood,BS4 1JN,51.424778,-2.585997,LAL,Yes,1960,,,,,
Kempston Library,Bedford Borough Council,England,"Halsey Road, Bedford",Bedford,MK42 8AU,52.121107,-0.493452,LAL,Yes,1960,,way,246025578,Q55163422,96
Boldmere Library,Birmingham City Council,England,"119 Boldmere Road , Birmingham",Birmingham,B73 5TU,52.547064,-1.840576,LAL,Yes,1960,,way,83403590,Q55173227,13
Harold Wood Library,London Borough of Havering,England,"Arundel Road, Romford",Romford,RM3 0RX,51.595461,0.234283,LAL,Yes,1960,https://www.havering.gov.uk/libraries,way,93267454,Q55125600,132
Brandon Library,London Borough of Southwark,England,"Maddock Way, Cooks Road, Southwark",Southwark,SE17 3NH,51.4823705,-0.1029439,LAL,Yes,1960,https://www.southwark.gov.uk/libraries/find-a-library?chapter=3,way,38763432,Q55125808,0
Tattenhams,Surrey County Council,England,"Tattenham Crescent , Epsom Downs",Epsom Downs,KT18 5NU,51.3101646,-0.2393037,CRL,Yes,1960,https://www.surreycc.gov.uk/libraries/your-library/find-your-nearest/tattenhams,way,776303047,,7
Denton Burn Library,Newcastle City Council,England,"West Road , Newcastle upon Tyne ",Newcastle upon Tyne,NE15 7QQ,54.983066,-1.6872984,LAL,Yes,1961,http://www.newcastle.gov.uk/leisure-libraries-and-tourism/libraries,way,257117604,Q44094860,2
Tower Hill Library,Birmingham City Council,England,"Tower Hill, Birmingham",Birmingham,B42 1LG,52.533623,-1.920069,LAL,Yes,1961,,way,92792244,Q55173258,74
Kettlethorpe,Wakefield Metropolitan District Council,England,"Standbridge Lane , Wakefield",Wakefield,WF2 7NW,53.643592,-1.511929,ICL,No,1961,,,,,
Roehampton Library,London Borough of Wandsworth,England,"2 Danebury Avenue, Roehampton",Roehampton,SW15 4HD,51.449809,-0.242108,CL,Yes,1961,,node,4567034588,Q55125909,4
Ash,Surrey County Council,England,"Ash Street , Ash",Ash,GU12 6LF,51.2459175,-0.7257367,LAL,Yes,1961,https://www.surreycc.gov.uk/libraries/your-library/find-your-nearest/ash,way,1271708265,Q55121862,7
Hersham,Surrey County Council,England,"Molesey Road, Hersham",Hersham,KT12 4RF,51.3690975,-0.3954661,LAL,Yes,1961,https://www.surreycc.gov.uk/libraries/your-library/find-your-nearest/hersham,node,253265206,Q55121892,4
Bishopsworth,Bristol City Council,England,"Bishopsworth Road, Bishopsworth",Bishopsworth,BS13 7LN,51.420574,-2.616521,LAL,Yes,1962,,way,402537752,Q55173327,176
Hall Green Library,Birmingham City Council,England,"1221 Stratford Road , Birmingham",Birmingham,B28 9AD,52.433903,-1.846626,LAL,Yes,1962,,way,58777835,Q55173236,29
Gidea Park Library,London Borough of Havering,England,"Balgores Lane, Romford",Romford,RM2 6BS,51.579997,0.205887,LAL,Yes,1962,https://www.havering.gov.uk/libraries,way,93267455,Q55125597,1
Ashford,Surrey County Council,England,"Church Road , Ashford",Ashford,TW15 2XB,51.4337562,-0.4641428,LAL,Yes,1962,https://www.surreycc.gov.uk/libraries/your-library/find-your-nearest/ashford,way,351521105,Q55121863,1
Godalming,Surrey County Council,England,"22 Bridge Street , Godalming",Godalming,GU7 1HT,51.1876907,-0.6092787,LAL,Yes,1962,https://www.surreycc.gov.uk/libraries/your-library/find-your-nearest/godalming,way,402531538,Q55121889,9
North End Library,Portsmouth City Council,England,"Gladys Avenue, Portsmouth",Portsmouth,PO2 9AX,50.817274,-1.0800846,LAL,Yes,1963,https://www.portsmouth.gov.uk/ext/libraries/libraries,node,1299346890,Q55183864,10
Bradmore Green,London Borough of Croydon,England,"Bradmore Way, Coulsdon",Coulsdon,CR5 1PE,51.3075646,-0.1239772,LAL,Yes,1963,https://www.croydon.gov.uk/,node,683392235,Q55125395,3
South Hornchurch Library,London Borough of Havering,England,"Rainham Road, Rainham",Rainham,RM13 7RD,51.530215,0.187533,LAL,Yes,1963,https://www.havering.gov.uk/libraries,way,93267458,Q55125609,2
Upminster Library,London Borough of Havering,England,"26 Corbets Tey Road, Upminster",Upminster,RM14 2BB,51.555151,0.248119,LAL,Yes,1963,https://www.havering.gov.uk/libraries,way,93267453,Q55125612,2
Kingsteignton,Devon County Council,England,"Newton Road, Kingsteignton",Kingsteignton,TQ12 3AL,50.545738,-3.596453,CL,Yes,1963,https://www.devonlibraries.org.uk/web/arena/kingsteigntonlibrary,node,617827546,Q55121721,15
Camberley,Surrey County Council,England,"Knoll Road , Camberley",Camberley,GU15 3SY,51.3387601,-0.7423791,LAL,Yes,1963,https://www.surreycc.gov.uk/libraries/your-library/find-your-nearest/camberley,way,166344296,Q55121873,3
Caterham Valley,Surrey County Council,England,"Stafford Road, Caterham",Caterham,CR3 6JG,51.2832937,-0.0801967,LAL,Yes,1963,https://www.surreycc.gov.uk/libraries/your-library/find-your-nearest/caterham-valley,node,251147296,Q55121875,18
Egham,Surrey County Council,England,"High Street , Egham",Egham,TW20 9EA,51.4323689,-0.5522477,LAL,Yes,1963,https://www.surreycc.gov.uk/libraries/your-library/find-your-nearest/egham,way,151529214,Q55121882,3
Horsley,Surrey County Council,England,"Parade Court, Ockham Road South , East Horsley",East Horsley,KT24 6QR,51.2766152,-0.4351487,LAL,Yes,1963,https://www.surreycc.gov.uk/libraries/your-library/find-your-nearest/horsley,node,312165905,Q55121894,2
Warlingham,Surrey County Council,England,"Shelton Avenue , Warlingham",Warlingham,CR6 9NF,51.3100992,-0.0571241,CRL,Yes,1963,https://www.surreycc.gov.uk/libraries/your-library/find-your-nearest/warlingham,way,279919082,Q55121918,2
Kent Elms,Southend-on-Sea Borough Council,England,"1 Rayleigh Road, Leigh-on-Sea",Leigh-on-Sea,SS9 5UU,51.5632362,0.6651896,LAL,Yes,1964,https://www.southend.gov.uk/libraries,way,93231894,Q53857962,3
Alderman Lacey Library,Portsmouth City Council,England,"Tangier Road, Portsmouth",Portsmouth,PO3 6HU,50.8079952,-1.0577709,LAL,Yes,1964,https://www.portsmouth.gov.uk/ext/libraries/libraries,node,35651696,Q55183859,4
Thurnscoe,Barnsley Metropolitan Borough Council,England,"2 Shepherd Lane, Rotherham",Rotherham,S63 0JS,53.5450262,-1.3112138,LAL,Yes,1964,,,,,
Kingstanding Library,Birmingham City Council,England,"Kingstanding Road , Birmingham",Birmingham,B44 9ST,52.55197,-1.885334,LAL,Yes,1964,,way,583191372,Q55173245,21
Collier Row Library,London Borough of Havering,England,"45 Collier Row Road, Romford",Romford,RM5 3NR,51.598611,0.161491,LAL,Yes,1964,https://www.havering.gov.uk/libraries,way,93267461,Q55125720,46
Caterham Hill,Surrey County Council,England,"Westway , Caterham Hill",Surrey,CR3 5TP,51.2875827,-0.0917053,LAL,Yes,1964,https://www.surreycc.gov.uk/libraries/your-library/find-your-nearest/caterham-hill,way,408737220,Q55121874,1
West Byfleet,Surrey County Council,England,"The Old Sorting Office, Rosemount Avenue, West Byfleet",West Byfleet,KT14 6LB,51.3378415,-0.5043753,LAL,Yes,1964,https://www.surreycc.gov.uk/libraries/your-library/find-your-nearest/west-byfleet,,,,
Culcheth Library,Warrington Borough Council,England,"Warrington Road, Culcheth",Culcheth,WA3 5SL,53.4525443,-2.5184159,CL,Yes,1965,https://livewirewarrington.co.uk/library/our-libraries/,way,564319888,Q55184287,7
Goxhill Library,North Lincolnshire Council,England,"The Parish Room, Howe Lane, Goxhill, Barrow-upon-Humber",Barrow-upon-Humber,DN19 7HS,53.6770798,-0.3343872,CRL,Yes,1965,https://www.opac.northlincs.gov.uk/-/goxhill-library#/,node,1638782882,Q55183791,6
Sandy Library,Central Bedfordshire Council,England,"Market Square, Sandy",Sandy,SG19 1EH,52.129397,-0.289506,LAL,Yes,1965,http://virtual-library.culturalservices.net/cgi-bin/vlib.sh,node,802886980,Q55183552,22
Darfield,Barnsley Metropolitan Borough Council,England,"Church Street, Barnsley",Barnsley,S73 9LG,53.5334979,-1.3733089,LAL,Yes,1965,,way,779920297,Q54672738,2
Dodworth,Barnsley Metropolitan Borough Council,England,"High Street, Barnsley",Barnsley,S75 3RF,53.542415,-1.526522,LAL,Yes,1965,,way,167997223,Q54672756,2
Worsbrough,Barnsley Metropolitan Borough Council,England,"Elm House Estate, Queensway, Barnsley",Barnsley,S70 5EN,53.5316818,-1.4643038,LAL,Yes,1965,,way,332448219,,1
Romford Central Library,London Borough of Havering,England,"St. Edwards Way, Romford",Romford,RM1 3AR,51.580776,0.183494,LAL,Yes,1965,https://www.havering.gov.uk/libraries,way,93267456,Q55125608,3
Exeter,Devon County Council,England,"Castle Street, Exeter",Exeter,EX4 3PQ,50.7251053,-3.5305119,CL,Yes,1965,https://www.devonlibraries.org.uk/web/arena/exeterlibrary,way,82405213,Q55121713,28
Pinhoe,Devon County Council,England,"Main Road, Exeter",Exeter,EX4 8HW,50.738818,-3.472044,CL,Yes,1965,https://www.devonlibraries.org.uk/web/arena/pinhoelibrary,way,1015939927,Q55121727,7
Oxted,Surrey County Council,England,"12 Gresham Road , Oxted",Oxted,RH8 0BQ,51.257686,9.93e-05,LAL,Yes,1965,https://www.surreycc.gov.uk/libraries/your-library/find-your-nearest/oxted,way,329949989,Q55121903,12
Shepperton,Surrey County Council,England,"40 High Street  , Shepperton",Shepperton,TW17 9AU,51.3943394,-0.4482146,LAL,Yes,1965,https://www.surreycc.gov.uk/libraries/your-library/find-your-nearest/shepperton,way,665124555,Q55121909,2
Weybridge,Surrey County Council,England,"Church Street , Weybridge",Weybridge,KT13 8DE,51.3720627,-0.4603037,LAL,Yes,1965,https://www.surreycc.gov.uk/libraries/your-library/find-your-nearest/weybridge,way,208429132,Q55121920,6
Kirton in Lindsey Library,North Lincolnshire Council,England,"20 King Edward Street, Kirton in Lindsey, Gainsborough",Gainsborough,DN21 4NQ,53.4773051,-0.5897507,LAL,Yes,1966,https://www.opac.northlincs.gov.uk/-/kirton-library#/,node,12849040734,,5
Dunstable Library,Central Bedfordshire Council,England,"The Dunstable Centre, Court Drive, Dunstable",Dunstable,LU5 4JD,51.889129,-0.520436,LAL,Yes,1966,http://virtual-library.culturalservices.net/cgi-bin/vlib.sh,node,14032253564,,150
Houghton Regis Library,Central Bedfordshire Council,England,"Bedford Square, Houghton Regis",Houghton Regis,LU5 5ES,51.904985,-0.519377,LAL,Yes,1966,http://virtual-library.culturalservices.net/cgi-bin/vlib.sh,node,3929766003,Q55183547,68
Stotfold Library,Central Bedfordshire Council,England,"Hitchin Road, Stotfold",Stotfold,SG5 4HP,52.015038,-0.233931,LAL,Yes,1966,http://virtual-library.culturalservices.net/cgi-bin/vlib.sh,,,,
Penistone,Barnsley Metropolitan Borough Council,England,"High Street, Sheffield",Sheffield,S36 6BR,53.5234463,-1.6302968,LAL,Yes,1966,,way,275438005,Q54672883,5
South Elmsall,Wakefield Metropolitan District Council,England,"Barnsley Road , Pontefract",Pontefract,WF9 2AA,53.5947824,-1.2941307,LAL,Yes,1966,http://www.wakefield.gov.uk/libraries-and-local-history/your-local-library/south-elmsall-library,way,561372134,Q47413589,1
Northam,Devon County Council,England,"Fore Street, Northam",Northam,EX39 1AW,51.039328,-4.213284,CL,Yes,1966,https://www.devonlibraries.org.uk/web/arena/northamlibrary,,,,
Bagshot,Surrey County Council,England,"63 High Street , Bagshot",Bagshot,GU19 5AH,51.361952,-0.6923183,CRL,Yes,1966,https://www.surreycc.gov.uk/libraries/your-library/find-your-nearest/bagshot-village,way,200020844,Q55121866,2
Bramley,Surrey County Council,England,"High Street , Bramley",Bramley,GU5 0HG,51.1930608,-0.5566654,CRL,Yes,1966,https://www.surreycc.gov.uk/libraries/your-library/find-your-nearest/bramley,node,345852908,Q55184871,1
Dittons,Surrey County Council,England,"Mercer Close, Thames Ditton",Thames Ditton,KT7 0BS,51.3873603,-0.3360738,LAL,Yes,1966,https://www.surreycc.gov.uk/libraries/your-library/find-your-nearest/dittons,way,290465755,Q55121880,161
Sunbury,Surrey County Council,England,"41-43 The Parade, Staines Road , West Staines",West Staines,TW16 7AB,51.4197591,-0.4210625,LAL,Yes,1966,https://www.surreycc.gov.uk/libraries/your-library/find-your-nearest/sunbury,way,346606119,Q55121913,1
Beechcroft Library,Swindon Borough Council,England,"Beechcroft Road, Stratton St. Margaret, Swindon",Swindon,SN2 7QQ,51.589663,-1.765074,ICL,No,1967,https://strattonstmargaret.gov.uk/beechcroft-library,node,1355726627,Q55184193,18
South Norwood,London Borough of Croydon,England,"Lawrence Road, South Norwood",South Norwood,SE25 5AA,51.3972995,-0.078706,LAL,Yes,1967,https://www.croydon.gov.uk/,way,223471766,Q7568046,3
Hornchurch Library,London Borough of Havering,England,"44 North Street, Hornchurch",Hornchurch,RM11 1TB,51.5649,0.220551,LAL,Yes,1967,https://www.havering.gov.uk/libraries,way,93267460,Q55125602,1
East Street Library,London Borough of Southwark,England,"168-170 Old Kent Road, Southwark",Southwark,SE1 5TY,51.4910481,-0.0819122,LAL,Yes,1967,https://www.southwark.gov.uk/libraries/find-a-library?chapter=7,,,,
Colyton,Devon County Council,England,"Market Place, Colyton",Colyton,EX24 6NQ,50.740033,-3.070259,CL,Yes,1967,https://www.devonlibraries.org.uk/web/arena/colytonlibrary,node,23071070,,20
Holsworthy,Devon County Council,England,"North Road, Holsworthy",Holsworthy,EX22 6HA,50.810827,-4.35282,CL,Yes,1967,https://www.devonlibraries.org.uk/web/arena/holsworthylibrary,node,1844294642,,1
Frimley Green,Surrey County Council,England,"Beech Road, Frimley Green",Frimley Green,GU16 6LQ,51.3028029,-0.7251863,LAL,Yes,1967,https://www.surreycc.gov.uk/libraries/your-library/find-your-nearest/frimley-green,node,902522888,Q55121888,6
Burtonwood Library,Warrington Borough Council,England,"Chapel Lane, Burtonwood",Burtonwood,WA5 4PS,53.4302804,-2.6562915,CL,Yes,1968,https://livewirewarrington.co.uk/library/our-libraries/,way,865984512,,1
Lymm Library,Warrington Borough Council,England,"Davies Way, Lymm",Lymm,WA13 0QW,53.381986,-2.4814408,CL,Yes,1968,https://livewirewarrington.co.uk/library/our-libraries/,way,567960379,,8
Penketh Library,Warrington Borough Council,England,"Honiton Way, Penketh",Penketh,WA5 2EY,53.3865749,-2.6560255,CL,Yes,1968,https://livewirewarrington.co.uk/library/our-libraries/,way,31429352,Q55184294,5
Uppingham,Rutland County Council,England,"Queen Street, Uppingham",Uppingham,LE15 9QR,52.5877383,-0.7208001,LAL,Yes,1968,https://emlib.ent.sirsidynix.net.uk/client/en_GB/rutland/,node,18352760,Q55183940,18
Clifton,Bristol City Council,England,"Princess Victoria Street, Clifton",Clifton,BS8 4BX,51.454364,-2.620427,LAL,Yes,1968,,way,87324652,Q26498061,57
Putnoe Library,Bedford Borough Council,England,"Library Walk, Bedford",Bedford,MK41 8HQ,52.154873,-0.440837,LAL,Yes,1968,,way,133399959,Q55163423,59
Biggleswade Library,Central Bedfordshire Council,England,"Chestnut Avenue, Biggleswade",Biggleswade,SG18 0LL,52.087799,-0.259387,LAL,Yes,1968,http://virtual-library.culturalservices.net/cgi-bin/vlib.sh,way,82081648,Q55183539,35
Alkrington Library,Rochdale Metropolitan Borough Council,England,"Kirkway, Middleton",Middleton,M24 1LW,53.537273,-2.19261,LAL,Yes,1968,,way,1277881704,,61
Budleigh Salterton,Devon County Council,England,"Station Road, Budleigh Salterton",Budleigh Salterton,EX9 6RH,50.630092,-3.327956,CL,Yes,1968,https://www.devonlibraries.org.uk/web/arena/budleighsaltertonlibrary,node,9178379980,Q55121702,4
Epworth Library,North Lincolnshire Council,England,"Chapel Street, Epworth, Doncaster",Doncaster,DN9 1HQ,53.5237358,-0.82169,LAL,Yes,1969,https://www.opac.northlincs.gov.uk/-/epworth-library#/,,,,
Newport Pagnell Library,Milton Keynes Council,England,"St. John Street, Milton Keynes",Milton Keynes,MK16 8HQ,52.0862,-0.720693,LAL,Yes,1969,http://www.milton-keynes.gov.uk/libraries,way,591360686,Q55183712,7
Northcote Library,London Borough of Wandsworth,England,"155e Northcote Road, Northcote",Northcote,SW11 6RD,51.4551556,-0.1643393,CL,Yes,1969,,way,184602488,,1
Topsham,Devon County Council,England,"Nelson Close, Topsham",Topsham,EX3 0DX,50.68524,-3.468271,CL,Yes,1969,https://www.devonlibraries.org.uk/web/arena/topshamlibrary,node,290013830,Q55121738,71
Brecon Library,Powys County Council,Wales,"Ship Street, Brecon",Brecon,LD3 9AE,51.9479301,-3.3921525,LAL,Yes,1969,http://www.powys.gov.uk/en/libraries/find-nearest-library/brecon-library/,,,,
Henleaze,Bristol City Council,England,"Northumbria Drive, Henleaze",Henleaze,BS9 4HP,51.481588,-2.612343,LAL,Yes,1970,,way,249195903,Q55173338,102
Greasbrough Library,Rotherham Metropolitan Borough Council,England,"Coach Road, Greasbrough",Greasbrough,S61 4PU,53.453796,-1.370321,LAL,Yes,1970,,way,712444886,,149
Wath Library,Rotherham Metropolitan Borough Council,England,"Montgomery Square, Wath",Wath,S63 7RZ,53.502566,-1.344828,LAL,Yes,1970,,way,1064617916,Q54807469,26
Braunton,Devon County Council,England,"Chaloners Road, Braunton",Braunton,EX33 2ES,51.110804,-4.161179,CL,Yes,1970,https://www.devonlibraries.org.uk/web/arena/brauntonlibrary,way,237079872,Q55121700,165
Sidmouth,Devon County Council,England,"Blackmore Drive, Sidmouth",Sidmouth,EX10 8LA,50.681281,-3.238243,CL,Yes,1970,https://www.devonlibraries.org.uk/web/arena/southmoltonlibrary,node,3661939410,Q55121732,25
Cranleigh,Surrey County Council,England,"16 High Street , Cranleigh ",Cranleigh,GU6 8AE,51.140608,-0.4870391,LAL,Yes,1970,https://www.surreycc.gov.uk/libraries/your-library/find-your-nearest/cranleigh,way,183453160,Q55121879,2
Bracknell Central,Bracknell Forest Council,England,"Town Square, Bracknell",Bracknell,RG12 1BH,51.417915,-0.747917,LAL,Yes,1971,https://capitadiscovery.co.uk/bracknellforest/,way,72350170,Q55173293,3
Arlesey Library Access Point,Central Bedfordshire Council,England,"High Street, Arlesey ",Arlesey,SG15 6SN,52.010713,-0.26234,CRL,Yes,1971,http://virtual-library.culturalservices.net/cgi-bin/vlib.sh,node,21507423,,141
Kimberworth Library,Rotherham Metropolitan Borough Council,England,"Church Street, Kimberworth",Kimberworth,S61 1HA,53.433447,-1.393094,LAL,Yes,1971,,node,5570379959,Q54807354,30
Battersea Park Library,London Borough of Wandsworth,England,"309 Battersea Park Road, London",London,SW11 4NF,51.4743882,-0.1544238,CL,Yes,1971,,way,431085581,Q27971953,7
Axminster,Devon County Council,England,"South Street, Axminster",Axminster,EX13 5AD,50.781326,-2.997717,CL,Yes,1971,https://www.devonlibraries.org.uk/web/arena/axminsterlibrary,,,,
Combe Martin,Devon County Council,England,"Westbourne Terrace, High Street, Combe Martin",Combe Martin,EX34 0EQ,51.201225,-4.027501,CL,Yes,1971,https://www.devonlibraries.org.uk/web/arena/combemartinlibrary,way,1017338286,Q55121708,3
Haxey Library,North Lincolnshire Council,England,"The Memorial Hall, Haxey, Doncaster",Doncaster,DN9 2HH,53.4896938,-0.8412711,CRL,Yes,1972,https://www.opac.northlincs.gov.uk/-/haxey-library#/,node,11190521192,,2
Oakham,Rutland County Council,England,"Catmos Street, Oakham",Oakham,LE15 6HW,52.6693737,-0.7258676,LAL,Yes,1972,https://emlib.ent.sirsidynix.net.uk/client/en_GB/rutland/,way,101326490,,7
Henbury,Bristol City Council,England,"Crow Lane, Henbury",Henbury,BS10 7DR,51.509437,-2.620469,LAL,Yes,1972,,way,338067610,Q55173337,75
Moredon and Rodbourne Cheney Library,Swindon Borough Council,England,"Church Walk North , Swindon",Swindon,SN25 3DJ,51.58465,-1.801066,ICL,No,1972,https://www.centralswindonnorth-pc.gov.uk/parish-libraries/,way,251209780,,111
Bedford Central Library,Bedford Borough Council,England,"Harpur Street, Bedford",Bedford,MK40 1PG,52.1363135,-0.4682095,LAL,Yes,1972,,way,133256068,Q29042691,18
Toddington Library,Central Bedfordshire Council,England,"9 Market Square, Toddington",Toddington,LU5 6BP,51.948928,-0.531662,LAL,Yes,1972,http://virtual-library.culturalservices.net/cgi-bin/vlib.sh,way,1293087998,,21
Ryhall,Rutland County Council,England,"Coppice Road, Ryhall",Ryhall,PE9 4HY,52.6839075,-0.4686873,LAL,Yes,1973,https://emlib.ent.sirsidynix.net.uk/client/en_GB/rutland/,way,482732349,Q55183939,1
Barton Library,Central Bedfordshire Council,England,"Bedford Road, Barton",Barton,MK45 4PP,51.967748,-0.426602,LAL,Yes,1973,http://virtual-library.culturalservices.net/cgi-bin/vlib.sh,way,84344579,Q55183536,53
Teignmouth,Devon County Council,England,"Fore Street, Teignmouth",Teignmouth,TQ14 8DY,50.547611,-3.498163,CL,Yes,1973,https://www.devonlibraries.org.uk/web/arena/teignmouthlibrary,way,640389825,Q55121737,61
Ings Library,Hull City Council,England,"Savoy Road, Hull",Hull,HU8 0TY,53.770835,-0.29021,CL,Yes,1974,https://www.hcandl.co.uk/libraries,way,550854256,Q54810736,6
Messingham Community Hub,North Lincolnshire Council,England,"Wendover Road, Messingham",Messingham,DN17 3SN,53.5297812,-0.6535156,CRL,Yes,1974,https://www.opac.northlincs.gov.uk/-/messingham-library#/,node,4035753356,Q55183799,3
Scunthorpe Central,North Lincolnshire Council,England,"Carlton Street, Scunthorpe",Scunthorpe,DN15 6TX,53.5924017,-0.6434134,LAL,Yes,1974,https://www.opac.northlincs.gov.uk/-/scunthorpe-central#/,way,35820706,,3
Ketton,Rutland County Council,England,"High Street, Ketton",Ketton,PE9 3TE,52.628572,-0.5528843,LAL,Yes,1974,https://emlib.ent.sirsidynix.net.uk/client/en_GB/rutland/,node,6157577257,Q55183935,9
Quinton Library,Birmingham City Council,England,"Ridgacre Road, Birmingham",Birmingham,B32 2TW,52.460274,-1.987181,LAL,Yes,1974,,way,425100061,Q55173248,103
Sutton Coldfield Library,Birmingham City Council,England,"Lower Parade, Birmingham",Birmingham,B72 1XX,52.562616,-1.823238,LAL,Yes,1974,,way,58559937,Q55173257,33
Honiton,Devon County Council,England,"48-50 New Street, Honiton",Honiton,EX14 1BS,50.798355,-3.188097,CL,Yes,1974,https://www.devonlibraries.org.uk/web/arena/honitonlibrary,way,1505111283,Q55121716,77
Kingsbridge,Devon County Council,England,"Ilbert Road, Kingsbridge",Kingsbridge,TQ7 1EB,50.282862,-3.777681,CL,Yes,1974,https://www.devonlibraries.org.uk/web/arena/kingsbridgelibrary,node,917095514,,38
Ashtead,Surrey County Council,England,"Woodfield Lane, Ashtead",Ashtead,KT21 2BQ,51.3140887,-0.3034682,LAL,Yes,1974,https://www.surreycc.gov.uk/libraries/your-library/find-your-nearest/ashtead,way,136939618,Q55121864,10
Chertsey,Surrey County Council,England,"Guildford Street , Chertsey",Chertsey,KT16 9BE,51.388862,-0.5062644,LAL,Yes,1974,https://www.surreycc.gov.uk/libraries/your-library/find-your-nearest/chertsey,way,160057041,Q55121876,8
Ewell,Surrey County Council,England,"Bourne Hall, Spring Street, Ewell",Ewell,KT17 1UF,51.3503769,-0.252282,LAL,Yes,1974,https://www.surreycc.gov.uk/libraries/your-library/find-your-nearest/ewell,way,28016721,,8
Ewell Court,Surrey County Council,England,"Ewell Court House, Lakehurst Road, Ewell",Ewell,KT19 0EB,51.3616833,-0.2609446,CRL,Yes,1974,https://www.surreycc.gov.uk/libraries/your-library/find-your-nearest/ewell-court,node,469390529,Q26671827,3
Guildford,Surrey County Council,England,"77 North Street , Guildford",Guildford,GU1 4AL,51.2366795,-0.5717462,LAL,Yes,1974,https://www.surreycc.gov.uk/libraries/your-library/find-your-nearest/guildford,node,290365059,Q55121890,20
Molesey,Surrey County Council,England,"The Forum, 227-229 Walton Road , West Molesey",West Molesey,KT8 2HZ,51.4022257,-0.362909,LAL,Yes,1974,https://www.surreycc.gov.uk/libraries/your-library/find-your-nearest/molesey,node,1779488303,Q55121900,11
New Haw,Surrey County Council,England,"The Broadway , New Haw",New Haw,KT15 3HA,51.3491431,-0.5035051,CRL,Yes,1974,https://www.surreycc.gov.uk/libraries/your-library/find-your-nearest/new-haw,way,259997770,Q55121901,7
Stoneleigh,Surrey County Council,England,"1 Stoneleigh Broadway , Stoneleigh",Stoneleigh,KT17 2JA,51.3634754,-0.2478333,CRL,Yes,1974,https://www.surreycc.gov.uk/libraries/your-library/find-your-nearest/stoneleigh,node,266702754,Q55121912,4
Bromham Library,Bedford Borough Council,England,"Springfield Drive, Bedford",Bedford,MK43 8NT,52.149693,-0.533588,LAL,Yes,1975,,way,798376948,Q55163421,62
Kiveton Park Library,Rotherham Metropolitan Borough Council,England,"Wales Road, Kiveton Park",South Yorkshire,S26 6RB,53.340808,-1.276344,LAL,Yes,1975,,way,1170433494,,97
Swinton Library & Customer Service Centre,Rotherham Metropolitan Borough Council,England,"Station Street, Swinton",Swinton,S64 8PZ,53.486919,-1.313016,LAL,Yes,1975,,way,547945957,,59
Pontefract,Wakefield Metropolitan District Council,England,"Shoemarket , Pontefract",Pontefract,WF8 1BD,53.6918889,-1.3122634,LAL,Yes,1975,http://www.wakefield.gov.uk/libraries-and-local-history/your-local-library/pontefract-library,way,855720390,Q47413557,1
Blue Anchor Library,London Borough of Southwark,England,"Market Place, Southwark Park Road, Southwark",Southwark,SE16 3UQ,51.4928884,-0.063669,LAL,Yes,1975,https://www.southwark.gov.uk/libraries/find-a-library?chapter=2,way,614265535,Q55125740,10
Portsmouth Central Library,Portsmouth City Council,England,"Portsmouth City Council, Guildhall Square, Portsmouth",Portsmouth,PO1 2DX,50.7966272,-1.0916572,LAL,Yes,1976,https://www.portsmouth.gov.uk/ext/libraries/libraries,node,179974765,,17
Barnstaple,Devon County Council,England,"North Devon Library & Record Office, Tuly Street, Barnstaple",Barnstaple,EX31 1EL,51.0813148,-4.0624819,CL,Yes,1976,https://www.devonlibraries.org.uk/web/arena/barnstaplelibrary,way,30850624,,3
Exmouth,Devon County Council,England,"40 Exeter Road, Exmouth",Exmouth,EX8 1PS,50.621651,-3.411296,CL,Yes,1976,https://www.devonlibraries.org.uk/web/arena/exmouthlibrary,way,105880051,Q55121714,28
Bransholme Library,Hull City Council,England,"NorthPoint Shopping Centre, Goodhart Road,  Bransholme",Bransholme,HU7 4EF,53.786431,-0.322697,CL,Yes,1977,https://www.hcandl.co.uk/libraries,way,148594712,Q54810694,54
Small Heath Library,Birmingham City Council,England,"Muntz Street, Birmingham",Birmingham,B10 9RX,52.472924,-1.855021,LAL,Yes,1977,,,,,
John Harvard Library,London Borough of Southwark,England,"211 Borough High Street, Southwark",Southwark,SE1 1JA,51.5017687,-0.0919082,LAL,Yes,1977,https://www.southwark.gov.uk/libraries/find-a-library?chapter=9,node,9919427425,Q6238101,34
Crediton,Devon County Council,England,"Belle Parade, Crediton",Crediton,EX17 2AA,50.791252,-3.655573,CL,Yes,1977,https://www.devonlibraries.org.uk/web/arena/creditonlibrary,node,339759935,Q55121709,8
Virginia Water,Surrey County Council,England,"6 Station Parade , Virginia Water",Virginia Water,GU25 4AD,51.4018648,-0.5637628,CRL,Yes,1978,https://www.surreycc.gov.uk/libraries/your-library/find-your-nearest/virginia-water,node,12917376754,,7
Leighton Buzzard Library,Central Bedfordshire Council,England,"Lake Street, Leighton Buzzard",Leighton Buzzard,LU7 1RX,51.915023,-0.659049,LAL,Yes,1979,http://virtual-library.culturalservices.net/cgi-bin/vlib.sh,way,136546325,Q55183548,101
Stockwood,Bristol City Council,England,"Stockwood Road, Stockwood",Stockwood,BS14 8PL,51.412449,-2.547289,LAL,Yes,1981,,way,663941976,Q55173363,30
Liden Library,Swindon Borough Council,England,"Barrington Close, Swindon",Swindon,SN3 6HF,51.546516,-1.728825,ICL,No,1981,,way,208838797,Q55184178,171
Central Milton Keynes Library,Milton Keynes Council,England,"555 Silbury Boulevard, Milton Keynes",Milton Keynes,MK9 3HL,52.043647,-0.759571,LAL,Yes,1981,http://www.milton-keynes.gov.uk/libraries,way,1493537225,,2
Frankley Library,Birmingham City Council,England,"New Street , Birmingham",Birmingham,B45 0EU,52.40489,-2.016646,LAL,Yes,1981,,node,5013370943,,119
Padgate Library,Warrington Borough Council,England,"Install Road, Padgate",Padgate,WA2 0HD,53.4111848,-2.5598915,CL,Yes,1982,https://livewirewarrington.co.uk/library/our-libraries/,node,1335938222,Q55184293,6
Avenues Library,Hull City Council,England,"76 Chanterlands Avenue, Hull",Hull,HU5 3TS,53.755381,-0.373634,CL,Yes,1982,https://www.hcandl.co.uk/libraries,way,151733159,Q54810682,75
Flitwick Library,Central Bedfordshire Council,England,"Coniston Road, Flitwick",Flitwick,MK45 1QJ,52.001427,-0.498683,LAL,Yes,1982,http://virtual-library.culturalservices.net/cgi-bin/vlib.sh,way,613138326,Q55183544,165
Redhill,Surrey County Council,England,"Consort House, 5-7 Queensway, Redhill",Redhill,RH1 1YB,51.2410601,-0.1675304,LAL,Yes,1982,https://www.surreycc.gov.uk/libraries/your-library/find-your-nearest/redhill,way,316397587,Q55121906,12
Reigate,Surrey County Council,England,"Bancroft House Bancroft Road , Reigate",Reigate,RH2 7RP,51.2367919,-0.2031268,LAL,Yes,1982,https://www.surreycc.gov.uk/libraries/your-library/find-your-nearest/reigate,way,188203546,Q55121907,6
Wootton Library,Bedford Borough Council,England,"Lorraine Road, Bedford",Bedford,MK43 9LH,52.098766,-0.5289893,LAL,Yes,1983,,way,82853336,Q55163425,5
Staines,Surrey County Council,England,"Friends Walk , Staines",Staines,TW18 4PG,51.4323573,-0.5111179,LAL,Yes,1984,https://www.surreycc.gov.uk/libraries/your-library/find-your-nearest/staines,way,1413038724,,180
Birchwood Library,Warrington Borough Council,England,"Brock Road, Birchwood",Birchwood,WA3 7PT,53.4164259,-2.5288495,CL,Yes,1985,https://livewirewarrington.co.uk/library/our-libraries/,node,12791856124,Q55184285,91
West Swindon Library,Swindon Borough Council,England,"Link Centre, Whitehill Way, Swindon",Swindon,SN5 7DL,51.558357,-1.82866,LAL,Yes,1985,http://www.swindon.gov.uk/libraries,node,1386132575,Q55184196,127
Paulsgrove Library,Portsmouth City Council,England,"Marsden Road, Portsmouth",Portsmouth,PO6 4JB,50.848929,-1.0938512,LAL,Yes,1985,https://www.portsmouth.gov.uk/ext/libraries/libraries,,,,
Featherstone,Wakefield Metropolitan District Council,England,"Victoria Street (Off Station Lane) , Pontefract",Pontefract,WF7 5BB,53.6762313,-1.3583681,LAL,Yes,1985,http://www.wakefield.gov.uk/libraries-and-local-history/your-local-library/featherstone-library,way,568741499,Q47413462,0
Fred Moore Library,Hull City Council,England,"Wold Road, Hull",Hull,HU5 5UN,53.753098,-0.401736,CL,Yes,1987,https://www.hcandl.co.uk/libraries,way,304433524,Q54810722,69
Westbrook Library,Warrington Borough Council,England,"Westbrook Crescent, Westbrook",Westbrook,WA5 8UG,53.4083886,-2.6315646,CL,Yes,1988,https://livewirewarrington.co.uk/library/our-libraries/,way,31737323,Q55184300,5
Beddow Library,Portsmouth City Council,England,"Milton Road, Portsmouth",Portsmouth,PO4 8PR,50.7949308,-1.0591829,LAL,Yes,1990,https://www.portsmouth.gov.uk/ext/libraries/libraries,way,215651812,Q55183862,2
Shefford Library,Central Bedfordshire Council,England,"High Street, Shefford",Shefford,SG17 5DD,52.038172,-0.334537,LAL,Yes,1990,http://virtual-library.culturalservices.net/cgi-bin/vlib.sh,node,6754368338,Q55183555,24
Weoley Castle Library,Birmingham City Council,England,"76 Beckbury Road, Birmingham",Birmingham,B29 5HR,52.439036,-1.968049,LAL,Yes,1991,,way,141527401,Q55173265,91
Stanley,Wakefield Metropolitan District Council,England,"Lake Lock Road , Wakefield",Wakefield,WF3 4HU,53.7139461,-1.4769842,LAL,Yes,1991,http://www.wakefield.gov.uk/libraries-and-local-history/your-local-library/stanley-library,way,65493579,Q47413609,14
Woking,Surrey County Council,England,"Gloucester Walk, Woking",Woking,GU21 6EP,51.3204095,-0.5591484,LAL,Yes,1991,https://www.surreycc.gov.uk/libraries/your-library/find-your-nearest/woking,node,2593080504,Q55121921,8
Clevedon library,North Somerset  Council,England,"37 Old Church Road, Clevedon",Clevedon,BS21 6NN,51.4361012,-2.8550639,LAL,Yes,1992,https://n-somerset.gov.uk/directories/libraries/clevedon-library,way,446859035,Q55163602,9
Olney Library,Milton Keynes Council,England,"Olney Centre, High Street, Olney",Olney,MK46 4EF,52.156798,-0.701845,LAL,Yes,1992,http://www.milton-keynes.gov.uk/libraries,node,355866666,Q55183713,57
Ilfracombe,Devon County Council,England,"The Candar, Ilfracombe",Ilfracombe,EX34 9DS,51.209369,-4.120521,CL,Yes,1992,https://www.devonlibraries.org.uk/web/arena/ilfracombelibrary,node,308133196,Q55121717,17
Croydon Central,London Borough of Croydon,England,"Croydon Clocktower, Katharine Street",Croydon,CR9 1ET,51.3719105,-0.0995105,LAL,Yes,1993,https://www.croydon.gov.uk/,way,193799547,Q5189648,11
Goldthorpe,Barnsley Metropolitan Borough Council,England,"Barnsley Road, Rotherham",Rotherham,S63 9NE,53.5341111,-1.3055539,LAL,Yes,1994,,way,462076887,,5
Druids Heath Library,Birmingham City Council,England,"Idmiston Croft , Birmingham",Birmingham,B14 5NJ,52.407523,-1.889397,LAL,Yes,1994,,way,76350638,,33
Lightwater,Surrey County Council,England,"83A Guildford Road , Lightwater",Lightwater,GU18 5SB,51.3512966,-0.6652508,LAL,Yes,1994,https://www.surreycc.gov.uk/libraries/your-library/find-your-nearest/lightwater,,,,
Priory,Barnsley Metropolitan Borough Council,England,"Priory Campus, Pontefract Road, Barnsley",Barnsley,S71 5PN,53.5562293,-1.4407786,CL,Yes,1995,,,,,
Crofton,Wakefield Metropolitan District Council,England,"95a High Street, crofton parish centre, Wakefield",Wakefield,WF4 1JB,53.6542124,-1.4260755,ICL,No,1995,,,,,
Tolworth Community Library,Royal Borough of Kingston upon Thames,England,"The Broadway, Tolworth",Tolworth,KT6 7DJ,51.3810801,-0.2822545,LAL,Yes,1996,https://llc.ent.sirsidynix.net.uk/client/en_GB/kingston/?rm=TOLWORTH+LIBRA0%7C%7C%7C1%7C%7C%7C0%7C%7C%7Ctrue&dt=list,,,,
Broad Green,London Borough of Croydon,England,"89 Canterbury Road, Croydon",Croydon,CR0 3HH,51.3853783,-0.1171331,LAL,Yes,1998,https://www.croydon.gov.uk/,way,168695287,Q55125398,3
Gipsyville Library,Hull City Council,England,"728-730 Hessle High Road, Hull",Hull,HU4 6JA,53.732962,-0.386248,CL,Yes,1999,https://www.hcandl.co.uk/libraries,node,3070893950,Q54810724,107
Epsom,Surrey County Council,England,"6 Epsom Square, Epsom",Epsom,KT19 8AG,51.3342431,-0.266117,LAL,Yes,1999,https://www.surreycc.gov.uk/libraries/your-library/find-your-nearest/epsom,node,255136988,,16
Dinnington Library & Customer Service Centre,Rotherham Metropolitan Borough Council,England,"Laughton Road, Dinnington",Dinnington,S25 2PP,53.372376,-1.208623,LAL,Yes,2000,,way,936445741,,121
Tipton Library,Sandwell Metropolitan Borough Council,England,"Owen House, 17 Unity Walk, Tipton",Tipton,DY4 8QL,52.5292858,-2.0674184,LAL,Yes,2000,http://www.sandwell.gov.uk/info/200261/libraries_in_sandwell/827/tipton_library,node,271370993,,1
Peckham Library,London Borough of Southwark,England,"122 Peckham Hill Street, Southwark",Southwark,SE15 5JR,51.4743849,-0.0693488,LAL,Yes,2000,,way,19798157,Q3511923,12
York Gardens Library,London Borough of Wandsworth,England,"34 Lavender Road, Battersea",Battersea,SW11 2UG,51.467488,-0.175521,CL,Yes,2000,,way,93872293,Q55125918,155
Roundhouse,Barnsley Metropolitan Borough Council,England,"Roundhouse Lifelong Learning Centre, Laithe Crescent, Barnsley",Barnsley,S71 3AE,53.580796,-1.4789699,LAL,Yes,2001,,,,,
Normanton,Wakefield Metropolitan District Council,England,"Market Street , Wakefield",Wakefield,WF6 2AR,53.6988269,-1.4219769,LAL,Yes,2001,http://www.wakefield.gov.uk/libraries-and-local-history/your-local-library/normanton-library,way,173643506,Q47413530,13
Stoke Fleming,Devon County Council,England,"Village Hall, Dartmouth Road, Stoke Fleming",Stoke Fleming,TQ6 0QT,50.328027,-3.59769,CL,Yes,2001,https://www.devonlibraries.org.uk/web/arena/stokefleminglibrary,node,11845776354,,39
Tavistock,Devon County Council,England,"The Quay, Plymouth Road, Tavistock",Tavistock,PL19 8AB,50.547795,-4.147379,CL,Yes,2001,https://www.devonlibraries.org.uk/web/arena/tavistocklibrary,node,12148776498,,6
Cookham,Royal Borough of Windsor and Maidenhead,England,"High Road, Cookham Rise",Berkshire,SL6 9JF,51.556394,-0.725307,LAL,Yes,2002,,way,789070720,Q55114757,151
Mapplewell,Barnsley Metropolitan Borough Council,England,"Mapplewell & Staincross Village Hall, Darton Lane, Barnsley",Barnsley,S75 6AL,53.5859803,-1.5071691,LAL,Yes,2002,,node,2772181421,,8
Airedale,Wakefield Metropolitan District Council,England,"The Airedale Centre, The Square , Castleford",Castleford,WF10 3JJ,53.7239163,-1.3161976,LAL,Yes,2002,http://www.wakefield.gov.uk/libraries-and-local-history/your-local-library/airedale-library,,,,
Idea Store Bow,London Borough of Tower Hamlets,England,"1 Gladstone Place, Roman Road, London",London,E3 5ES,51.5324458,-0.0302027,LAL,Yes,2002,http://www.ideastore.co.uk/,node,307712798,Q55125877,46
Even Swindon Library,Swindon Borough Council,England,"Jennings Street, Swindon",Swindon,SN2 2BG,51.562958,-1.803685,ICL,No,2003,https://centralswindonnorth-pc.gov.uk/parish-libraries,,,,
Highworth Library,Swindon Borough Council,England,"Brewery Street, Highworth",Highworth,SN6 7AJ,51.628906,-1.709887,LAL,Yes,2003,http://www.swindon.gov.uk/libraries,node,2023233006,,92
North Swindon Library,Swindon Borough Council,England,"Thamesdown Drive, Swindon",Swindon,SN25 4AN,51.597122,-1.807364,LAL,Yes,2003,http://www.swindon.gov.uk/libraries,way,228446718,Q55184184,99
Castlepoint Library,"Bournemouth, Christchurch and Poole Council",England,"Castle Lane West, Bournemouth",Bournemouth,BH8 9UP,50.7513979,-1.8430211,LAL,Yes,2003,http://www.bournemouth.gov.uk/Libraries/MyLocalLibrary/CastlepointLibrary.aspx,way,143975293,Q55173272,8
Mere Green Library,Birmingham City Council,England,"Mere Green Road , Birmingham",Birmingham,B75 5BT,52.58746,-1.824961,LAL,Yes,2003,,way,150343724,Q55173246,204
Selsdon,London Borough of Croydon,England,"Addington Road, South Croydon",South Croydon,CR2 8LA,51.3424615,-0.0623479,LAL,Yes,2003,https://www.croydon.gov.uk/,node,2148446219,Q55125409,17
Tiverton,Devon County Council,England,"Phoenix House, Phoenix Lane, Tiverton",Tiverton,EX16 6SA,50.90142,-3.485074,CL,Yes,2003,https://www.devonlibraries.org.uk/web/arena/tivertonlibrary,node,47176054,Q47034680,14
St. Pauls,Bristol City Council,England,"94 Grosvenor Road , St. Pauls",St. Pauls,BS2 8XJ,51.464087,-2.582831,LAL,Yes,2004,,node,12694086565,Q55173362,19
Walmley Library,Birmingham City Council,England,"Walmley Road, Birmingham",Birmingham,B76 1NP,52.541124,-1.800713,LAL,Yes,2004,,way,58560318,,57
Idea Store Chrisp Street,London Borough of Tower Hamlets,England,"1 Vesey Path, London",London,E14 6BT,51.511563,-0.0144504,LAL,Yes,2004,http://www.ideastore.co.uk/,way,136547643,Q55125746,5
Cambourne Library,Cambridgeshire County Council,England,"Sackville House, Sackville Way, Cambourne",Cambourne,CB23 6HL,52.218778,-0.065978,LAL,Yes,2004,https://www.cambridgeshire.gov.uk/directory/listings/cambourne-library,way,4937629,Q26700513,12
Dartmouth,Devon County Council,England,"The Flavel, Flavel Place, Dartmouth",Dartmouth,TQ6 9ND,50.352061,-3.579182,CL,Yes,2004,https://www.devonlibraries.org.uk/web/arena/dartmouthlibrary,node,961721559,,5
Freedom Centre Library,Hull City Council,England,"The Freedom Centre, 95 Preston Road, Hull",Hull,HU9 3QB,53.758832,-0.283969,CL,Yes,2005,https://www.hcandl.co.uk/libraries,,,,
Campus,North Somerset  Council,England,"Highlands Lane, Weston-supe-Mare",Weston-supe-Mare,BS24 7DX,51.3527819,-2.9152234,LAL,Yes,2005,set.gov.uk/directories/libraries/campus-library,way,400557221,,3
Portsea Library,Portsmouth City Council,England,"C/O John Pounds Community Centre,  23 Queen Street, Portsmouth",Portsmouth,PO1 3HN,50.7990993,-1.0998879,LAL,Yes,2005,https://www.portsmouth.gov.uk/ext/libraries/libraries,,,,
Hook & Chessington Library,Royal Borough of Kingston upon Thames,England,"Hook Road, Hook, Chessington",Chessington,KT9 1EJ,51.3679193,-0.3060343,LAL,Yes,2005,https://llc.ent.sirsidynix.net.uk/client/en_GB/kingston/?rm=HOOK+AND+CHESS0%7C%7C%7C1%7C%7C%7C0%7C%7C%7Ctrue&dt=list,node,1044892519,,19
Idea Store Whitechapel,London Borough of Tower Hamlets,England,"321 Whitechapel Road, London",London,E1 1BU,51.519782,-0.0580161,LAL,Yes,2005,http://www.ideastore.co.uk/,way,8081646,Q55125876,15
Ashby Community Hub,North Lincolnshire Council,England,"Ashby High Street, Scunthorpe",Scunthorpe,DN16 2RY,53.5664658,-0.6535441,LAL,Yes,2006,https://www.opac.northlincs.gov.uk/-/ashby-library#/?location=Ashby%20Library,,,,
Knowle,Bristol City Council,England,"1st Floor, Broadwalk Shopping Centre , Knowle",Knowle,BS4 2QU,51.434425,-2.568009,LAL,Yes,2006,,node,1311796363,Q55173345,65
Yatton Library & Children's Centre,North Somerset  Council,England,"48 High Street, Yatton",Yatton,BS49 4HJ,51.3863852,-2.8179708,LAL,Yes,2006,http://www.n-somerset.gov.uk/services/yatton-library/,node,469269515,Q55163611,6
Cox Green,Royal Borough of Windsor and Maidenhead,England,"49 Highfield Lane, Maidenhead",Maidenhead,SL6 3AX,51.508436,-0.755411,LAL,Yes,2006,,node,627935025,Q55114758,144
Cudworth,Barnsley Metropolitan Borough Council,England,"Cudworth Centre of Excellence, Roberts Street, Barnsley",Barnsley,S72 8UQ,53.5768238,-1.4193452,LAL,Yes,2006,,way,388925645,,2
Grimethorpe,Barnsley Metropolitan Borough Council,England,"The Acorn Centre, High Street, Barnsley",Barnsley,S72 7BB,53.5753325,-1.3815565,LAL,Yes,2006,,,,,
Ashburton,London Borough of Croydon,England,"Shirley Road, Croydon",Croydon,CR9 7AL,51.3830767,-0.0631193,LAL,Yes,2006,https://www.croydon.gov.uk/,node,5956800817,Q55125706,77
Idea Store Canary Wharf,London Borough of Tower Hamlets,England,"Churchill Place, London",London,E14 5RB,51.5044133,-0.0145188,LAL,Yes,2006,http://www.ideastore.co.uk/,node,1936163397,Q55125879,18
Boscombe Library,"Bournemouth, Christchurch and Poole Council",England,"32 Hawkwood Road, Bournemouth ",Bournemouth,BH5 1BY,50.7267573,-1.8366002,LAL,Yes,2007,http://www.bournemouth.gov.uk/Libraries/MyLocalLibrary/BoscombeLibrary.aspx,node,825713262,Q55173271,2
Mowbray Gardens Library,Rotherham Metropolitan Borough Council,England,"Herringthorpe Valley Road, Rotherham",Rotherham,S65 2UH,53.439973,-1.322909,LAL,Yes,2007,,,,,
Upton,Wakefield Metropolitan District Council,England,"Waggon Lane , Pontefract",Pontefract,WF9 1JS,53.6180534,-1.272073,ICL,No,2007,,way,188093805,Q47413620,2
Knaphill,Surrey County Council,England,"4 Anchor Crescent , Knaphill",Knaphill,GU21 2PD,51.3184433,-0.6153762,LAL,Yes,2007,https://www.surreycc.gov.uk/libraries/your-library/find-your-nearest/knaphill,way,761842515,Q55121895,4
Swindon Central Library,Swindon Borough Council,England,"Regent Circus, Swindon",Swindon,SN1 1QG,51.558557,-1.781274,LAL,Yes,2008,http://www.swindon.gov.uk/libraries,way,60576479,Q28920237,2
Royston,Barnsley Metropolitan Borough Council,England,"Royston Lifelong Learning Centre, Station Road, Barnsley",Barnsley,S71 4EP,53.6000027,-1.4557041,LAL,Yes,2008,,way,1301739321,,5
Wickersley Library,Rotherham Metropolitan Borough Council,England,"286 Bawtry Road, Wickersley",Wickersley,S66 1JJ,53.421635,-1.278147,LAL,Yes,2008,,node,4051568890,,86
Hemsworth,Wakefield Metropolitan District Council,England,"Market Street, Hemsworth",Hemsworth,WF9 4JY,53.6131924,-1.3534721,LAL,Yes,2008,http://www.wakefield.gov.uk/libraries-and-local-history/your-local-library/pontefract-library,way,543958053,Q47413481,1
Ivybridge,Devon County Council,England,"The Watermark, Erme Court, Leonards Road, Ivybridge",Ivybridge,PL21 0SZ,50.389631,-3.919078,CL,Yes,2008,https://www.devonlibraries.org.uk/web/arena/ivybridgelibrary,way,1442909229,,2
South Molton,Devon County Council,England,"Amory Centre, 125 East Street, South Molton",South Molton,EX36 3BU,51.018133,-3.833107,CL,Yes,2008,https://www.devonlibraries.org.uk/web/arena/stthomaslibrary,node,1106151710,Q55121734,36
Addlestone,Surrey County Council,England,"Runnymede Civic Centre, Station Road , Addlestone",Addlestone,KT15 2AF,51.3709044,-0.4908441,LAL,Yes,2008,https://www.surreycc.gov.uk/libraries/your-library/find-your-nearest/addlestone,node,2109285598,Q55121861,3
Walton,Surrey County Council,England,"54 The Heart (off Hepworth Way), Walton-on-Thames",Walton-on-Thames,KT12 1GH,51.3854097,-0.4212682,LAL,Yes,2008,https://www.surreycc.gov.uk/libraries/your-library/find-your-nearest/walton,way,68894821,,57
For All Healthy Living Centre library,North Somerset  Council,England,"68 Lonsdale Avenue, Weston-super-Mare",Weston-super-Mare,BS23 3SJ,51.3319628,-2.965795,LAL,Yes,2009,https://n-somerset.gov.uk/directories/libraries/all-healthy-living-centre-library,,,,
Catterick Library,North Yorkshire Council,England,"Gough Road, Catterick Garrison",Catterick Garrison,DL9 3EL,54.374957,-1.731334,CRL,Yes,2009,,,,,
Princetown,Devon County Council,England,"Princetown Village Centre, Yelverton",Yelverton,PL20 6QE,50.544594,-3.991486,CL,Yes,2009,https://www.devonlibraries.org.uk/web/arena/princetownlibrary,node,440662853,Q55121728,156
Woolston Library,Warrington Borough Council,England,"Woolston Neighbourhood Hub, Hall Road, Woolston",Woolston,WA1 4PN,53.3998582,-2.5341789,CL,Yes,2010,https://livewirewarrington.co.uk/library/our-libraries/,node,626622530,Q55184302,35
Chellaston,Derby City Council,England,"Barley Croft, Derby",Derby,DE73 6TU,52.86832,-1.436685,CRL,No,2010,http://www.derby.gov.uk/libraries,,,,
Mackworth,Derby City Council,England,"Prince Charles Avenue, Derby",Derby,DE22 4BG,52.928323,-1.518157,CRL,No,2010,http://www.derby.gov.uk/libraries,node,1324401739,,48
Whitchurch,Bristol City Council,England,"Whitchurch District Centre, Oatlands Avenue, Whitchurch",Whitchurch,BS14 0SX,51.414096,-2.571524,LAL,Yes,2010,,way,436090710,,24
Estover Library,Plymouth City Council,England,"Tor Bridge High School, Miller Way, Plymouth",Plymouth,PL6 8UN,50.411558,-4.100533,LAL,Yes,2010,https://www.plymouth.gov.uk/libraries,node,4218262496,Q53550591,17
Hamworthy Library,"Bournemouth, Christchurch and Poole Council",England,"Blandford Road, Poole",Poole,BH15 4BG,50.7147586,-2.0041738,LAL,Yes,2010,,way,1087509901,Q55183845,8
Kinson Hub,"Bournemouth, Christchurch and Poole Council",England,"The Kinson Hub, Wimborne Road, Bournemouth",Bournemouth,BH11 9AW,50.7691694,-1.9018057,LAL,Yes,2010,http://www.bournemouth.gov.uk/Libraries/MyLocalLibrary/KinsonHub.aspx,way,142184506,Q55173279,7
Corby,North Northamptonshire Council,England,"The Cube, George Street, Corby",Corby,NN17 1QG,52.4873083,-0.7044356,LAL,Yes,2010,https://www.northnorthants.gov.uk/list-libraries/corby-library,node,4798862246,Q55163568,25
Brooklands Library,Manchester City Council,England,"Moor Road, Wythenshawe",Wythenshawe,M23 9BP,53.4024548,-2.2959115,LAL,Yes,2010,,node,13593267101,,10
Longsight Library & Learning Centre,Manchester City Council,England,"519 Stockport Road, Longsight",Longsight,M12 4NE,53.4581488,-2.2015719,LAL,Yes,2010,,node,303802787,,6
Hoyland,Barnsley Metropolitan Borough Council,England,"High Croft, Barnsley",Barnsley,S74 9AF,53.5001391,-1.4387762,LAL,Yes,2010,,way,1078546046,Q54672830,31
Aston Library & Customer Service Centre,Rotherham Metropolitan Borough Council,England,"Worksop Road, Swallownest",Swallownest,S26 4WD,53.362997,-1.317097,LAL,Yes,2010,,node,4671719906,,66
Thorpe Hesley Library,Rotherham Metropolitan Borough Council,England,"Soughall Avenue, Thorpe Hesley",Thorpe Hesley,S61 2QJ,53.459614,-1.431744,LAL,Yes,2010,,node,1904557882,,20
Netherton,Dudley Metropolitan Borough Council,England,"The Savoy Centre, Northfield Road, Dudley",Dudley,DY2 9ES,52.4908536,-2.0821608,CL,Yes,2010,https://www.better.org.uk/library/dudley/netherton-library,,,,
King Cross,Calderdale Metropolitan Borough Council,England,"151 Haugh Shaw Road, Halifax",Halifax,HX1 3BG,53.714537,-1.882279,LAL,Yes,2010,http://www.calderdale.gov.uk/v2/residents/leisure-and-culture/libraries/your-local-library/king-cross-library,node,1235277032,Q45369482,69
Dagenham Library Community Hub,London Borough of Barking and Dagenham,England,"1 Church Elm Lane, Dagenham",Dagenham,RM10 9QS,51.540381,0.1484614,LAL,Yes,2010,,way,93239652,Q55125290,13
Botwell Green Library,London Borough of Hillingdon,England,"Botwell Green Sports & Leisure Centre,  East Avenue, Hayes",Hayes,UB3 2HW,51.507555,-0.418051,LAL,Yes,2010,,node,2554370824,Q55125721,94
Seven Kings Library,London Borough of Redbridge,England,"670 High Road, Ilford",Ilford,IG3 8RQ,51.564758,0.099832,CL,Yes,2010,,,,,
Hampton Hill,London Borough of Richmond upon Thames,England,"68 High Street, Hampton Hill",Middlesex,TW12 1NY,51.42758,-0.354868,LAL,Yes,2010,https://richmond.spydus.co.uk/,way,645070701,Q55125789,130
Library @ The Life Centre,London Borough of Sutton,England,"Alcorn Close, Sutton",Sutton,SM3 9PX,51.378383,-0.20256,LAL,Yes,2010,,way,595494079,Q7650287,92
The Circle Library,London Borough of Sutton,England,"Green Wrythe Lane, Carshalton",Carshalton,SM5 1JJ,51.386731,-0.1759,LAL,Yes,2010,,node,278080095,,154
Bassingbourn Book Cafe,Cambridgeshire County Council,England,"The Limes Community Centre, High Street, Bassingbourn-Cum-Kneesworth",Bassingbourn-Cum-Kneesworth,SG8 5LD,52.078192,-0.05557,CRL,No,2010,https://www.cambridgeshire.gov.uk/directory/listings/bassingbourn-book-cafe,,,,
Bottisham Community Library,Cambridgeshire County Council,England,"Bottisham Village College, Lode Road, Cambridge",Cambridge,CB25 9DL,52.2256765,0.2544591,CRL,No,2010,https://www.cambridgeshire.gov.uk/directory/listings/bottisham-library-access-point,,,,
Burwell Library,Cambridgeshire County Council,England,"Village College, The Causeway, Burwell",Burwell,CB25 0DU,52.277825,0.326272,LAL,Yes,2010,https://www.cambridgeshire.gov.uk/directory/listings/burwell-library,way,224245233,Q55163432,162
Fulbourn Village Library,Cambridgeshire County Council,England,"The Swifts, Haggis Gap, Cambridge",Cambridge,CB21 5HD,52.181752,0.218008,CRL,No,2010,https://www.cambridgeshire.gov.uk/directory/listings/fulbourn-village-library,node,521576805,,126
Gamlingay Library,Cambridgeshire County Council,England,"The Eco Hub, Stocks Lane, Gamlingay",Gamlingay,SG19 3JR,52.152867,-0.190273,CRL,No,2010,https://www.cambridgeshire.gov.uk/directory/listings/gamlingay-library,node,1744210908,,103
Haddenham Library,Cambridgeshire County Council,England,"Arkenstall Centre, 7 Station Road, Ely",Ely,CB6 3XD,52.361198,0.14971,CRL,No,2010,https://www.cambridgeshire.gov.uk/directory/listings/haddenham-library,,,,
Littleport Library,Cambridgeshire County Council,England,"Town Hall, Littleport",Littleport,CB6 1LU,52.456556,0.309026,LAL,Yes,2010,https://www.cambridgeshire.gov.uk/directory/listings/littleport-library,way,674320106,Q55163449,82
Melbourn Library,Cambridgeshire County Council,England,"Melbourn Community Hub, 30 High Street, Royston",Royston,SG8 6DZ,52.084509,0.017464,CRL,No,2010,https://www.cambridgeshire.gov.uk/directory/listings/melbourn-library,node,5273920845,,112
Somersham Community Library,Cambridgeshire County Council,England,"Church Street, Somersham",Somersham,PE28 3EG,52.380975,-0.002652,CRL,No,2010,https://www.cambridgeshire.gov.uk/directory/listings/somersham-community-library,node,305549509,,68
Swavesey Community Library,Cambridgeshire County Council,England,"Gibraltar Lane, Swavesey",Swavesey,CB24 4RS,52.2948999,-0.0055188,CRL,No,2010,https://www.cambridgeshire.gov.uk/directory/listings/swavesey-library,node,130255444,,83
Waterbeach Community Library,Cambridgeshire County Council,England,"Community Centre, High Street, Waterbeach",Waterbeach,CB25 9JU,52.269399,0.190487,CRL,No,2010,https://www.cambridgeshire.gov.uk/directory/listings/waterbeach-library,,,,
Thame,Oxfordshire County Council,England,"3 North Street, Thame",Thame,OX9 3BH,51.747876,-0.976577,LAL,Yes,2010,https://www.oxfordshire.gov.uk/libraries,way,337187497,Q55112976,52
Moor Park,Blackpool Borough Council,England,"Bristol Avenue, Blackpool",Blackpool,FY2 0JG,53.8484113,-3.0365407,LAL,Yes,2011,https://www.blackpool.gov.uk/,node,8378057623,,14
Winterton Library & Fitness Centre,North Lincolnshire Council,England,"54 West Street, Scunthorpe",Scunthorpe,DN15 9QF,53.6572947,-0.5973377,LAL,Yes,2011,https://www.opac.northlincs.gov.uk/-/winterton-library#/,node,5743158412,Q55183809,61
Portishead library,North Somerset  Council,England,"Horatio House, 24 Harbour Road, Portishead",Portishead,BS20 7AL,51.4858827,-2.7670172,LAL,Yes,2011,https://n-somerset.gov.uk/directories/libraries/portishead-library,way,1145424862,Q55163608,0
Patchway,South Gloucestershire Council,England,"Patchway Hub, Rodway Road, Patchway",Patchway,BS34 5PE,51.5313015,-2.5767989,LAL,Yes,2011,https://www.southglos.gov.uk/libraries/patchway-library/,way,202520238,Q55184092,17
Devonport Library,Plymouth City Council,England,"Chapel Street, Plymouth",Plymouth,PL1 4DP,50.371281,-4.174389,LAL,Yes,2011,https://www.plymouth.gov.uk/libraries,way,229330332,,65
Pinetrees Library (Pinehurst),Swindon Borough Council,England,"Pinetrees Community Centre, Swindon",Swindon,SN2 1RF,51.582284,-1.779791,ICL,No,2011,,node,1585749892,Q55184191,93
Colnbrook Satellite Library,Slough Borough Council,England,"Vicarage Way Childrens Centre, Slough",Slough,SL3 0JY,51.484887,-0.521449,LAL-,No,2011,https://www.slough.gov.uk/libraries,,,,
Woburn Sands Library,Milton Keynes Council,England,"The Institute, High Street, Milton Keynes",Milton Keynes,MK17 8SD,52.011257,-0.647326,LAL,Yes,2011,http://www.milton-keynes.gov.uk/libraries,way,256109136,Q55183722,66
Whitehawk Library,Brighton and Hove City Council,England,"179a Whitehawk Road, Brighton",Brighton,BN2 5FL,50.8260333,-0.1072709,LAL,Yes,2011,https://www.brighton-hove.gov.uk/libraries,way,907492683,Q55173323,11
Southsea Library,Portsmouth City Council,England,"19-21 Palmerston Road, Southsea",Southsea,PO5 3QQ,50.7860489,-1.0878617,LAL,Yes,2011,https://www.portsmouth.gov.uk/ext/libraries/libraries,node,1974854271,Q55183858,12
Bembridge Community Library,Isle of Wight Council,England,"Church Road, Bembridge",Bembridge,PO35 5NA,50.690598,-1.091001,CRL,No,2011,,node,6306658377,,88
Brighstone Community Library,Isle of Wight Council,England,"North Street, Brighstone",Brighstone,PO30 4AX,50.643681,-1.395697,CRL,No,2011,,node,2059639584,Q55183616,28
East Cowes Community Library,Isle of Wight Council,England,"East Cowes Town Hall, York Avenue, East Cowes",East Cowes,PO32 6RU,50.757673,-1.287552,CRL,No,2011,,node,9312830914,Q55183620,53
Niton - Edward Edwards Community Library,Isle of Wight Council,England,"Old School House, Church Street, Niton",Niton,PO38 2AZ,50.587249,-1.284316,CRL,No,2011,,node,7193535237,,144
Seaham Library,Durham County Council,England,"Seaham Contact Centre, St. John's Square, Seaham",Seaham,SR7 7JE,54.835804,-1.33549,LAL,Yes,2011,https://www.durham.gov.uk/libraries,node,971047598,Q54810769,30
Kirkby Stephen ,Westmorland and Furness Council,England,"Old Grammar School, Vicarage Lane, Kirkby Stephen",Kirkby Stephen,CA17 4QX,54.474158,-2.347876,LAL,Yes,2011,,node,942678164,,4
Beswick Library,Manchester City Council,England,"60 Grey Mare Lane, Beswick",Beswick,M11 3DS,53.4779631,-2.1965976,LAL,Yes,2011,,node,11056991661,,10
Failsworth Library,Oldham Metropolitan Borough Council,England,"Town Hall, Oldham Road, Failsworth",Failsworth,M35 0FH,53.5102929,-2.1584679,LAL,Yes,2011,http://www.oldham.gov.uk/find_a_library,node,12625817372,,11
Broughton Hub Library,Salford City Council,England,"50 Rigby Street, Salford",Salford,M7 4BQ,53.5055334,-2.2587419,CL,Yes,2011,,node,7468489871,,5
Stockbridge Village,Knowsley Metropolitan Borough Council,England,"The Withens, Stockbridge Village",Stockbridge Village,L28 1AB,53.4358172,-2.8659339,LAL,Yes,2011,,node,14046807701,,5
Childwall,Liverpool City Council,England,"Childwall Fiveways , Childwall",Childwall,L15 6UT,53.3975767,-2.8978834,LAL,Yes,2011,http://liverpool.gov.uk/libraries/find-a-library/childwall-library/,node,12263164201,,29
Riverside House Library & Customer Service Centre,Rotherham Metropolitan Borough Council,England,"Main Street, Rotherham",Rotherham,S60 1AE,53.429064,-1.360875,LAL,Yes,2011,,,,,
Allesley Park,Coventry City Council,England,"Allesley Park Neighbourhood Centre, Whitaker Road, Allesley Park",West Midlands,CV5 9JE,52.413015,-1.555343,LAL,Yes,2011,https://www.coventry.gov.uk/libraries,,,,
Blackheath Library,Sandwell Metropolitan Borough Council,England,"145 High Street, Rowley Regis",Rowley Regis,B65 0EA,52.4758884,-2.0422781,LAL,Yes,2011,http://www.sandwell.gov.uk/info/200261/libraries_in_sandwell/807/blackheath_library,node,5596393493,,12
Woolwich Library,Royal Borough of Greenwich,England,"35 Wellington Street, Woolwich",Woolwich,SE18 6HQ,51.489449,0.065586,CL,Yes,2011,http://www.better.org.uk/areas/greenwich/venues/woolwich-library,node,6248842361,Q55125511,23
Canada Water Library,London Borough of Southwark,England,"21 Surrey Quays Road, Southwark",Southwark,SE16 7AR,51.4978096,-0.0491536,LAL,Yes,2011,https://www.southwark.gov.uk/libraries/find-a-library?chapter=5,way,157137089,Q55125811,16
Ramsey Library,Cambridgeshire County Council,England,"25 Great Whyte, Ramsey",Ramsey,PE26 1HG,52.449076,-0.106506,LAL,Yes,2011,https://www.cambridgeshire.gov.uk/directory/listings/ramsey-library,node,698024812,Q55163454,47
Cullompton,Devon County Council,England,"The Hayridge, Devon Centre, Cullompton",Cullompton,EX15 1DJ,50.854448,-3.393365,CL,Yes,2011,https://www.devonlibraries.org.uk/web/arena/cullomptonlibrary,way,481255913,Q55121710,59
Ashford Library,Kent County Council,England,"Ashford Gateway Plus, Church Road , Ashford",Ashford,TN23 1AS,51.147025,0.872471,LAL,Yes,2011,http://www.kent.gov.uk/leisure-and-community/libraries,node,3614928557,,13
Sheerness Library,Kent County Council,England,"Sheppey Gateway,  38-42 High Street, Sheerness",Sheerness,ME12 1NL,51.440586,0.761254,LAL,Yes,2011,http://www.kent.gov.uk/leisure-and-community/libraries,node,1201865790,Q54889053,26
Orford Park Library,Warrington Borough Council,England,"Orford Jubilee Neighbourhood Hub, Jubilee Way , Orford",Orford,WA2 8HE,53.4047486,-2.5881327,CL,Yes,2012,https://livewirewarrington.co.uk/library/our-libraries/,,,,
Brigg Community Hub,North Lincolnshire Council,England,"The Angel, Market Place, Brigg",Brigg,DN20 8LD,53.5519112,-0.4929282,LAL,Yes,2012,https://www.opac.northlincs.gov.uk/-/brigg-library#/?location=Brigg%20Library,node,4110125700,,4
"The Ivan Glover Library, Broughton",North Lincolnshire Council,England,"59 High Street, Broughton",Broughton,DN20 0JX,53.5654214,-0.5525606,CRL,Yes,2012,https://www.opac.northlincs.gov.uk/-/broughton-library#/,way,1384087232,,5
Rowntree Park Reading Cafe,City of York Council,England,"Rowntree Park Lodge, Richardson Street, York",York,YO23 1JU,53.9489239,-1.082736,CL,No,2012,https://www.exploreyork.org.uk/cafes/rowntree-park-reading-cafe/,node,1929189589,,3
Bulwell Riverside Library,Nottingham City Council,England,"Bulwell Riverside, Main Street, Nottingham",Nottingham,NG6 8QJ,52.9980707,-1.1965854,LAL,Yes,2012,https://www.nottinghamcity.gov.uk/libraries,node,4237927692,Q46994743,28
St. Ann's Valley Library,Nottingham City Council,England,"St. Anns Valley Centre, 2 Livingstone Road, Nottingham",Nottingham,NG3 3GG,52.9627768,-1.1361285,LAL,Yes,2012,https://www.nottinghamcity.gov.uk/libraries,node,3415279625,Q46994760,24
Wellington Library,Telford & Wrekin Council,England,"Larkin Way, Wellington, Telford","Wellington, Telford",TF1 1LX,52.6991876,-2.5189398,LAL,Yes,2012,,way,332855840,,59
Stoke Library,Stoke-on-Trent City Council,England,"Stoke Local Centre, South Wolfe Street, Stoke-on-Street",Staffordshire,ST4 4SZ,53.002806,-2.183558,LAL,Yes,2012,https://www.stoke.gov.uk/libraries,way,1545517529,,75
North Somerset Studies Library,North Somerset  Council,England,"Town Hall, Walliscote Grove Road, Weston-super-Mare",Weston-super-Mare,BS23 1UJ,51.3458917,-2.9766553,LAL,Yes,2012,https://n-somerset.gov.uk/directories/libraries/north-somerset-studies-library,node,7600784787,,47
Weston-super-Mare library,North Somerset  Council,England,"Town Hall, Walliscote Grove Road, Weston-super-Mare",Weston-super-Mare,BS23 1UJ,51.3458917,-2.9766553,LAL,Yes,2012,http://www.n-somerset.gov.uk/services/weston-super-mare-library/,,,,
Plympton Library,Plymouth City Council,England,"Harewood, Plymouth",Plymouth,PL7 2AS,50.388907,-4.055118,LAL,Yes,2012,https://www.plymouth.gov.uk/libraries,way,229328107,Q53568771,60
Wexham Satellite Library,Slough Borough Council,England,"Wexham Road , Slough",Slough,SL2 5JW,51.516209,-0.579285,LAL-,No,2012,https://www.slough.gov.uk/libraries,,,,
Crook Library & Customer Access Point (CAP),Durham County Council,England,"Civic Centre, North Terrace, Crook",Crook,DL15 9ES,54.7154532,-1.7455637,LAL,Yes,2012,https://www.durham.gov.uk/libraries,node,4406293350,Q54810708,14
Esh Winning Library,Durham County Council,England,"The Wynds, Durham",Durham,DH7 9AD,54.767308,-1.710226,LAL,Yes,2012,https://www.durham.gov.uk/libraries,,,,
Pelton Library,Durham County Council,England,"The Lavender Centre, Pelton ",Pelton,DH2 1HS,54.873325,-1.60356,LAL,Yes,2012,https://www.durham.gov.uk/libraries,node,2163420863,Q54810759,23
Trowbridge Library,Wiltshire Council,England,"Ground Floor, County Hall, Trowbridge",Trowbridge,BA14 8JN,51.3165305,-2.2095768,LAL,Yes,2012,,way,183169409,Q55173787,31
Wootton,West Northamptonshire Council,England,"Wootton Community Centre, Curtlee Hill, , Northampton",Northampton,NN4 6ED,52.2016433,-0.8820574,CRL,No,2012,http://www3.northamptonshire.gov.uk/councilservices/library-service/visiting-your-library/list-of-libraries/Pages/default.aspx,node,2340786380,,25
Egremont Library,Cumberland Council,England,"West Lakes Academy, Main Street, Egremont",Egremont,CA22 2DQ,54.484377,-3.529318,LAL,Yes,2012,,node,1972860556,,16
Silloth Library,Cumberland Council,England,"The Discovery Centre, Liddell Street, Silloth",Silloth,CA7 4DD,54.871743,-3.384774,LAL,Yes,2012,,,,,
Halliwell UCAN Neighbourhood Collection,Bolton Metropolitan Borough Council,England,"Hatfield Road, Bolton",Bolton,BL1 3BU,53.5878616,-2.4488015,LAL-,No,2012,http://www.bolton.gov.uk/website/pages/Neighbourhoodcollections.aspx,,,,
Heaton Neighbourhood Collection,Bolton Metropolitan Borough Council,England,"New Hall Lane, Bolton",Bolton,BL1 5LF,53.5850517,-2.4646928,LAL-,No,2012,,way,854401161,,2
Oldhams Neighbourhood Collection,Bolton Metropolitan Borough Council,England,"Forfar Street, Bolton",Bolton,BL1 6RN,53.6049446,-2.4388268,LAL-,No,2012,http://www.bolton.gov.uk/website/pages/OldhamsChildrensCentre.aspx,,,,
Tonge Moor UCAN Neighbourhood Collection,Bolton Metropolitan Borough Council,England,"Tonge Moor Road, Bolton",Bolton,BL2 2LE,53.5915082,-2.4121282,LAL-,No,2012,http://www.bolton.gov.uk/website/pages/Neighbourhoodcollections.aspx,,,,
Fitton Hill Library,Oldham Metropolitan Borough Council,England,"Fitton Hill Neighbourhood Centre, Fircroft Road, Oldham",Oldham,OL8 2QD,53.5215454,-2.1017685,LAL,Yes,2012,http://www.oldham.gov.uk/find_a_library,node,789954864,,110
Offerton,Stockport Metropolitan Borough Council,England,"Mallowdale Road, Stockport",Stockport,SK2 5NX,53.3912304,-2.1212754,LAL,Yes,2012,https://www.stockport.gov.uk/libraries,,,,
Golborne,Wigan Metropolitan Borough Council,England,"Tanner's Lane, Golborne",Golborne,WA3 3AW,53.4758738,-2.596266,LAL,Yes,2012,https://www.wigan.gov.uk/Resident/Libraries/Golborne-Library.aspx,way,974803891,,0
Wigan,Wigan Metropolitan Borough Council,England,"Wigan Life Centre, The Wiend",The Wiend,WN1 1NH,53.5455256,-2.6303334,LAL,Yes,2012,https://www.wigan.gov.uk/Resident/Libraries/Wigan-Library.aspx,node,252922353,,9
Prescot,Knowsley Metropolitan Borough Council,England,"Prescot Shopping Centre, Aspinall Street, Prescot",Prescot,L34 5GA,53.4285214,-2.8038097,LAL,Yes,2012,,,,,
West Derby,Liverpool City Council,England,"West Derby Road , Liverpool ",Liverpool,L13 7HQ,53.4259801,-2.9257435,LAL,Yes,2012,http://liverpool.gov.uk/libraries/find-a-library/west-derby-library/,,,,
Rawmarsh Library & Customer Service Centre,Rotherham Metropolitan Borough Council,England,"Barbers Avenue, Rawmarsh",Rawmarsh,S62 6AA,53.459319,-1.339455,LAL,Yes,2012,,,,,
Shard End Library,Birmingham City Council,England,"The Shard, All Saints Square, Birmingham",Birmingham,B34 7AQ,52.494937,-1.777267,LAL,Yes,2012,,way,260280952,,41
Altofts Library,Wakefield Metropolitan District Council,England," Altofts Community and Sports Foundation Limited ,The Brig,  St Marys Road, Altofts, Normanton",Normanton,WF6 2JH,53.705231,-1.429911,ICL,No,2012,,,,,
Wakefield One,Wakefield Metropolitan District Council,England,"Wakefield One, Burton Street , Wakefield",Wakefield,WF1 2EB,53.6842353,-1.5036937,LAL,Yes,2012,http://www.wakefield.gov.uk/libraries-and-local-history/your-local-library/wakefield-library,way,208693000,Q47057790,2
Artizan Street Library & Community Centre,City of London Corporation,England,"1 Artizan Street , London",London,E1 7AF,51.5156579,-0.0767703,LAL,Yes,2012,,way,288278168,,11
Crayford Library,London Borough of Bexley,England,"176 Town Hall Square, Kent ",Kent,DA1 4FN,51.450201,0.180453,LAL,Yes,2012,,way,767941718,Q55125306,36
South Ruislip Library,London Borough of Hillingdon,England,"Victoria Road, South Ruislip",South Ruislip,HA4 0JE,51.557382,-0.395031,LAL,Yes,2012,,way,762100113,Q55125642,5
Clapham,London Borough of Lambeth,England,"Mary Seacole Centre, 91 Clapham High Street, London",London,SW4 7DB,51.4631069,-0.1336492,LAL,Yes,2012,https://www.lambeth.gov.uk/libraries,node,4405969089,Q55125727,48
The Library at Deptford Lounge,London Borough of Lewisham,England,"Deptford Lounge, 9 Giffin Street, London",London,SE8 4RJ,51.477479,-0.023593,LAL,Yes,2012,http://www.lewisham.gov.uk/libraries,way,330163598,Q55111303,80
St Thomas,Devon County Council,England,"35 Church Road, Exeter",Exeter,EX2 9AZ,50.716489,-3.539523,CL,Yes,2012,https://www.devonlibraries.org.uk/web/arena/salcombelibrary,node,1676234416,Q55121729,53
Painswick Community Library,Gloucestershire County Council,England,"Town Hall, Victoria Square, Painswick",Painswick,GL6 6QA,51.785888,-2.194271,CRL,No,2012,,node,10101672247,,32
Hertford Library,Hertfordshire County Council,England,"Dolphin Yard, Maidenhead Street, Hertford",Hertford,SG14 1DR,51.7970046,-0.0785831,LAL,Yes,2012,https://www.hertfordshire.gov.uk/services/libraries-and-archives/library-opening-hours/hertford-library.aspx,way,900976675,Q50690751,8
Performing Arts Library,Hertfordshire County Council,England,"Centrapark, Bessemer Road, Welwyn Garden City",Hertfordshire,AL7 1HT,51.8047889,-0.199619,LAL,Yes,2012,https://www.hertfordshire.gov.uk/services/libraries-and-archives/library-opening-hours/performing-arts-central-stocks-unit.aspx,,,,
Welwyn Garden City Central Library & Information Service,Hertfordshire County Council,England,"Campus West, Welwyn Garden City",Hertfordshire,AL8 6AJ,51.8056222,-0.2076652,LAL,Yes,2012,https://www.hertfordshire.gov.uk/services/libraries-and-archives/library-opening-hours/welwyn-garden-city-central-library.aspx,way,45024381,,13
"Kent History & Library Centre, Maidstone",Kent County Council,England,"James Whatman Way, Maidstone",Maidstone,ME14 1LQ,51.279537,0.516728,LAL,Yes,2012,http://www.kent.gov.uk/leisure-and-community/libraries,way,229683467,Q6391768,122
Littlemore,Oxfordshire County Council,England,"The Oxford Academy Campus, Sandy Lane West, Oxford",Oxford,OX4 6JZ,51.722544,-1.215866,LAL,Yes,2012,https://www.oxfordshire.gov.uk/libraries,node,2321380243,Q55112967,6
Cheslyn Hay Library,Staffordshire County Council,England,"Village Hall, Pinfold Lane, Walsall",Walsall,WS6 7HP,52.6593191,-2.0385226,CRL,Yes,2012,https://www.staffordshire.gov.uk/Libraries/branchlibraries/CheslynHayLibrary/CheslynHayLibrary.aspx,node,10707334541,,9
Dorking,Surrey County Council,England,"St. Martin's Walk , Dorking",Dorking,RH4 1UT,51.2331498,-0.3313427,LAL,Yes,2012,https://www.surreycc.gov.uk/libraries/your-library/find-your-nearest/dorking,node,9463339639,,6
Shere Diamond Jubilee Community Link,Surrey County Council,England,"Shere Village Hall, Gomshall Lane , Shere",Shere,GU5 9HD,51.2206606,-0.4614042,ICL,No,2012,https://www.surreycc.gov.uk/libraries/your-library/find-your-nearest/shere,,,,
Stanwell,Surrey County Council,England,"Hadrian Way , Stanwell",Stanwell,TW19 7HE,51.4526085,-0.4770161,LAL,Yes,2012,https://www.surreycc.gov.uk/libraries/your-library/find-your-nearest/stanwell,node,3009886060,Q55121911,15
Worcester St. John's Library,Worcestershire County Council,England,"Glebe Close, Worcester",Worcester,WR2 5AX,52.1887182,-2.2353543,LAL,Yes,2012,http://www.worcestershire.gov.uk/libraries,way,267326095,,4
Waudby Library,Hull City Council,England,"Isaac Newton Library & Sports Centre, Hull",Hull,HU9 5LD,53.753854,-0.259115,CL,Yes,2013,https://www.hcandl.co.uk/libraries,,,,
Bottesford Library,North Lincolnshire Council,England,"Cambridge Avenue, Scunthorpe",Scunthorpe,DN16 3LG,53.5584661,-0.6510741,LAL,Yes,2013,https://www.opac.northlincs.gov.uk/-/bottesford-library#/?location=Bottesford%20Library,way,1030145023,,2
Aylestone Library,Leicester City Council,England,"Aylestone Leisure Centre, 2 Knighton Lane East, Leicester",Leicester,LE2 6LU,52.609343,-1.131209,LAL,Yes,2013,,,,,
Paulton Library @ The Hub,Bath and North East Somerset Council,England,"Unit 1 & 2 Hillcourt, High Street, Paulton",Paulton,BS39 7QG,51.3068011,-2.5018918,CRL,Yes,2013,,node,4747231328,,2
Junction 3,Bristol City Council,England,"Baptist Mills, Easton",Easton,BS5 0JF,51.464385,-2.56805,LAL,Yes,2013,,,,,
North Prospect Library,Plymouth City Council,England,"The Beacon, 163 North Prospect Road, Plymouth",Plymouth,PL2 2ND,50.392308,-4.166063,LAL,Yes,2013,https://www.plymouth.gov.uk/libraries,node,6016217200,,72
Hampton,Peterborough City Council,England,"Clayburn Road, Peterborough",Peterborough,PE7 8GL,52.535644,-0.261781,CL,Yes,2013,,way,438203614,Q55183817,64
Orton,Peterborough City Council,England,"Bushfield, Peterborough",Peterborough,PE2 5RQ,52.54464,-0.303073,CL,Yes,2013,https://vivacity.org/libraries/orton-library/,way,671231829,Q55183819,124
Southend Forum,Southend-on-Sea Borough Council,England,"Elmer Approach, Southend-on-Sea",Southend-on-Sea,SS1 1NS,51.538502,0.7111347,LAL,Yes,2013,https://www.southend.gov.uk/libraries,,,,
Mile Oak Library,Brighton and Hove City Council,England,"Portslade Academy, Chalky Road , Portslade",Portslade,BN41 2WS,50.8509199,-0.2248263,LAL,Yes,2013,https://www.brighton-hove.gov.uk/libraries,,,,
Frodsham Library,Cheshire West and Chester Council,England,"Princeway, Frodsham",Frodsham,WA6 6RX,53.2938005,-2.7263107,LAL,Yes,2013,,node,2954253933,Q54988885,13
Hoole Library,Cheshire West and Chester Council,England,"Hoole Community Centre, Westminster Road, Hoole",Hoole,CH2 3AU,53.198763,-2.874411,CRL,Yes,2013,,node,11848317275,,102
Tattenhall Library,Cheshire West and Chester Council,England,"Tattenhall Park Primary School, Chester Road, Tattenhall",Tattenhall,CH3 9AH,53.1233288,-2.7680816,LAL,Yes,2013,,way,1378718396,,1
Craven Arms,Shropshire Council,England,"Newington Way, Craven Arms",Craven Arms,SY7 9PS,52.443124,-2.8352397,CL,Yes,2013,http://new.shropshire.gov.uk/libraries/find-a-library/craven-arms-library/,way,727214963,,8
Dorchester Library & Learning Centre,Dorset Council,England,"South Walks House, Charles Street, Dorchester",Dorchester,DT1 1EE,50.7124318,-2.4360118,LAL,Yes,2013,https://www.dorsetcouncil.gov.uk/libraries-history-culture/libraries/find-your-local-library/library.aspx?l=9893364c-021f-4c98-beee-82a8ed2123e3,node,1830838372,Q55173486,1
Settle Library,North Yorkshire Council,England,"Limestone View, Settle",Settle,BD24 9RB,54.064939,-2.275429,CRL,Yes,2013,,node,4975622039,,60
Miles Platting Community Library,Manchester City Council,England,"Victoria Mill Community Centre, Lower Vickers Street, Miles Platting",Miles Platting,M40 8EE,53.489649,-2.2142903,CRL,No,2013,,way,254957243,,147
Northenden Community Library,Manchester City Council,England,"Parkway Green House, 460 Palatine Road , Northenden",Northenden,M22 4WL,53.4069079,-2.2646442,CRL,No,2013,,,,,
Norden Library,Rochdale Metropolitan Borough Council,England,"Shawfield Lane , Rochdale",Rochdale,OL12 7RQ,53.627143,-2.205751,LAL,Yes,2013,,,,,
Trafford Town Hall,Trafford Metropolitan Borough Council,England,"Talbot Road, Stretford",Stretford,M32 0TH,53.4590163,-2.2874833,LAL,Yes,2013,https://www.trafford.gov.uk/libraries,,,,
Kirkby,Knowsley Metropolitan Borough Council,England,"The Kirkby Centre,  Norwich Way , Kirkby",Kirkby,L32 8XY,53.4821905,-2.8905389,LAL,Yes,2013,,way,583778898,Q55183636,4
Jesmond Library,Newcastle City Council,England,"St George's Terrace, Newcastle upon Tyne",Newcastle upon Tyne,NE2 2DL,54.9932644,-1.6064141,ICL,No,2013,http://jesmondlibrary.co.uk/,way,438164936,Q26609409,1
Walker Library,Newcastle City Council,England,"Walker Activity Dome , Newcastle upon Tyne",Newcastle upon Tyne,NE6 3BR,54.9748254,-1.554429,LAL,Yes,2013,http://www.newcastle.gov.uk/leisure-libraries-and-tourism/libraries,way,62324282,,6
Whitley Bay Customer First Centre,North Tyneside Council,England,"York Road, Whitley Bay",Whitley Bay,NE26 1AB,55.0426493,-1.4455945,LAL,Yes,2013,https://www.northtyneside.gov.uk/libraries,node,4820271878,Q54810791,11
Library of Birmingham,Birmingham City Council,England,"Centenary Square, Broad Street , Birmingham",Birmingham,B1 2ND,52.480088,-1.907533,LAL,Yes,2013,,way,195934961,Q6542576,78
Kingsbury,London Borough of Brent,England,"522 - 524 Kingsbury Road, London",London,NW9 9HE,51.586022,-0.276451,LAL,Yes,2013,,node,4859180893,,5
Wembley,London Borough of Brent,England,"Brent Civic Centre, Engineers Way, Wembley",Wembley,HA9 0FJ,51.559041,-0.281683,LAL,Yes,2013,,node,3833798577,Q55125333,47
New Addington,London Borough of Croydon,England,"61 Central Parade, New Addington",New Addington,CR0 0JD,51.3402111,-0.0133614,LAL,Yes,2013,https://www.croydon.gov.uk/,node,465648616,,1
Manor Park Library,London Borough of Newham,England,"685-691 Romford Road, Manor Park",London,E12 5AD,51.5507205,0.0469964,LAL,Yes,2013,https://www.newham.gov.uk/Pages/ServiceChild/Manor-Park-Library.aspx,node,4730679173,,23
Library @ Westcroft Centre,London Borough of Sutton,England,"Westcroft Road, Carshalton",Carshalton,SM5 2TG,51.367356,-0.156676,LAL,Yes,2013,,,,,
Idea Store Watney Market,London Borough of Tower Hamlets,England,"260 Commercial Road, London",London,E1 2FB,51.5143343,-0.057245,LAL,Yes,2013,http://www.ideastore.co.uk/,way,425408843,Q55125873,2
Chatteris Library,Cambridgeshire County Council,England,"2 Furrowfields Road, Chatteris",Chatteris,PE16 6DY,52.459081,0.049544,LAL,Yes,2013,https://www.cambridgeshire.gov.uk/directory/listings/chatteris-library,way,232133820,Q55163434,210
Ashbourne,Derbyshire County Council,England,"Compton, Ashbourne",Ashbourne,DE6 1DA,53.014718,-1.731541,LAL,Yes,2013,https://www.derbyshire.gov.uk/leisure/libraries/find-your-local-library/ashbourne-library.aspx,node,2419892965,Q54810802,142
Springfield Library,Essex County Council,England,"St. Augustine's Way, Chelmsford",Chelmsford,CM1 6GX,51.751584,0.497609,CRL,Yes,2013,,way,220695716,Q53704095,41
Newnham Community Library,Gloucestershire County Council,England,"Armoury Hall, Dean Road, Newnham-on-Severn",Newnham-on-Severn,GL14 1BB,51.804022,-2.449557,CRL,No,2013,https://newnhamonsevern.co.uk/visit/business/library/,node,9081171521,Q55163498,115
Borehamwood Library,Hertfordshire County Council,England,"96 Shenley Road, Borehamwood",Borehamwood,WD6 1EB,51.6559745,-0.2740729,LAL,Yes,2013,https://www.hertfordshire.gov.uk/services/libraries-and-archives/library-opening-hours/borehamwood-library.aspx,way,403544562,Q55111242,38
Harpenden Library,Hertfordshire County Council,England,"27 High Street, Harpenden",Harpenden,AL5 2RU,51.815682,-0.3551471,LAL,Yes,2013,https://www.hertfordshire.gov.uk/services/libraries-and-archives/library-opening-hours/harpenden-library.aspx,way,519963212,Q55111255,1
Edenbridge Library,Kent County Council,England,"The Eden Centre, Four Elms Road, Edenbridge",Edenbridge,TN8 6BY,51.203179,0.063361,LAL,Yes,2013,http://www.kent.gov.uk/leisure-and-community/libraries,way,499278982,,9
Brandon,Suffolk County Council,England,"Bury Road, Brandon",Brandon,IP27 0BQ,52.446698,0.62382,CL,Yes,2013,,node,2476196154,Q55113013,2
Billingham Library & Customer Service Centre,Stockton-on-Tees Borough Council,England,"Billingham Town Centre, Stockton",Stockton,TS23 2LN,54.606722,-1.290939,LAL,Yes,2014,,node,9907789111,Q55184118,20
Roseworth Library (Redhill Children's Centre),Stockton-on-Tees Borough Council,England,"Redhill Road, Stockton-on-Tees",Stockton-on-Tees,TS19 9BX,54.588048,-1.341989,LAL,No,2014,,,,,
"Thornaby Library, Gilmour Street (Riverbank Children's Centre)",Stockton-on-Tees Borough Council,England,"Gilmour Street, Thornaby",Thornaby,TS17 6PF,54.555031,-1.301497,LAL,Yes,2014,,node,5395126767,Q55184131,126
Haltemprice Library & Customer Service Centre,East Riding of Yorkshire Council,England,"120 Springfield Way, Anlaby",Anlaby,HU10 6QJ,53.748495,-0.434335,LAL,Yes,2014,,,,,
Centre4 Community Library Nunsthorpe,North East Lincolnshire Council,England,"Centre4, 17a Wooton Road, Grimsby",Grimsby,DN33 1HE,53.547601,-0.108226,ICL,No,2014,https://www.centre4.org.uk/Centre4_Library,,,,
Local Studies & Family History Library,Derby City Council,England,"Riverside Chambers, Full Street, Derby",Derby,DE1 3AF,52.924465,-1.475153,LAL,Yes,2014,http://www.derby.gov.uk/libraries,node,3949020347,,60
Southwater Library,Telford & Wrekin Council,England,"Southwater Square, Southwater Way, Telford ",Telford,TF3 4JG,52.6732817,-2.4481818,LAL,Yes,2014,,node,5174155587,,27
Keynsham Library & Information Centre,Bath and North East Somerset Council,England,"Market Walk, Keynsham",Keynsham,BS31 1FS,51.4138288,-2.4975305,LAL,Yes,2014,,node,3298604624,Q55163410,19
Boyn Grove ,Royal Borough of Windsor and Maidenhead,England,"11 Courthouse Road, Maidenhead",Maidenhead,SL6 6JE,51.52103,-0.744993,LAL,Yes,2014,,node,2795828074,,61
Woodingdean Library,Brighton and Hove City Council,England,"Warren Road, Brighton",Brighton,BN2 6BA,50.8358102,-0.0783669,LAL,Yes,2014,https://www.brighton-hove.gov.uk/libraries,way,1149660273,,9
Weston,Southampton City Council,England,"68 Weston Lane, Soton",Soton,SO19 9GH,50.888213,-1.370694,ICL,No,2014,https://ymca-fg.org/image-gallery/virtual-tour-weston-library/,,,,
Barnard Castle Library,Durham County Council,England,"2 Hall Street, Barnard Castle",Barnard Castle,DL12 8JB,54.543537,-1.922356,LAL,Yes,2014,https://www.durham.gov.uk/libraries,way,380604102,Q54672471,24
Corsham Library,Wiltshire Council,England,"Springfield Community Campus, Beechfield Road, Corsham",Corsham,SN13 9DN,51.4317325,-2.1929327,LAL,Yes,2014,,node,3189158604,Q55173759,47
Bilton & Woodfield Community Library,North Yorkshire Council,England,"Woodfield Primary School, Woodfield Road, Harrogate",Harrogate,HG1 4HZ,54.004627,-1.527219,CRL,Yes,2014,,way,218903163,Q45840278,4
Abraham Moss Library,Manchester City Council,England,"Crescent Road, Crumpsall",Crumpsall,M8 5UF,53.5118007,-2.2358898,LAL,Yes,2014,,node,4142533689,,46
Langley library,Rochdale Metropolitan Borough Council,England,"Windermere Road, Middleton",Middleton,M24 4LA,53.557761,-2.220281,LAL,Yes,2014,,,,,
Adswood & Bridgehall,Stockport Metropolitan Borough Council,England,"Siddington Avenue, Bridgehall",Bridgehall,SK3 8NR,53.394252,-2.172504,LAL,Yes,2014,https://www.stockport.gov.uk/libraries,,,,
Cruddas Park Library,Newcastle City Council,England,"Westmorland Road , Newcastle upon Tyne ",Newcastle upon Tyne,NE4 7QY,54.9658138,-1.6361064,LAL,Yes,2014,http://www.newcastle.gov.uk/leisure-libraries-and-tourism/libraries,node,824365700,,5
Walsend Customer First Centre,North Tyneside Council,England,"16 The Forum, Wallsend",Wallsend,NE28 8JR,54.9918569,-1.5349943,LAL,Yes,2014,https://www.northtyneside.gov.uk/libraries,node,4656793885,,5
Shirley,Solihull Metropolitan Borough Council,England,"22 Parkgate, Stratford Road, Solihull",Solihull,B90 3GG,52.4137115,-1.8291586,LAL,Yes,2014,https://www.solihull.gov.uk/Libraries/Shirley-library,way,283565706,,5
Ashmore Park Library,City of Wolverhampton Council,England,"The Hub at Ashmore Park, Griffiths Drive , Wolverhampton",Wolverhampton,WV11 2LH,52.6135794,-2.0607458,LAL,Yes,2014,https://www.wolverhampton.gov.uk/libraries,,,,
Castleford,Wakefield Metropolitan District Council,England,"Carlton Street , Castleford",Castleford,WF10 1BB,53.7266287,-1.3507251,LAL,Yes,2014,http://www.wakefield.gov.uk/libraries-and-local-history/your-local-library/castleford-forum-library-and-museum,way,338115689,Q47413443,1
Penge Library,London Borough of Bromley,England,"46 Green Lane, Bromley",Bromley,SE20 7JX,51.4139203,-0.0511021,CL,Yes,2014,https://www.better.org.uk/library/london/bromley/penge-library,way,422613718,Q55125345,4
Pancras Square Library,London Borough of Camden,England,"5 Pancras Square, London",London,N1C 4AG,51.533481,-0.125043,LAL,Yes,2014,https://www.camden.gov.uk/ccm/navigation/leisure/libraries-and-online-learning-centres/pancras-square-library/,node,3823164826,Q7595037,119
East Ham Library,London Borough of Newham,England,"328 Barking Road, East Ham",East Ham,E6 2RT,51.532997,0.0572393,LAL,Yes,2014,https://www.newham.gov.uk/Pages/ServiceChild/East-Ham-Library.aspx,way,888678910,,16
Whittlesey Library,Cambridgeshire County Council,England,"31-35 Market Street, Whittlesey",Whittlesey,PE7 1BA,52.556423,-0.129184,LAL,Yes,2014,https://www.cambridgeshire.gov.uk/directory/listings/whittlesey-library,node,747504118,,82
Midhurst Library,West Sussex County Council,England,"The Grange, Bepton Road, Midhurst",Midhurst,GU29 9HD,50.984177,-0.742156,LAL,Yes,2014,,node,30151910,Q108537452,174
Hyson Green Library,Nottingham City Council,England,"The Mary Potter Centre, 76 Gregory Boulevard, Nottingham",Nottingham,NG7 5HY,52.9645155,-1.1719416,LAL,Yes,2015,https://www.nottinghamcity.gov.uk/libraries,node,4286726414,Q46994754,11
Ledbury,Herefordshire Council,England,"The Master's House. St. Katherine's,  Bye Street, Ledbury",Ledbury,HR8 1EA,52.0366372,-2.4235875,LAL,Yes,2015,https://www.herefordshire.gov.uk/directory_record/27/ledbury_library,node,443797268,,13
Shoeburyness,Southend-on-Sea Borough Council,England,"Delaware Road, Southend-on-Sea",Southend-on-Sea,SS3 9NS,51.5358043,0.7692367,LAL,Yes,2015,https://www.southend.gov.uk/libraries,way,93231884,,5
"Strood Library, Community Hub Strood",Medway Council,England,"133 High Street, Strood",Strood,ME2 4TJ,51.39571,0.494291,LAL,Yes,2015,http://medway.gov.uk/libraries,node,12485493917,Q136530136,34
Kingston Library,Milton Keynes Council,England,"54 Winchester Circle, Milton Keynes",Milton Keynes,MK10 0BA,52.035366,-0.688191,LAL,Yes,2015,http://www.milton-keynes.gov.uk/libraries,,,,
Blacon Library,Cheshire West and Chester Council,England,"Parade Enterprise Centre, 14 The Parade, Chester",Chester,CH1 5QY,53.208466,-2.9266968,LAL,Yes,2015,,node,3064945881,,13
Castlefield Community Library,Buckinghamshire Council,England,"Rutland Avenue, High Wycombe",High Wycombe,HP12 3LL,51.6251106,-0.7822078,CRL,Yes,2015,https://www.buckinghamshire.gov.uk/libraries/information-about-local-library/castlefield-community-library/,,,,
Towcester,West Northamptonshire Council,England,"The Forum, Moat Lane, Towcester",Towcester,NN12 6EX,52.1310522,-0.9896463,LAL,Yes,2015,http://www3.northamptonshire.gov.uk/councilservices/library-service/visiting-your-library/list-of-libraries/Pages/default.aspx,,,,
Harraby Library Link,Cumberland Council,England,"Harraby Community Centre, Edgehill Road, Carlisle",Carlisle,CA1 3PP,54.880456,-2.891531,LAL,Yes,2015,,,,,
Thirsk Library,North Yorkshire Council,England,"Meadowfields, Chapel Street, Thirsk",Thirsk,YO7 1TH,54.230958,-1.341865,CRL,Yes,2015,,way,489298666,Q45840826,33
Avenue Library & Learning Centre,Manchester City Council,England,"Victoria Avenue East, Blackley",Blackley,M9 6HW,53.5325468,-2.2076426,LAL,Yes,2015,,node,1678727611,,5
Hulme High Street Library,Manchester City Council,England,"Hulme High Street, Hulme",Hulme,M15 5NN,53.4606581,-2.2475257,LAL,Yes,2015,,node,6202260028,,26
Swinton Gateway Library,Salford City Council,England,"100 Chorley Road , Swinton ",Swinton,M27 6FA,53.5122365,-2.3422036,CL,Yes,2015,,node,7468469170,,9
Newbiggin Hall Library,Newcastle City Council,England,"Trevelyan Court, Newcastle upon Tyne",Newcastle upon Tyne,NE5 4BR,55.0066557,-1.6876634,CRL,Yes,2015,http://www.newcastle.gov.uk/leisure-libraries-and-tourism/libraries,,,,
The Multilingual Library,Newcastle City Council,England,"North Street, Newcastle upon Tyne",Newcastle upon Tyne,NE8 1EH,54.961219,-1.602746,ICL,No,2015,,way,442064146,,170
Perth Green Community Library,South Tyneside Council,England,"Inverness Road, Jarrow",Jarrow,NE32 4AQ,54.962277,-1.46811,CRL,No,2015,,,,,
Elmwood Place,Solihull Metropolitan Borough Council,England,"Elmwood Place, 37 Burtons Way, Birmingham ",Birmingham,B36 0UG,52.5037336,-1.7494013,LAL-,Yes,2015,https://www.solihull.gov.uk/Libraries/Smiths-wood-neighbourhood-library,,,,
Willesden Green,London Borough of Brent,England,"95 High Road, London",London,NW10 2SF,51.54665,-0.228922,LAL,Yes,2015,,way,617427470,Q8003682,19
Greenwich Centre Library,Royal Borough of Greenwich,England,"12 Lambarde Square, Greenwich",Greenwich,SE10 9GB,51.48607,0.008553,CL,Yes,2015,http://www.better.org.uk/areas/greenwich/venues/greenwich-centre-library,node,10038007119,Q55125500,50
Camberwell Library,London Borough of Southwark,England,"48 Camberwell Green, Southwark",Southwark,SE5 7AL,51.4757164,-0.0919415,LAL,Yes,2015,https://www.southwark.gov.uk/libraries/find-a-library?chapter=4,way,621224358,Q55125810,4
Heanor,Derbyshire County Council,England,"Ilkeston Road, Heanor",Heanor,DE75 7DX,53.01044,-1.351241,LAL,Yes,2015,https://www.derbyshire.gov.uk/leisure/libraries/find-your-local-library/heanor-library.aspx,way,64720511,,91
Ashburton,Devon County Council,England,"Ashburton Post Office, 4 St. Lawrence Lane, Ashburton",Ashburton,TQ13 7DD,50.515027,-3.75492,CL,Yes,2015,https://www.devonlibraries.org.uk/web/arena/ashburtonlibrary,node,5086405127,Q55121696,41
Totnes,Devon County Council,England,"The Mansion, 36 Fore Street, Totnes",Totnes,TQ9 5RP,50.431045,-3.685409,CL,Yes,2015,https://www.devonlibraries.org.uk/web/arena/totneslibrary,way,256698016,Q55121740,72
Bursledon Community Library,Hampshire County Council,England,"Portsmouth Road, Southampton",Southampton,SO31 8ES,50.889682,-1.31679,ICL,Yes,2015,https://www.hants.gov.uk/library,,,,
Stafford Library,Staffordshire County Council,England,"1 Staffordshire Place, Tipping Street , Stafford",Stafford,ST16 2DH,52.8062751,-2.1153337,LAL,Yes,2015,https://www.staffordshire.gov.uk/Libraries/branchlibraries/StaffordLibrary/StaffordLibrary.aspx,way,730154472,,52
Cobham,Surrey County Council,England,"The Cedar Centre, Cedar Road , Cobham",Cobham,KT11 2AA,51.3288851,-0.4101314,LAL,Yes,2015,https://www.surreycc.gov.uk/libraries/your-library/find-your-nearest/cobham,node,5228473711,Q55121877,7
Southam Library and Information Centre,Warwickshire County Council,England,"Tithe Place, High Street, Southam",Southam,CV47 0HB,52.253389,-1.388157,LAL,Yes,2015,https://www.warwickshire.gov.uk/libraries,way,727312582,,35
Bromsgrove Library,Worcestershire County Council,England,"Market Street, Bromsgrove",Bromsgrove,B61 8DA,52.3357154,-2.0578314,LAL,Yes,2015,http://www.worcestershire.gov.uk/libraries,,,,
Stourport-on-Severn Library,Worcestershire County Council,England,"Civic Centre, New Street, Stourport-on-Severn",Stourport-on-Severn,DY13 8UN,52.3394004,-2.2830047,LAL,Yes,2015,http://www.worcestershire.gov.uk/libraries,node,4792657623,,12
Longhill Library,Hull City Council,England,"St. Margaret's Church, Shannon Road, Hull",Hull,HU8 9PD,53.777321,-0.268191,CL,Yes,2016,https://www.hcandl.co.uk/libraries,,,,
Homestead Park Pop-Up Reading Cafe,City of York Council,England,"40 Water End, York",York,YO30 6WP,53.9693248,-1.1027472,CL,No,2016,https://www.exploreyork.org.uk/homestead-park-pop-up-reading-cafe/,,,,
Lockleaze Library,Bristol City Council,England,"Cameron Centre, Cameron Walk, Lockleaze",Lockleaze,BS7 9XB,51.490077,-2.561902,LAL,Yes,2016,,,,,
Plymouth Central Library,Plymouth City Council,England,"167 - 171 Armada Way , Plymouth",Plymouth,PL1 1HZ,50.373002,-4.142976,LAL,Yes,2016,https://www.plymouth.gov.uk/libraries,way,229328607,Q28942489,25
Purfleet Library within Purfleet Hub,Thurrock Council,England,"53-54 River Court Centurion Way, Purfleet",Purfleet,RM19 1ZY,51.4852857,0.2294162,CRL,No,2016,,node,13714452777,,4
Library @ The Curve,Slough Borough Council,England,"William Street, Slough",Slough,SL1 1XY,51.509809,-0.595001,LAL,Yes,2016,https://www.slough.gov.uk/libraries,way,548463390,Q55173660,35
Stanley Library,Durham County Council,England,"Stanley Louisa Centre, Front Street, Stanley",Stanley,DH9 0TE,54.8686106,-1.7024695,LAL,Yes,2016,https://www.durham.gov.uk/libraries,,,,
Crewe Library,Cheshire East Council,England,"Crewe Lifestyle Centre, Crewe",Crewe,CW1 2BB,53.0964784,-2.4392909,LAL,Yes,2016,,node,5842521464,,40
Tisbury Library,Wiltshire Council,England,"Nadder Community Campus, Weaveland Road, Tisbury",Tisbury,SP3 6HJ,51.066837,-2.083265,LAL,Yes,2016,,,,,
Deanshanger,West Northamptonshire Council,England,"Little London, Deanshanger",Deanshanger,MK19 6HT,52.0520527,-0.8923489,LAL,Yes,2016,http://www3.northamptonshire.gov.uk/councilservices/library-service/visiting-your-library/list-of-libraries/Pages/default.aspx,node,2101497363,Q55163572,8
Nidderdale Plus Community Library,North Yorkshire Council,England,"Station Square, King Street, Pateley Bridge",Pateley Bridge,HG3 5AT,54.086615,-1.760938,CRL,Yes,2016,,,,,
Arcadia library & Leisure Centre,Manchester City Council,England,"Yew Tree Avenue, Levenshulme",Levenshulme,M19 3BP,53.4461811,-2.1920177,LAL,Yes,2016,,node,4588324798,,19
The Word Library,South Tyneside Council,England,"45 Market Place, South Shields",South Shields,NE33 1JF,54.998024,-1.438217,LAL,Yes,2016,,way,139031300,,103
Holbrooks,Coventry City Council,England,"Holbrooks Community Care Association, 115 Holbrook Lane , Holbrooks",Holbrooks,CV6 4DE,52.441374,-1.509121,LAL,Yes,2016,https://www.coventry.gov.uk/libraries,,,,
Colindale,London Borough of Barnet,England,"Colindale Library c/o Barnet & Southgate College,  7 Bristol Avenue, Colindale",Colindale,NW9 4BR,51.5975753,-0.2456421,LAL,Yes,2016,https://www.barnet.gov.uk/citizen-home/libraries.html,way,570702397,,35
Harold Hill Library,London Borough of Havering,England,"19A Farnham Road , Romford",Romford,RM3 8ED,51.60662,0.21919,LAL,Yes,2016,https://www.havering.gov.uk/libraries,way,1540857502,Q55125599,35
Bampton,Devon County Council,England,"Old School, Station Road, Bampton",Bampton,EX16 9NG,50.988944,-3.488992,CL,Yes,2016,,node,50111572,,134
Seaford Library,East Sussex County Council,England,"15-17 Sutton Park Road, Seaford",Seaford,BN25 1QX,50.7736889,0.1030858,LAL,Yes,2016,https://new.eastsussex.gov.uk/libraries/locations/seaford/,way,82948358,Q55173584,7
Emsworth,Hampshire County Council,England,"Community Centre, North Street, Emsworth",Emsworth,PO10 7DD,50.848392,-0.937393,LAL,Yes,2016,,,,,
Bicester,Oxfordshire County Council,England,"Franklins House, Weslet Lane, Bicester",Bicester,OX26 6JU,51.899482,-1.153303,LAL,Yes,2016,https://www.oxfordshire.gov.uk/libraries,node,5003536000,Q55112944,44
Debenham Library,Suffolk County Council,England,"School Corner, Stowmarket",Stowmarket,IP14 6PL,52.228485,1.180115,CL,Yes,2016,,,,,
Alcester Library and Information Centre,Warwickshire County Council,England,"Globe House, Priory Road, Alcester",Alcester,B49 5DZ,52.214221,-1.873067,LAL,Yes,2016,https://www.warwickshire.gov.uk/libraries,way,625119960,,24
Wythall Library,Worcestershire County Council,England,"Woodrush Community Hub, Shawhurst Lane, Birmingham",Birmingham,B47 5PD,52.3905728,-1.8798664,LAL,Yes,2016,http://www.worcestershire.gov.uk/libraries,way,838008425,,189
Roseberry Library,Redcar and Cleveland Borough Council,England,"25K Centre, Ayton Road, Redcar",Redcar,TS10 4EW,54.600665,-1.07633,LAL,Yes,2017,,,,,
Great Sankey Library,Warrington Borough Council,England,"Great Sankey Neighbourhood Hub, Barrowhall Lane , Great Sankey",Great Sankey,WA5 3AA,53.4010275,-2.6618733,CL,Yes,2017,https://livewirewarrington.co.uk/library/our-libraries/,,,,
Dales Centre Library,Nottingham City Council,England,"206 Sneinton Dale, Nottingham",Nottingham,NG2 4HJ,52.954718,-1.12073,LAL,Yes,2017,https://www.nottinghamcity.gov.uk/libraries,node,5264618455,,8
Dawley & Malinslee Community Library,Telford & Wrekin Council,England,"Dawley House, 22 Burton Street, Dawley, Telford","Dawley, Telford",TF4 2ES,52.6646839,-2.470021,CRL,Yes,2017,,,,,
Bishopston,Bristol City Council,England,"Gloucester Road, Bishopston",Bishopston,BS7 8BN,51.47467,-2.591735,LAL,Yes,2017,,way,505360923,,55
Worle Library & Children's Centre,North Somerset  Council,England,"Mendip Avenue, Weston-super-Mare",Weston-super-Mare,BS22 6HN,51.359208,-2.928221,LAL,Yes,2017,,way,864579198,Q55163610,40
Hawkesbury Community Library,South Gloucestershire Council,England,"Hawkesbury Hospital Hall, High Street, Hawkesbury Upton",Hawkesbury Upton,GL9 1AU,51.5813274,-2.3220672,CRL,Yes,2017,https://www.southglos.gov.uk/libraries/hawkesbury-community-library/,,,,
Marshfield Community Library,South Gloucestershire Council,England,"Marshfiled Community Centre, The Hayfield, Nr Chippenham",Nr Chippenham,SN14 8PG,51.4635201,-2.3150481,CRL,Yes,2017,https://www.southglos.gov.uk/libraries/marshfield-community-library/,,,,
Hollingbury Library,Brighton and Hove City Council,England,"Old Boat Corner Community Centre, Carden Hill, Brighton",Brighton,BN1 8GN,50.864436,-0.126357,LAL,Yes,2017,,node,8521566153,,226
Chester Library at Storyhouse,Cheshire West and Chester Council,England,"Hunter Street, Chester",Chester,CH1 2AR,53.1922331,-2.8927946,LAL,Yes,2017,,node,4961870787,,61
Upton Cross Micro Library,Cornwall Council,England,"Linkinhorne Parish Hall Upton Cross, Liskeard",Liskeard,PL14 5AN,50.5236567,-4.4265828,CRL,No,2017,,,,,
Moulton,West Northamptonshire Council,England,"Moulton Community Centre, Reedings, Moulton",Moulton,NN3 7AX,52.290503,-0.841349,CRL,No,2017,http://www3.northamptonshire.gov.uk/councilservices/library-service/visiting-your-library/list-of-libraries/Pages/default.aspx,node,12541358066,,59
Bentham Library,North Yorkshire Council,England,"Main Street, Lancester",Lancester,LA2 7HG,54.117748,-2.510598,CRL,Yes,2017,,,,,
Netherton,Sefton Metropolitan Borough Council,England,"Glovers Lane, Liverpool",Liverpool,L30 3TL,53.4902029,-2.9784607,LAL,Yes,2017,,way,507331069,,4
Selly Oak Library,Birmingham City Council,England,"Tbase 750 Bristol Road, Birmingham",Birmingham,B29 6NA,52.440091,-1.938827,LAL,Yes,2017,,node,11209329425,,221
Heaton Hub Library,City of Bradford Metropolitan District Council,England," St. Martin's Church, Heaton, Bradford",Bradford,BD9 6LL,53.81642,-1.808133,CRL,No,2017,,way,155839446,Q53747229,138
Queensbury Library,City of Bradford Metropolitan District Council,England,"The Bank, 36 High Street , Bradford",Bradford,BD13 2PA,53.768415,-1.845354,CRL,No,2017,,,,,
Central Library & Archives Halifax,Calderdale Metropolitan Borough Council,England,"Square Road, Halifax",Halifax,HX1 1QG,53.722381,-1.855085,LAL,Yes,2017,https://www.calderdale.gov.uk/v2/residents/leisure-and-culture/libraries/your-local-library/central-library,way,545888914,,72
Finchley Church End,London Borough of Barnet,England,"318 Regents Park Road, London",London,N3 2LN,51.5998834,-0.1949156,LAL,Yes,2017,https://www.barnet.gov.uk/citizen-home/libraries.html,node,5141528223,,15
Cat and Mouse Library,London Borough of Islington,England,"277 Camden Road, London",London,N7 0JN,51.552717,-0.125074,LAL,Yes,2017,,node,8236937193,,5
Finsbury Library,London Borough of Islington,England,"245 St. John Street, London",London,EC1V 4NB,51.526486,-0.104553,LAL,Yes,2017,https://www.islington.gov.uk/libraries,way,73320333,Q55125666,17
Canning Town Library,London Borough of Newham,England,"18 Rathbone Market, Canning Town",Canning Town,E16 1EH,51.516824,0.0113245,LAL,Yes,2017,https://www.newham.gov.uk/Pages/ServiceChild/Canning-Town-Library.aspx,node,5395677847,,2
Ottery St Mary,Devon County Council,England,"Silver Street, Ottery St. Mary",Ottery St. Mary,EX11 1DB,50.751833,-3.27906,CL,Yes,2017,,way,829773387,Q55121725,30
Berkhamsted Library,Hertfordshire County Council,England,"185 High Street, Berkhamsted",Berkhamsted,HP4 3HB,51.7604435,-0.5652006,LAL,Yes,2017,https://www.hertfordshire.gov.uk/services/libraries-and-archives/library-opening-hours/berkhamsted-library.aspx,node,263211516,Q55111240,3
Hemel Hempstead Library,Hertfordshire County Council,England,"The Forum, Marlowes, Hemel Hempstead",Hemel Hempstead,HP1 1DN,51.754108,-0.473126,LAL,Yes,2017,https://www.hertfordshire.gov.uk/services/libraries-and-archives/library-opening-hours/hemel-hempstead-library.aspx,node,4806637554,,25
Chalbury,Oxfordshire County Council,England,"Charlbury Community Centre, Enstone Road, Charlbury",Charlbury,OX7 3PQ,51.874181,-1.482177,LAL,Yes,2017,https://www.oxfordshire.gov.uk/libraries,node,9444730318,Q55112948,61
Oxfordshire County Library,Oxfordshire County Council,England,"Westgate, Oxford",Oxford,OX1 1AY,51.75112,-1.261989,LAL,Yes,2017,https://www.oxfordshire.gov.uk/libraries,node,5186861861,Q7115264,107
Woodgreen,Oxfordshire County Council,England,"Woodgreen Leisure Centre, Woodgreen Avenue, Banbury",Banbury,OX16 0AT,52.060682,-1.353449,LAL,Yes,2017,https://www.oxfordshire.gov.uk/libraries,node,5612290113,,210
Shotley (Suffolk Libraries Local),Suffolk County Council,England,"Shotley Village Hall, The Street, Ipswich",Ipswich,IP9 1LX,51.969342,1.247463,CL,No,2017,,,,,
Merstham,Surrey County Council,England,"Merstham Community Hub, Merstham",Merstham,RH1 3HY,51.260918,-0.143665,LAL,Yes,2017,https://www.surreycc.gov.uk/libraries/your-library/find-your-nearest/merstham,node,5195793066,Q55121899,89
East Park Library,Hull City Council,England,"Central Pavillion, Holderness Road, Hull",Hull,HU8 8JU,53.764422,-0.302622,CL,Yes,2018,,node,6004588463,,2
Riddings Community Hub,North Lincolnshire Council,England,"Enderby Road, Scunthorpe",Scunthorpe,DN17 2JL,53.559081,-0.6724235,LAL,Yes,2018,https://www.opac.northlincs.gov.uk/-/riddings-library#/,,,,
Riverside Library,Derby City Council,England,"Council House, Corporation Street, Derby",Derby,DE1 2FS,52.923192,-1.473997,LAL,Yes,2018,https://www.inderby.org.uk/libraries/our-libraries/riverside-library/,node,5907337085,,10
Strelley Road Library,Nottingham City Council,England,"14 Strelley Road, Nottingham",Nottingham,NG8 3BJ,52.9741401,-1.2173506,LAL,Yes,2018,https://www.nottinghamcity.gov.uk/libraries,,,,
Bishop Sutton Community Library,Bath and North East Somerset Council,England,"The Link, The Street, Bishop Sutton",Bishop Sutton,BS39 5UU,51.3360949,-2.5939103,ICL,Yes,2018,,way,374550927,,7
Timsbury Community Library,Bath and North East Somerset Council,England,"North Road, Timsbury",Timsbury,BA2 0JH,51.3276169,-2.4730966,ICL,Yes,2018,https://www.timsbury.org.uk/hub/,,,,
Severn Beach Community Library,South Gloucestershire Council,England,"Severn Beach Village Hall, Ableton Lane, Severn Beach",Severn Beach,BS35 4PP,51.5593474,-2.661644,CRL,Yes,2018,https://www.southglos.gov.uk/libraries/severn-beach-community-library/,,,,
Stoke Gifford Community Library,South Gloucestershire Council,England,"The Old School Rooms, The Green, Stoke Gifford",Stoke Gifford,BS34 8PD,51.5157228,-2.544065,CRL,Yes,2018,https://www.southglos.gov.uk/libraries/st-michaels-church-community-library/,,,,
Milborne Port,Somerset Council,England,"Town Hall, London Rd, Milborne Port",Milborne Port,DT9 5DF,50.966208,-2.460414,CRL,Yes,2018,,node,2597439909,Q55163630,5
Atherton,Wigan Metropolitan Borough Council,England,"York Street , Atherton",Atherton,M46 9JQ,53.5258961,-2.4874619,LAL,Yes,2018,https://www.wigan.gov.uk/Resident/Libraries/Atherton-Library.aspx,node,370058236,,4
Maltby Library & Customer Service Centre,Rotherham Metropolitan Borough Council,England,"Braithwell Road, Maltby",Maltby,S66 8JE,53.423549,-1.204348,LAL,Yes,2018,,,,,
East Boldon (renamed Boldon and Cleadon Community Library),South Tyneside Council,England,"Boker Lane, East Boldon",East Boldon,NE36 0RY,54.946469,-1.439982,CRL,No,2018,,node,4290993402,Q54810928,5
Library at Hebburn Central,South Tyneside Council,England,"Hebburn Central, Glen Street, Hebburn",Hebburn,NE31 1PN,54.973847,-1.519321,LAL,No,2018,,node,4355318105,,121
Hawksworth Community Hub,Leeds City Council,England,"6 Broadway, Hawksworth Wood",Hawksworth Wood,LS5 3PR,53.8282702,-1.6159695,LAL,No,2018,http://leeds.gov.uk/libraries,,,,
North Harrow Community,London Borough of Harrow,England,"429-433 Pinner Road, Harrow",Harrow,HA1 4HN,51.5851921,-0.3607939,ICL,No,2018,https://northharrowlibrary.org/,node,8777450348,,19
Colliers Wood Library,London Borough of Merton,England,"High Street, Colliers Wood",Colliers Wood,SW19 2HR,51.4186217,-0.1774607,LAL,Yes,2018,https://libraries.merton.gov.uk/client/en_GB/merton/?rm=COLLIERS+WOOD+0%7C%7C%7C1%7C%7C%7C0%7C%7C%7Ctrue,node,5912764951,Q55125760,24
Brampton Community Library,Cambridgeshire County Council,England,"34 High Street, Huntingdon",Huntingdon,PE28 4TH,52.323327,-0.226035,CRL,No,2018,https://www.cambridgeshire.gov.uk/directory/listings/brampton-community-library,,,,
Clay Farm Library,Cambridgeshire County Council,England,"Clay Farm Centre, Hobson Square, Cambridge",Cambridge,CB2 9FN,52.173486,0.122603,CL,Yes,2018,https://www.cambridgeshire.gov.uk/directory/listings/clay-farm-library-trumpington-cambridge,,,,
Glossop,Derbyshire County Council,England,"Talbot Street, Glossop",Glossop,SK13 7DG,53.445592,-1.949419,LAL,Yes,2018,https://www.derbyshire.gov.uk/leisure/libraries/find-your-local-library/glossop-library.aspx,node,14079207394,,98
Bearsted Library,Kent County Council,England,"Bearsted Rail Station, Ware Street, Bearsted",Bearsted,ME14 4PH,51.275549,0.576418,LAL,Yes,2018,http://www.kent.gov.uk/leisure-and-community/libraries,node,11226875774,,101
Burgh le Marsh Community Hub Library,Lincolnshire County Council,England,"Tinkers Green, Jackson Lane, Burgh le Marsh",Burgh le Marsh,PE24 5LA,53.16236,0.246242,CRL,No,2018,https://www.lincolnshire.gov.uk/findalibrary,node,2324442418,,146
Holbeach Community Hub Library,Lincolnshire County Council,England,"Coop Store, 5 Fleet Street, Holbeach",Holbeach,PE12 7AD,52.803539,0.019624,CRL,No,2018,https://www.lincolnshire.gov.uk/findalibrary,node,10082129213,,85
Woodstock,Oxfordshire County Council,England,"The Oxfordshire Museum, Fletcher's House, Park Street, Woodstock",Woodstock,OX20 1SN,51.8477956,-1.3571817,LAL,Yes,2018,https://www.oxfordshire.gov.uk/libraries,node,13453188484,,4
Lichfield Library,Staffordshire County Council,England,"The Guild of St. Mary's Centre, Market Square, Lichfield",Lichfield,WS13 6LG,52.683392,-1.827885,LAL,Yes,2018,https://www.staffordshire.gov.uk/Libraries/branchlibraries/LichfieldLibrary/LichfieldLibrary.aspx,node,12441895089,,17
Newcastle-under -Lyme Library,Staffordshire County Council,England,"Castle House, Barracks Road, Newcastle-under-Lyme",Newcastle-under-Lyme,ST5 1BL,53.01203,-2.22454,LAL,Yes,2018,https://www.staffordshire.gov.uk/Libraries/branchlibraries/NewcastleLibrary/NewcastleLibrary.aspx,way,1518410363,,16
Rushmere (Suffolk Libraries Local),Suffolk County Council,England,"Ransomes Sports Pavilion, Sidegate Avenue, Ipswich",Ipswich,IP4 4JJ,52.067276,1.182754,CL,No,2018,,,,,
Baysgarth Community Hub,North Lincolnshire Council,England,"Baysgarth Park, Brigg Road,, Barton-upon-Humber",Barton-upon-Humber,DN18 5DT,53.6777686,-0.4383403,LAL,Yes,2019,https://www.opac.northlincs.gov.uk/-/barton-library#/?location=Barton%20Library,,,,
Normanton,Derby City Council,England,"St. Augustine's Community Centre, Almond Street, Derby",Derby,DE23 6LX,52.905183,-1.485481,LAL,Yes,2019,,,,,
Trentham Reads (Book Collection),Stoke-on-Trent City Council,England,"Trentham Community Learning Centre, Trentham Academy, Allerton Road, Trentham",Trentham,ST4 8PQ,52.971068,-2.193013,CRL,No,2019,,,,,
Peasedown St. John Community Library,Bath and North East Somerset Council,England,"33a, St. John's Close, Peasedown St. John",Peasedown St. John,BA2 8JG,51.3125163,-2.4319794,ICL,Yes,2019,https://www.facebook.com/PSJCommunityLibrary/,,,,
Scholars Chase Library,South Gloucestershire Council,England,"Stoke Gifford Extra Care Village, Edward Parker Road ",South Gloucestershire,BS16 1YG,51.4992065,-2.541152,CRL,Yes,2019,https://www.southglos.gov.uk/libraries/scholars-chase-library/,,,,
Daventry,West Northamptonshire Council,England,"The Abbey Advice& Resource Centre, Market Street, Daventry",Daventry,NN11 4XG,52.259,-1.160002,LAL,Yes,2019,http://www3.northamptonshire.gov.uk/councilservices/library-service/visiting-your-library/list-of-libraries/Pages/default.aspx,node,8151909407,Q55163570,6
Ashton Library,Tameside Metropolitan Borough Council,England,"Tameside One, Market Place, Ashton",Ashton,OL6 6BH,53.489975,-2.09452,LAL,Yes,2019,http://www.tameside.gov.uk/libraries,,,,
Library @ The Lightbox,Barnsley Metropolitan Borough Council,England,"1 The Glass Works, Barnsley",Barnsley,S70 1GW,53.5528493,-1.479667,LAL,Yes,2019,,way,487848183,,2
Brinsworth Library,Rotherham Metropolitan Borough Council,England,"Field View, Brinsworth",Brinsworth,S60 5DG,53.404716,-1.366593,CRL,Yes,2019,,,,,
East End Library,Newcastle City Council,England,"Hadrian Square, Newcastle upon Tyne ",Newcastle upon Tyne,NE6 1AL,54.9767327,-1.5778119,LAL,Yes,2019,http://www.newcastle.gov.uk/leisure-libraries-and-tourism/libraries,way,62142497,Q44095231,33
Boldon Lane,South Tyneside Council,England,"Boldon Lane, South Shields",South Shields,NE34 0LZ,54.969253,-1.43873,CRL,No,2019,,node,4315486849,Q54810926,5
Jarrow Focus Library,South Tyneside Council,England,"Cambrian Street, Jarrow",Jarrow,NE32 3QN,54.981374,-1.485418,LAL,No,2019,,way,231926997,Q54810929,80
Birkby & Fartown Library,Kirklees Council,England,"Lea Street, Hillhouse, Huddersfield",Huddersfield,HD1 6HF,53.658099,-1.784203,LAL,Yes,2019,,node,2091884694,,142
Burmantofts Community Hub and Library,Leeds City Council,England,"Rigton Lawn, Burmantofts",Burmantofts,LS9 7QA,53.8007414,-1.5235757,LAL,No,2019,https://www.leeds.gov.uk/community-hubs/burmantofts,,,,
Guiseley Library,Leeds City Council,England,"Aireborough Leisure Centre, The Green, Guiseley",Guiseley,LS20 9BT,53.8731063,-1.7072547,LAL,Yes,2019,http://leeds.gov.uk/libraries,node,8618816670,Q42892204,53
Kirkgate Market Community Hub & Library,Leeds City Council,England,"Vicar Lane, Leeds",Leeds,LS2 7HY,53.7970847,-1.5400592,LAL,No,2019,http://leeds.gov.uk/libraries,node,9356627362,,70
New Barnet Leisure Centre & Library,London Borough of Barnet,England,"Victoria Recreation Ground, 1 Lawton Road, New Barnet",New Barnet,EN4 9BS,51.6527399,-0.1689872,CRL,Yes,2019,,,,,
North Woolwich Library,London Borough of Newham,England,"78 Albert Road, North Woolwich",North Woolwich,E16 2DY,51.5014563,0.0534096,LAL,Yes,2019,https://www.newham.gov.uk/Pages/ServiceChild/North-Woolwich-Library.aspx,,,,
Grove Vale Library,London Borough of Southwark,England,"18-22 Grove Vale, East Dulwich, Southwark",Southwark,SE22 8EF,51.4614668,-0.0800287,LAL,Yes,2019,https://www.southwark.gov.uk/libraries/find-a-library?chapter=8,node,6146671287,,30
Chrishall Community Library,Essex County Council,England,"Chrishall Pavilion, Jigneys Meadow, Chrishall",Chrishall,SG8 8RP,52.032549,0.105076,CRL,Yes,2019,,,,,
Finchingfield Community Library,Essex County Council,England,"Finchingfield Guildhall, Church Hill, Finchingfield",Finchingfield,CM7 4NN,51.968239,0.452485,CRL,Yes,2019,,,,,
Great Bromley Community Library,Essex County Council,England,"The Great Bromley Cross Inn, Ardleigh Road, Colchester",Colchester,CO7 7TL,51.908006,1.004654,CRL,Yes,2019,,,,,
Lamarsh Community Library,Essex County Council,England,"Lamarsh Village Hall, Henny Road, Lamarsh, Bures",Bures,CO8 5EU,51.989258,0.751353,CRL,Yes,2019,,,,,
Steeple Bumstead Community Library,Essex County Council,England,"The Moot Hall, Steeple Bumpstead, Haverhill",Haverhill,CB9 7DQ,52.043554,0.448922,CRL,Yes,2019,,,,,
Hatfield Library,Hertfordshire County Council,England,"White Lion Square, Hatfield",Hatfield,AL10 0LD,51.7641462,-0.2257853,LAL,Yes,2019,https://www.hertfordshire.gov.uk/services/libraries-and-archives/library-opening-hours/hatfield-library.aspx,way,678891756,Q55111256,5
Knebworth Community Library,Hertfordshire County Council,England,"7 St. Martins Road, Knebworth",Knebworth,SG3 6ER,51.8660869,-0.1816751,CRL,Yes,2019,https://www.hertfordshire.gov.uk/services/libraries-and-archives/library-opening-hours/knebworth-community-library.aspx,node,485199901,Q55111264,7
Redbourn Community Library,Hertfordshire County Council,England,"Dunstable Road, Redbourn",Redbourn,AL3 7BE,51.8016423,-0.3978782,CRL,Yes,2019,https://www.hertfordshire.gov.uk/services/libraries-and-archives/library-opening-hours/redbourn-community-library.aspx,,,,
Wheathampstead Commnity Library,Hertfordshire County Council,England,"Marford Road, Wheathampstead",Wheathampstead,AL4 8AY,51.810994,-0.2900094,CRL,Yes,2019,https://www.hertfordshire.gov.uk/services/libraries-and-archives/library-opening-hours/wheathampstead-community-library.aspx,node,9459180702,,192
Tunbridge Wells Library (Temporary location),Kent County Council,England,"Level 1, Royal Victoria Place Shopping Centre, Tunbridge Wells",Tunbridge Wells,TN1 2SS,51.134788,0.265233,LAL,Yes,2019,,way,198364112,Q26520985,195
Castle Donington,Leicestershire County Council,England,"101 Bondgate, Castle Donington",Castle Donington,DE74 2NR,52.843487,-1.338279,CRL,No,2019,,node,6179797349,Q55121816,130
Attleborough Library,Norfolk County Council,England,"Church Street, Attleborough",Attleborough,NR17 2AH,52.518315,1.017926,LAL,Yes,2019,,node,6489476221,,89
Barton Community Library,Oxfordshire County Council,England,"Barton Neighbourhood Centre, Underhill Circus, Headington",Headington,OX3 9LS,51.7677923,-1.1965038,LAL,Yes,2019,https://www.oxfordshire.gov.uk/libraries,node,11874032791,,7
Eye,Suffolk County Council,England,"6 Cross Street, Eye",Eye,IP23 7AB,52.32077,1.145578,CL,Yes,2019,,way,607676393,Q55113021,27
Horley,Surrey County Council,England,"55-57 Russell Square, Victoria Road , Horley",Horley,RH6 7QH,51.1703399,-0.1622974,LAL,Yes,2019,https://www.surreycc.gov.uk/libraries/your-library/find-your-nearest/horley,node,208708660,Q55121893,4
Hornsea Library & Customer Service Centre,East Riding of Yorkshire Council,England,"Hornsea Hub, Broadway, Hornsea",Hornsea,HU18 1PZ,53.911829,-0.161787,LAL,Yes,2020,,node,11616121487,Q53799338,111
Crowle Community Hub,North Lincolnshire Council,England,"Market Hall, Market Place, DN17 4LA, Crowle",Crowle,DN17 4LA,53.606,-0.833665,LAL,Yes,2020,,way,1015884215,,16
Hungate Reading CafÃ©,City of York Council,England,"Ground Floor, Bellerby Court, Hungate,, York",York,YO1 7AF,53.9587524,-1.0756725,CL,No,2020,https://exploreyork.org.uk/cafes/hungate-york-reading-cafe/,,,,
Madeley Library,Telford & Wrekin Council,England,"The Anstice, Park Avenue, Madeley, Telford","Madeley, Telford",TF7 5BB,52.6364499,-2.4507747,LAL,Yes,2020,,relation,1638766,,6
St Budeaux Library,Plymouth City Council,England,"The Square, Victoria Road, Plymouth",Plymouth,PL5 1RQ,50.403032,-4.186847,LAL,Yes,2020,https://www.plymouth.gov.uk/libraries,way,229326224,Q53570012,10
Arborfield Pop-up,Wokingham Borough Council,England,"Arborfield Green Community Centre, Sheerlands Road, Reading",Reading,RG2 9ND,51.382341,-0.901168,LAL,Yes,2020,https://directory.wokingham.gov.uk/kb5/wokingham/directory/service.page?id=p9pTkeP7ebA&familieschannel=110?id=p9pTkeP7ebA&adultschannel=0,,,,
Shanklin Community Library,Isle of Wight Council,England,"Falcon Cross Rd, , Shanklin",Shanklin,PO37 7LA,50.631193,-1.178924,CRL,No,2020,,node,8269655111,,19
Pontesbury,Shropshire Council,England,"The Pavilion, Hall Bank, Pontesbury",Pontesbury,SY5 0RF,52.650564,-2.888159,LAL,Yes,2020,,way,966829887,,40
Morpeth Chantry Library,Northumberland County Council,England,"Bridge Street, Morpeth ",Morpeth,NE61 1PD,55.166869,-1.686932,LAL-,No,2020,,,,,
St Helens Library,St Helens Council,England,"Chalon Way East, St. Helens",St. Helens,WA10 1BX,53.4502947,-2.7350885,LAL,Yes,2020,https://www.sthelens.gov.uk/article/1930/Find-your-library#SHL,node,12151360054,,41
Doncaster Central Library,Doncaster Metropolitan Borough Council,England,"Danum Gallery, Library and Museum, Waterdale, Doncaster",Doncaster,DN1 3BZ,53.5210053,-1.1298577,LAL,Yes,2020,https://library.doncaster.gov.uk/web/arena/central-library,,,,
Mixenden,Calderdale Metropolitan Borough Council,England,"Clough Lane, Halifax",Halifax,HX2 8SH,53.753664,-1.909061,LAL,Yes,2020,,,,,
Walton,Wakefield Metropolitan District Council,England,"Charles Waterton House, Almond Avenue, Walton , Wakefield",Wakefield,WF2 6UA,53.647288,-1.458258,ICL,No,2020,,way,891202003,,42
Greenhill,London Borough of Harrow,England,"Perceval Square, College Road, Harrow",Harrow,HA1 1GX,51.5794759,-0.3358372,LAL,Yes,2020,https://www.harrow.gov.uk/libraries/harrow-library-branches#greenhill,node,11182613898,,17
Wood Street Library,London Borough of Waltham Forest,England,"1 Troubridge Square, Wood Street",London,E17 3HB,51.588051,-0.004768,LAL,Yes,2020,,node,13900912679,,109
Sawston Library,Cambridgeshire County Council,England,"Swaston Village College, New Road, Sawston",Sawston,CB22 3BP,52.126461,0.163731,LAL,Yes,2020,https://www.cambridgeshire.gov.uk/directory/listings/sawston-library,way,617705639,Q55163459,132
Belper,Derbyshire County Council,England,"Derwent Street, Belper",Belper,DE56 1UQ,53.022906,-1.48717,LAL,Yes,2020,,node,1294897230,Q54810804,109
Bovey Tracey,Devon County Council,England,"Riverside Community Centre, Bovey Tracey",Bovey Tracey,TQ13 9AW,50.591016,-3.67788,CL,Yes,2020,,,,,
Stonehouse,Gloucestershire County Council,England,"High Street, Stonehouse",Stonehouse,GL10 2NG,51.747097,-2.282777,LAL,Yes,2020,,node,8699604178,,135
Bewsey & Dallam Library ,Warrington Borough Council,England,"Bewsey & Dallam Hub, Longshaw Street, Warrington",Warrington,WA5 0DY,53.4051618,-2.6051192,CL,Yes,2021,https://livewirewarrington.co.uk/library/our-libraries/,,,,
Explore at the Community Stadium,City of York Council,England,"Kathryn Avenue, Monks Cross Drive,, Huntington",Huntington,YO32 9AF,53.9846081,-1.051759,CL,Yes,2021,https://exploreyork.org.uk/explore-at-york-stadium/,node,8265446030,,11
Meir Library,Stoke-on-Trent City Council,England,"Meir Community Education Centre, Pickford Place, Meir, Stoke-on-Trent",Stoke-on-Trent,ST3 7DY,52.977648,-2.107544,LAL,Yes,2021,,way,778192192,,236
Market Lavington Library,Wiltshire Council,England,"The Old School, Church Street, Market Lavington, Devizes",Devizes,SN10 4DT,51.28622,-1.979982,LAL,Yes,2021,,,,,
Amersham Library,Buckinghamshire Council,England,"Chilterns Lifestyle Centre, Chiltern Avenue, Amersham",Amersham,HP6 5AH,51.6757972,-0.60281,LAL,Yes,2021,https://www.buckinghamshire.gov.uk/libraries/information-about-local-library/amersham-library/,way,1010190120,Q55173369,16
Oldbury Library,Sandwell Metropolitan Borough Council,England,"Sandwell Council House, Freeth Street, Oldbury",Oldbury,B69 3DB,52.50424,-2.017791,LAL,Yes,2021,,node,7640349150,Q55183990,118
Southwark Heritage Centre and Walworth Library ,London Borough of Southwark,England,"147 Walworth Road, London , Southwark",Southwark,SE17 1RW,51.4916595,-0.0975146,LAL,Yes,2021,https://www.southwark.gov.uk/libraries/find-a-library?chapter=13,node,12488154666,,9
Wickford Library,Essex County Council,England,"Ground Floor, Unit 8, The Willows, Market Road, Wickford",Wickford,SS12 0RA,51.613518,0.520113,LAL,Yes,2021,,,,,
Southborough Library,Kent County Council,England,"137 London Road, Southborough, Tunbridge Wells",Tunbridge Wells,TN4 0NA,51.156309,0.260166,LAL,Yes,2021,,node,9250135018,,11
Mildenhall,Suffolk County Council,England,"Mildenhall Hub, Sheldrick Way",Mildenhall,IP28 7JX,52.343472,0.502858,CL,Yes,2021,,node,9425622973,Q55113042,184
Whitnash Civic Centre & Library,Warwickshire County Council,England,"Acre Close, Whitnash",Whitnash,CV31 2ND,52.269286,-1.528019,LAL,Yes,2021,,node,2032346191,,74
Throston Grange Library,Hartlepool Borough Council,England,"Throston Youth Project, Wiltshire Way, Hartlepool",Hartlepool,TS26 0TB,54.696218,-1.238225,LAL,Yes,2022,,node,372854377,,201
Langdale Library and Laundry Room,Blackpool Borough Council,England,"1a Langdale Place, Blackpool",Blackpool,FY4 4TR,53.799564,-2.996695,LAL,Yes,2022,,node,6044365858,,21
Southmead,Bristol City Council,England,"Southmead House, 256 Greystoke Avenue, Southmead",Southmead,BS10 6BQ,51.503766,-2.599242,LAL,Yes,2022,,node,11091817695,Q55173358,39
Horton Pop Up Library,Royal Borough of Windsor and Maidenhead,England,"Champney Hall, Horton, Slough ",Slough,SL3 9PA,51.473135,-0.540307,LAL,Yes,2022,,,,,
Sunningdale Pop Up Library,Royal Borough of Windsor and Maidenhead,England,"The Pavilion, Ascot",Ascot,SL5 0QS,51.395062,-0.636322,LAL,Yes,2022,,node,12544146221,,2
Shinfield Micro-Library,Wokingham Borough Council,England,"School Green Community Centre, School Green, Shinfield",Shinfield,RG2 9EH,51.404885,-0.94636,LAL-,No,2022,,,,,
Wokingham,Wokingham Borough Council,England,"Carnival Hub, Wellington Road, Wokingham",Wokingham,RG40 2AF,51.407558,-0.838121,LAL,Yes,2022,,node,14019416380,Q55184340,19
Melksham Library,Wiltshire Council,England,"Melksham Community Campus, Market Place, Melksham",Melksham,SN12 6ES,51.370989,-2.139427,LAL,Yes,2022,,node,13164870895,,164
Bedlington Station Library,Northumberland County Council,England,"East Bedlington Community Centre , Bedlington",Bedlington,NE22 5JN,55.134487,-1.576214,LAL,Yes,2022,,,,,
St James,West Northamptonshire Council,England,"Doddridge Centre, 109 St James Road, Northampton",Northampton,NN5 5LD,52.238322,-0.91337,CRL,No,2022,,,,,
Millom Library,Cumberland Council,England,"Millom Community Centre, Salthouse Road, Millom",Millom,LA18 5AB,54.213731,-3.26967,LAL,Yes,2022,,,,,
Little Lever Library,Bolton Metropolitan Borough Council,England,"63 Market Street, Little Lever, Bolton",Bolton,BL3 1HH,53.561987,-2.371909,LAL,Yes,2022,,way,507969193,Q54913946,186
Timperley,Trafford Metropolitan Borough Council,England,"405 Stockport Road, Timperley",Timperley,WA15 7XR,53.398559,-2.315695,LAL,Yes,2022,,way,1306005642,,51
Seacombe,Wirral Borough Council,England,"St Pauls Road, Wallasey",Wallasey,CH44 7AN,53.409554,-3.02172,LAL,Yes,2022,,,,,
Aston Library,Birmingham City Council,England,"Aston Fire Station Ettington Road , Birmingham",Birmingham,B6 6ED,52.505087,-1.893691,LAL,Yes,2022,,way,83679648,,165
Baildon Library,City of Bradford Metropolitan District Council,England,"  2-4 Northgate, Baildon",Baildon,BD17 6JX,53.853939,-1.766494,LAL,Yes,2022,https://www.bradford.gov.uk/libraries/find-your-local-library/baildon-library/,node,11342128125,,39
Huddersfield Library,Kirklees Council,England,"Civic Centre 3, High Street, Huddersfield",Huddersfield,HD1 2EY,53.6443478,-1.7860918,LAL,Yes,2022,https://www.kirklees.gov.uk/Libraries,,,,
Sidcup Library,London Borough of Bexley,England,"106 High Street, Kent ",Kent,DA14 6DS,51.42621,0.102131,LAL,Yes,2022,,way,536729219,Q55125311,215
Ponders End,London Borough of Enfield,England,"198-200 High Street, , Ponders End",Ponders End,EN3 4DX,51.6454021,-0.0467992,LAL,Yes,2022,https://libraries.enfield.gov.uk/client/en_GB/enfield,node,10128041919,,85
Catford library,London Borough of Lewisham,England,"23-24 Winslade Way, London",London,SE6 4JU,51.445867,-0.020773,LAL,Yes,2022,,node,13878265,Q55111296,45
Killamarsh,Derbyshire County Council,England,"Stanley Street, Killamarsh",Killamarsh,S21 1EL,53.324269,-1.315028,LAL,Yes,2022,https://www.derbyshire.gov.uk/leisure/libraries/find-your-local-library/killamarsh-library.aspx,way,695651075,,65
North Baddesley,Hampshire County Council,England,"All Saints Church And Hall, Rownhams Road, North Baddesley",North Baddesley,SO52 9EQ,50.976356,-1.439407,ICL,No,2022,,node,3926009652,,200
Tunbridge Wells Library  at The Amelia,Kent County Council,England,"Mount Pleasant Road , Tunbridge Wells",Tunbridge Wells,TN1 1NS,51.133059,0.2639763,LAL,Yes,2022,http://www.kent.gov.uk/leisure-and-community/libraries,,,,
Long Melford,Suffolk County Council,England,"Royal British Legion,, Cordell Road, ",Long Melford,CO10 9EH,52.078598,0.720168,CL,Yes,2022,,,,,
Moreton Hall ,Suffolk County Council,England,"Moreton Hall Community Centre, Symonds Road",Bury St Edmunds,IP32 7EE,52.245337,0.740848,CL,Yes,2022,,,,,
Needham Market,Suffolk County Council,England,"4 Teachers Close (off School Street),, Needham Market",Needham Market,IP6 8BB,52.151535,1.052454,CL,Yes,2022,,way,571041225,Q55113043,113
Red Lodge (Suffolk Libraries Local),Suffolk County Council,England,"Red Lodge Sports Pavilion, Hundred Acre Way",Bury Saint Edmunds,IP28 8FQ,52.304953,0.497989,CL,No,2022,,,,,
Southwold,Suffolk County Council,England,"Old Hospital Hub, Field Stile Road",Suffolk,IP18 6LD,52.329435,1.679966,CL,Yes,2022,,node,9758383334,Q55113050,68
Nailsea library,North Somerset  Council,England,"6-8 Colliers Walk, Nailsea",Nailsea,BS48 1RH,51.432781,-2.7595315,LAL,Yes,2023,https://n-somerset.gov.uk/directories/libraries/nailsea-library,way,636647150,Q55163606,4
Community Hub Central,Hartlepool Borough Council,England,"124 York Road, Hartlepool",Hartlepool,TS26 9DE,54.683639,-1.2159223,LAL,Yes,,https://www.hartlepool.gov.uk/directory_record/83/community_hub_central,way,167053187,,16
Community Hub South,Hartlepool Borough Council,England,"Wynard Road, Hartlepool",Hartlepool,TS25 3LQ,54.6610943,-1.2375326,LAL,Yes,,https://www.hartlepool.gov.uk/directory_record/87/owton_manor_library_in_community_hub_south,node,519646750,,15
Headland Library,Hartlepool Borough Council,England,"Middlegate, Hartlepool",Hartlepool,TS24 0JD,54.6964022,-1.1834661,LAL,Yes,,https://www.hartlepool.gov.uk/directory_record/84/headland_library,,,,
Seaton Carew Library,Hartlepool Borough Council,England,"Station Lane, Hartlepool",Hartlepool,TS25 1BN,54.6610938,-1.1903747,LAL,Yes,,https://www.hartlepool.gov.uk/directory_record/86/seaton_carew_library,,,,
Acklam Library & Community Hub,Middlesbrough Borough Council,England,"Acklam Road, Acklam, Middlesbrough",Middlesbrough,TS5 7AB,54.547819,-1.259079,LAL,Yes,,https://libraries.middlesbrough.gov.uk/,way,60953902,,65
Central Library,Middlesbrough Borough Council,England,"Centre Square, Middlesbrough",Middlesbrough,TS1 2AY,54.5744282,-1.2336593,LAL,Yes,,https://libraries.middlesbrough.gov.uk/,way,60953958,Q26432651,6
Easterside Community Hub & Library,Middlesbrough Borough Council,England,"Broughton Avenue, Easterside, Middlesbrough",Middlesbrough,TS4 3PZ,54.543349,-1.215771,LAL,Yes,,https://libraries.middlesbrough.gov.uk/,,,,
Grove Hill Community Hub & Library,Middlesbrough Borough Council,England,"Bishopton Road, Grove Hill, Middlesbrough",Middlesbrough,TS4 2RP,54.559058,-1.226184,LAL,Yes,,https://libraries.middlesbrough.gov.uk/,,,,
Hemlington Library & Community Hub,Middlesbrough Borough Council,England,"Crosscliffe, Hemlington, Middlesbrough",Middlesbrough,TS8 9JJ,54.523627,-1.240467,LAL,Yes,,https://libraries.middlesbrough.gov.uk/,,,,
Marton Library & Community Hub,Middlesbrough Borough Council,England,"The Willows, Marton, Middlesbrough",Middlesbrough,TS7 8BL,54.532089,-1.197999,LAL,Yes,,https://libraries.middlesbrough.gov.uk/,,,,
Neptune Centre Library,Middlesbrough Borough Council,England,"Neptune Centre, Ormesby Road, Middlesbrough",Middlesbrough,TS3 7RP,54.559803,-1.203902,LAL,Yes,,https://libraries.middlesbrough.gov.uk/,,,,
North Ormesby Community Hub & Library,Middlesbrough Borough Council,England,"Derwent Street, North Ormesby, Middlesbrough",Middlesbrough,TS3 6JB,54.57096,-1.211961,LAL,Yes,,https://libraries.middlesbrough.gov.uk/,node,1347267808,,23
Rainbow Library,Middlesbrough Borough Council,England,"Parkway Centre, Coulby Newham, Middlesbrough",Middlesbrough,TS8 0TJ,54.524385,-1.216348,LAL,Yes,,https://libraries.middlesbrough.gov.uk/,,,,
Thorntree Community Hub & Library,Middlesbrough Borough Council,England,"Birkhall Road, Thorntree, Middlesbrough",Middlesbrough,TS3 9JW,54.564591,-1.183921,LAL,Yes,,https://libraries.middlesbrough.gov.uk/,,,,
Brotton Library,Redcar and Cleveland Borough Council,England,"Freebrough Academy, Linden Road , Saltburn-by-the-Sea",Saltburn-by-the-Sea,TS12 2SJ,54.5692554,-0.946045,LAL,Yes,,,,,,
Dormanstown Library,Redcar and Cleveland Borough Council,England,"3 Farndale Square, Redcar",Redcar,TS10 5HQ,54.6063171,-1.0876116,LAL,Yes,,,,,,
Grangetown Library,Redcar and Cleveland Borough Council,England,"172 Birchington Avenue, Middlesbrough",Middlesbrough,TS6 7LP,54.569293,-1.1423445,LAL,Yes,,,,,,
Guisborough Library,Redcar and Cleveland Borough Council,England,"90 Westgate, Guisborough",Guisborough,TS14 6AP,54.5352701,-1.0566342,LAL,Yes,,,way,982101124,Q54807332,10
Laburnum Road Library,Redcar and Cleveland Borough Council,England,"338 Laburnum Road, Redcar",Redcar,TS10 3QR,54.6051926,-1.0477729,LAL,Yes,,,,,,
Loftus Library,Redcar and Cleveland Borough Council,England,"Hall Grounds, Saltburn-by-the-Sea",Saltburn-by-the-Sea,TS13 4HJ,54.5535418,-0.8873704,LAL,Yes,,,,,,
Marske Library,Redcar and Cleveland Borough Council,England,"Windy Hill Lane, Redcar",Redcar,TS11 7BL,54.5914393,-1.0169868,LAL,Yes,,,way,441802203,Q54807375,5
Ormesby Library,Redcar and Cleveland Borough Council,England,"Sunnyfield, Middlesbrough",Middlesbrough,TS7 9BL,54.5472688,-1.1787928,LAL,Yes,,,way,1327094309,Q54807391,3
Redcar Library,Redcar and Cleveland Borough Council,England,"Redcar & Cleveland House,  Kirkleatham Street, Redcar",Redcar,TS10 1RT,54.6165815,-1.0719783,LAL,Yes,,,node,1686596264,,13
Saltburn Library,Redcar and Cleveland Borough Council,England,"Windsor Road, Saltburn-by-the-Sea",Saltburn-by-the-Sea,TS12 1AT,54.5825053,-0.9725013,LAL,Yes,,,way,883690082,Q54807447,5
Skelton Library,Redcar and Cleveland Borough Council,England,"Consiton Road, Saltburn-by-the-Sea",Saltburn-by-the-Sea,TS12 2HP,54.5613447,-0.9836735,LAL,Yes,,,node,562870347,Q54807451,10
South Bank Library,Redcar and Cleveland Borough Council,England,"Normanby Road, Middlesbrough",Middlesbrough,TS6 6TD,54.5711362,-1.1680487,LAL,Yes,,,,,,
Fairfield Library,Stockton-on-Tees Borough Council,England,"Fairfield Road, Stockton",Stockton,TS19 7AJ,54.562726,-1.350949,LAL,Yes,,,way,935468283,Q55184121,147
Ingleby Barwick Library,Stockton-on-Tees Borough Council,England,"Blair Avenue, Ingleby Barwick",Ingleby Barwick,TS17 5BL,54.518585,-1.319947,LAL,Yes,,,node,482725575,,66
Norton Library,Stockton-on-Tees Borough Council,England,"87 High Street, Norton",Norton,TS20 1AE,54.589507,-1.311851,LAL,Yes,,,way,92246105,Q55184125,13
Stockton Central Library & Customer Service Centre,Stockton-on-Tees Borough Council,England,"The Square, Stockton",Stockton,TS18 1TU,54.566595,-1.311201,LAL,Yes,,,way,92244370,Q55184126,7
Thornaby Central Library & Customer Service Centre,Stockton-on-Tees Borough Council,England,"Wrightson House, Thornaby",Thornaby,TS17 7EW,54.555234,-1.295265,LAL,Yes,,,,,,
Yarm Library,Stockton-on-Tees Borough Council,England,"41 The High Street, Yarm",Yarm,TS15 9BH,54.508508,-1.354495,LAL,Yes,,,way,1431824226,Q55184133,23
Cockerton Library,Darlington Borough Council,England,"Cockerton Library, Woodland Road",Darlington,DL3 9AA,54.533474,-1.578659,LAL,Yes,,https://www2.darlington.gov.uk/,way,381264892,Q54810934,43
Darlington Library,Darlington Borough Council,England,"Darlington Library, Crown Street",Darlington,DL1 1ND,54.5260937,-1.5525236,LAL,Yes,,https://www2.darlington.gov.uk/,way,114311077,Q26608706,14
Ditton,Halton Borough Council,England,"Queens Avenue, Ditton",Ditton,WA8 8HR,53.367696,-2.769435,LAL,Yes,,,way,843534711,,46
Halton Lea,Halton Borough Council,England,"Halton Lea, Runcorn",Runcorn,WA7 2PF,53.3290528,-2.6977187,LAL,Yes,,,way,32227066,,3
Runcorn,Halton Borough Council,England,"Granville Street, Runcorn",Runcorn,WA7 1NE,53.342281,-2.73329,LAL,Yes,,,way,28537225,Q55183598,16
Widnes,Halton Borough Council,England,"Victoria Square, Widnes",Widnes,WA8 7QY,53.362137,-2.733316,LAL,Yes,,,way,26540218,Q55183600,31
Grappenhall Library,Warrington Borough Council,England,"25 Albert Road, Grappenhall",Grappenhall,WA4 2PE,53.3742689,-2.5496695,CRL,No,,https://friendsofgrappenhalllibrary.wordpress.com/,way,764010863,Q55184288,2
Stockton Heath Library,Warrington Borough Council,England,"Alexandra Park, Stockton Heath",Stockton Heath,WA4 2AN,53.3724071,-2.5766286,CL,Yes,,https://livewirewarrington.co.uk/library/our-libraries/,way,264163434,,8
Blackburn Library,Blackburn with Darwen Borough Council,England,"Town Hall Street, Blackburn",Blackburn,BB2 1AG,53.749682,-2.485027,LAL,Yes,,,way,275817426,Q51994042,36
Cherry Tree Library,Blackburn with Darwen Borough Council,England,"Cherry Tree Lane, Blackburn. BB2 5NX, Blackburn",Blackburn,BB2 5NX,53.729292,-2.525941,CRL,Yes,,,node,28892525,,29
Darwen Library,Blackburn with Darwen Borough Council,England,"Knott Street, Darwen.  BB3 3BU, Darwen",Darwen,BB3 3BU,53.6966971,-2.4661491,LAL,Yes,,,node,975056551,,10
Mill Hill Library ,Blackburn with Darwen Borough Council,England,"Mill Hill Community Centre, New Chapel Street, Mill Hill , Blackburn",Blackburn,BB2 4DT,53.734077,-2.502795,CRL,Yes,,,,,,
Roman Road Library ,Blackburn with Darwen Borough Council,England,"Fishmoor Drive, Blackburn",Blackburn,BB2 3UY,53.728431,-2.472202,CL,Yes,,,node,12825543029,,62
Anchorsholme,Blackpool Borough Council,England,"Luton Road, Blackpool",Blackpool,FY5 3RS,53.8699262,-3.0325541,LAL,Yes,,https://www.blackpool.gov.uk/,way,1332898641,Q54913954,9
Blackpool Central,Blackpool Borough Council,England,"Queen Street, Blackpool",Blackpool,FY1 1PX,53.8205816,-3.0530804,LAL,Yes,,https://www.blackpool.gov.uk/,way,146615111,Q5061357,5
Layton,Blackpool Borough Council,England,"Talbot Road, Blackpool",Blackpool,FY3 7BD,53.8271416,-3.0326271,LAL,Yes,,https://www.blackpool.gov.uk/,way,1121026480,Q54913956,5
Library @ the Grange,Blackpool Borough Council,England,"Bathurst Avenue, Blackpool",Blackpool,FY3 7RW,53.8288974,-3.0174658,LAL,Yes,,https://www.blackpool.gov.uk/,,,,
Palatine,Blackpool Borough Council,England,"St Annes Road, Blackpool",Blackpool,FY4 2AP,53.7951557,-3.0415586,LAL,Yes,,https://www.blackpool.gov.uk/,way,187132938,,3
Revoe,Blackpool Borough Council,England,"Revoe Street, Blackpool",Blackpool,FY1 5HN,53.8088766,-3.0451332,LAL,Yes,,https://www.blackpool.gov.uk/,node,581958202,Q54913960,2
Anlaby Park Library,Hull City Council,England,"The Greenway, anlaby High Road, , Hull",Hull,HU4 6XH,53.743889,-0.406801,ICL,Yes,,http://anlabyparklibrary.com/,node,256332096,Q54807174,171
Beverley Library,East Riding of Yorkshire Council,England,"Champney Road, Beverley",Beverley,HU17 8HE,53.839576,-0.43334,LAL,Yes,,,,,,
Bridlington Central Library,East Riding of Yorkshire Council,England,"14 King Street, Bridlington",Bridlington,YO15 2DF,54.082093,-0.191211,LAL,Yes,,,node,3183081045,,3
Brough Library & Customer Service Centre,East Riding of Yorkshire Council,England,"East Riding Petuaria Centre, Centurion Way, Brough",Brough,HU15 1DF,53.728662,-0.569238,LAL,Yes,,,way,84659013,,84
Cottingham Library & Customer Service Centre,East Riding of Yorkshire Council,England,"Market Green, Cottingham",Cottingham,HU16 5QG,53.781505,-0.41452,LAL,Yes,,,way,293335800,Q53799253,34
Driffield Library & Customer Service Centre,East Riding of Yorkshire Council,England,"Cross Hill, Driffield",Driffield,YO25 6RQ,54.005192,-0.440627,LAL,Yes,,,way,93727241,,38
Flamborough Library,East Riding of Yorkshire Council,England,"Southsea Road, Flamborough",Flamborough,YO15 1NG,54.115221,-0.123336,LAL,Yes,,,node,524519699,Q53799283,89
Goole Library,East Riding of Yorkshire Council,England,"Carlisle Street, Goole",Goole,DN14 5DS,53.703897,-0.869231,LAL,Yes,,,way,886349502,Q53799302,106
Hedon Library & Customer Service Centre,East Riding of Yorkshire Council,England,"31 St. Augustines Gate, Hedon",Hedon,HU12 8EX,53.740143,-0.198756,LAL,Yes,,,node,9796853760,Q53799313,71
Hessle Library & Customer Service Centre,East Riding of Yorkshire Council,England,"Southgate, Hessle",Hessle,HU13 0RB,53.72391,-0.435036,LAL,Yes,,,way,236469230,Q53799325,34
Howden Library & Customer Service Centr,East Riding of Yorkshire Council,England,"69 Hailgate, Howden",Howden,DN14 7SX,53.743929,-0.864376,LAL,Yes,,,node,5881275741,Q53799351,157
Leven Library,East Riding of Yorkshire Council,England,"Recreation Hall, 74 East Street, Leven",Leven,HU17 5NG,53.892653,-0.313752,LAL,Yes,,,node,13746971439,,223
Market Weighton Library & Customer Service Centre,East Riding of Yorkshire Council,England,"14 Beverley Road, Market Weighton",Market Weighton,YO43 3JP,53.863476,-0.658742,LAL,Yes,,,node,2539616969,,202
North Bridlington Library,East Riding of Yorkshire Council,England,"Martongate, Bridlington",Bridlington,YO16 6YD,54.101685,-0.181992,LAL,Yes,,,,,,
North Ferriby Library,East Riding of Yorkshire Council,England,"11 Church Road, North Ferriby",North Ferriby,HU14 3DA,53.720209,-0.502084,LAL,Yes,,,way,100471395,Q53799396,81
Pocklington Library & Customer Service Centre,East Riding of Yorkshire Council,England,"23 Railway Street, Pocklington",Pocklington,YO42 2QU,53.92936,-0.780836,LAL,Yes,,,node,3184415247,,29
Snaith Library,East Riding of Yorkshire Council,England,"27-29 Market Place, Snaith",Snaith,DN14 9HE,53.691681,-1.02925,LAL,Yes,,,,,,
South Cave Library,East Riding of Yorkshire Council,England,"97 Church Street, South Cave",South Cave,HU15 2EP,53.767669,-0.604484,LAL,Yes,,,,,,
Stamford Bridge Library,East Riding of Yorkshire Council,England,"Church Road, Stamford Bridge",Stamford Bridge,YO41 1BP,53.989336,-0.912588,LAL,Yes,,,,,,
Swanland Library,East Riding of Yorkshire Council,England,"Swanland Village Hall, Main Street, North Ferriby",North Ferriby,HU14 3QR,53.740219,-0.487757,LAL,Yes,,,,,,
Willerby Library,East Riding of Yorkshire Council,England,"58 Main Street, Willerby",Willerby,HU10 6BZ,53.760258,-0.447171,LAL,Yes,,,,,,
Withernsea Library & Customer Service Centre,East Riding of Yorkshire Council,England,"Queen Street, Withernsea",Withernsea,HU19 2HH,53.728739,0.035696,LAL,Yes,,,way,531832698,Q53799497,47
Cleethorpes Library,North East Lincolnshire Council,England,"Alexandra Road, Cleethorpes ",Cleethorpes,DN35 8LG,53.558734,-0.026748,CL,Yes,,https://www.lincsinspirelibraries.com/,way,110908668,Q55183730,60
Grant Thorold Library,North East Lincolnshire Council,England,"Durban Road, Grimsby",Grimsby,DN32 8BX,53.564419,-0.06373,ICL,No,,,node,12259678747,,4
Grimsby Central Library,North East Lincolnshire Council,England,"Town Hall Square, Grimsby ",Grimsby,DN31 1HG,53.5654191,-0.0835621,CL,Yes,,https://www.lincsinspirelibraries.com/,way,198499554,Q55183739,3
Humberston Library,North East Lincolnshire Council,England,"The Gingerbread House, Church Lane, Humberston ",Humberston,DN36 4HT,53.529127,-0.023199,ICL,No,,https://www.facebook.com/TheGingerbreadHouseHumberston/,,,,
Immingham Library,North East Lincolnshire Council,England,"Immingham Civic Hub, Immingham",Immingham,DN40 1QF,53.615831,-0.212495,CL,Yes,,https://www.lincsinspirelibraries.com/,way,863794681,Q55183748,36
Laceby Library,North East Lincolnshire Council,England,"Stanford Centre, Cooper Lane, Laceby",Laceby,DN37 7AX,53.543227,-0.172022,ICL,No,,,way,404269380,,47
Scartho Library,North East Lincolnshire Council,England,"St. Giles Avenue, Grimsby ",Grimsby,DN33 2HB,53.537506,-0.08847,ICL,No,,http://scarthoe.wixsite.com/scartholibrary,way,785893826,,90
Waltham Library,North East Lincolnshire Council,England,"High Street, Waltham",Waltham,DN37 0LL,53.516257,-0.102217,CL,Yes,,https://www.lincsinspirelibraries.com/,way,1344409157,,135
Acomb Explore Library,City of York Council,England,"Front Street, Acomb ",Acomb,YO24 3BZ,53.9537274,-1.1292008,CL,Yes,,https://www.exploreyork.org.uk/acomb-explore/,way,133334716,Q54807170,5
Bishopthorpe Library,City of York Council,England,"Main Street, Bishopthorpe",Bishopthorpe,YO23 2RB,53.9209741,-1.0997621,CL,Yes,,https://www.exploreyork.org.uk/bishopthorpe-library/,way,56332558,Q54807215,1
Clifton Explore Library,City of York Council,England,"Rawcliffe Lane, York",York,YO30 5SJ,53.9780541,-1.1066308,CL,Yes,,https://www.exploreyork.org.uk/clifton-explore/,,,,
Copmanthorpe Library,City of York Council,England,"Village Centre, Main Street, Copmanthorpe",Copmanthorpe,YO23 3SU,53.9156709,-1.1411646,CL,Yes,,https://www.exploreyork.org.uk/copmanthorpe-library/,way,614891134,,8
Dringhouses Library,City of York Council,England,"Tadcaster Road , York",York,YO24 1LR,53.9392614,-1.1078006,CL,Yes,,https://www.exploreyork.org.uk/dringhouses-library/,way,183040221,Q26547976,1
Dunnington Library,City of York Council,England,"Church Street, Dunnington",Dunnington,YO19 5PW,53.9652784,-0.9802381,CL,Yes,,https://www.exploreyork.org.uk/dunnington-library/,node,28451887,Q54807264,6
Fulford Library,City of York Council,England,"St. Oswald's CE School, Heslington Lane, York",York,YO10 4LX,53.9368288,-1.0702204,CL,Yes,,https://www.exploreyork.org.uk/fulford-library/,node,1549340531,,38
Huntington Library,City of York Council,England,"Garth Road, York",York,YO32 9QJ,53.9954937,-1.0559146,CL,Yes,,https://www.exploreyork.org.uk/huntington-library/,way,182181224,Q54807339,4
New Earswick Library,City of York Council,England,"The Folk Hall, Hawthorn Terrace, New Earswick",New Earswick,YO32 4AQ,53.9892632,-1.0735537,CL,Yes,,https://www.exploreyork.org.uk/new-earswick-library/,node,11051572679,,7
Poppleton Library,City of York Council,England,"The Village, Upper Poppleton",Upper Poppleton,YO26 6JT,53.9841314,-1.1540798,CL,Yes,,https://www.exploreyork.org.uk/poppleton-library/,way,133335269,Q54807438,2
Strensall Library,City of York Council,England,"19 The Village, Strensall",Strensall,YO32 5XS,54.0399757,-1.0357437,CL,Yes,,https://www.exploreyork.org.uk/strensall-library/,way,277939834,Q54807458,1
Tang Hall Explore Library,City of York Council,England,"The Centre @ Burnholme, Mossdale Avenue, York",York,YO31 0HA,53.9645685,-1.0479591,CL,Yes,,https://www.exploreyork.org.uk/tang-hall-explore/,node,6127267030,Q54807166,19
York Explore Library & Archive,City of York Council,England,"Library Square, York",York,YO1 7DS,53.9614347,-1.0862115,CL,Yes,,https://www.exploreyork.org.uk/york-explore/,way,56077520,Q8055614,10
Allenton,Derby City Council,England,"Poole Street, Derby",Derby,DE24 9DA,52.889056,-1.449381,CRL,No,,http://www.derby.gov.uk/libraries,way,848067596,,42
Allestree,Derby City Council,England,"Park Farm Centre, Birchover Way, Allestree",Allestree,DE22 2QN,52.944098,-1.495943,CRL,No,,http://www.derby.gov.uk/libraries,node,5405540586,,35
Alvaston,Derby City Council,England,"1252-1254 London Road, Derby",Derby,DE24 8QP,52.897163,-1.429979,LAL,Yes,,http://www.derby.gov.uk/libraries,node,836518890,,1
Blagreaves,Derby City Council,England,"Blagreaves Lane, Derby",Derby,DE23 1PT,52.88876,-1.500389,CRL,No,,http://www.derby.gov.uk/libraries,way,108891318,,42
Derwent Community Library (Located in the Revive Healthy Living Centre),Derby City Council,England,"Revive Healthy Living Centre, Roe Farm Lane, Chaddesden",Chaddesden,DE21 6ET,52.930556,-1.448376,CRL,No,,http://www.derby.gov.uk/libraries,node,6330387163,,43
Mickleover,Derby City Council,England,"Holly End Road,  Derby",Derby,DE3 0GA,52.904933,-1.545431,LAL,Yes,,http://www.derby.gov.uk/libraries,way,173152268,,24
Phillip Whitehead Memorial Library,Derby City Council,England,"Chaddesden Lane, Derby",Derby,DE21 6LN,52.927301,-1.434836,CRL,No,,http://www.derby.gov.uk/libraries,way,224128560,,130
Sinfin,Derby City Council,England,"District Centre, Arleston Lane, Sinfin",Sinfin,DE24 3DS,52.877082,-1.493941,CRL,No,,http://www.derby.gov.uk/libraries,way,66224193,,70
Spondon,Derby City Council,England,"Sitwell Street, Derby",Derby,DE21 7FG,52.920384,-1.404584,CRL,No,,http://www.derby.gov.uk/libraries,way,108791776,,25
Springwood (In the Springwood Sports Centre),Derby City Council,England,"Springwood Drive, Derby",Derby,DE21 2RQ,52.943594,-1.432142,CRL,No,,http://www.derby.gov.uk/libraries,node,1191523823,,93
Beaumont Leys Library,Leicester City Council,England,"Beaumont Way, Leicester",Leicester,LE4 1DS,52.667054,-1.16546,LAL,Yes,,,way,102533831,Q55183642,11
Belgrave Library,Leicester City Council,England,"Cossington Street, Leicester",Leicester,LE4 6JD,52.650888,-1.120615,LAL,Yes,,,way,84012862,Q55183644,49
Braunstone Library,Leicester City Council,England,"The BRITE Centre, Braunstone Avenue, Leicester",Leicester,LE3 1LE,52.622747,-1.164994,LAL,Yes,,,way,169053175,,55
Evington Library,Leicester City Council,England,"200 Evington Lane, Leicester",Leicester,LE5 6DH,52.620962,-1.080533,LAL,Yes,,,way,566487087,Q55183647,208
Eyres Monsell Library,Leicester City Council,England,"Hillsborough Road, Leicester",Leicester,LE2 9PQ,52.58791,-1.147168,LAL,No,,,node,4912493737,,230
Fosse Library,Leicester City Council,England,"Mantle Road, Leicester",Leicester,LE3 5HG,52.639161,-1.150813,LAL,Yes,,,way,499994304,,54
Hamilton Library & Community Centre,Leicester City Council,England,"Maidenwell Avenue, Hamilton",Hamilton,LE5 1BL,52.652414,-1.067345,LAL,Yes,,,way,460839120,,22
Highfields Library,Leicester City Council,England,"98 Melbourne Road, Leicester",Leicester,LE2 0DS,52.632779,-1.114167,LAL,Yes,,,way,388724100,Q55183653,25
Knighton Library,Leicester City Council,England,"Clarendon Park Road, Leicester",Leicester,LE2 3AJ,52.616672,-1.118096,LAL,Yes,,,node,297223466,Q55183655,37
Leicester Central Library,Leicester City Council,England,"Bishop Street (Town Hall Square), Leicester",Leicester,LE1 6AA,52.6330042,-1.1323584,LAL,Yes,,,way,463844409,Q26643373,2
New Parks Library,Leicester City Council,England,"321 Aikman Avenue, Leicester",Leicester,LE3 9PW,52.646665,-1.177125,LAL,Yes,,,node,2012557326,,33
Pork Pie Library & Community Centre,Leicester City Council,England,"Southfields Drive (Pork Pie Island), Leicester",Leicester,LE2 6QS,52.597117,-1.137489,LAL,Yes,,,way,450021809,Q26542251,194
Rushey Mead Library,Leicester City Council,England,"Lockerbie Walk, Leicester",Leicester,LE4 7ZX,52.663187,-1.103823,LAL,Yes,,,way,118693799,Q55183658,36
St. Barnabas Library,Leicester City Council,England,"French Road, Leicester",Leicester,LE5 4AH,52.640121,-1.097082,LAL,Yes,,,node,195869303,Q26542250,71
St. Matthews Library,Leicester City Council,England,"St. Matthews Centre, 10 Malabar Road, Leicester",Leicester,LE1 2PD,52.639544,-1.120673,LAL,Yes,,,node,248456833,Q55183659,30
Westcotes Library,Leicester City Council,England,"Narborough Road, Leicester",Leicester,LE3 0BQ,52.629971,-1.147947,LAL,Yes,,,way,462343750,Q55183661,38
Aspley Library,Nottingham City Council,England,"Nuthall Road, Nottingham",Nottingham,NG8 5DD,52.9778483,-1.1918075,LAL,Yes,,https://www.nottinghamcity.gov.uk/libraries,way,393525690,Q46994531,3
Basford Library,Nottingham City Council,England,"Vernon Road, Nottingham",Nottingham,NG6 0AR,52.9840703,-1.1801917,LAL,Yes,,https://www.nottinghamcity.gov.uk/libraries,node,425182167,Q46994741,10
Bilborough Library,Nottingham City Council,England,"Bracebridge Drive, Nottingham",Nottingham,NG8 4PN,52.9649858,-1.2299398,LAL,Yes,,https://www.nottinghamcity.gov.uk/libraries,,,,
Clifton Library,Nottingham City Council,England,"Southchurch Drive, Nottingham",Nottingham,NG11 8AB,52.954718,-1.12073,LAL,Yes,,https://www.nottinghamcity.gov.uk/libraries,,,,
Meadows Library,Nottingham City Council,England,"Wilford Grove, Nottingham",Nottingham,NG2 2DR,52.9405688,-1.1454505,LAL,Yes,,https://www.nottinghamcity.gov.uk/libraries,way,61739287,,2
Nottingham Central Library,Nottingham City Council,England,"Angel Row, Nottingham",Nottingham,NG1 7FF,52.9536961,-1.1533342,LAL,Yes,,https://www.nottinghamcity.gov.uk/libraries,node,338797705,Q7063691,71
Radford-Lenton Library,Nottingham City Council,England,"Lenton Boulevard, Nottingham",Nottingham,NG7 2BY,52.9549164,-1.1760096,LAL,Yes,,https://www.nottinghamcity.gov.uk/libraries,way,262400370,,1
Sherwood Library,Nottingham City Council,England,"Spondon Street, Nottingham",Nottingham,NG5 4AB,52.9796758,-1.1471072,LAL,Yes,,https://www.nottinghamcity.gov.uk/libraries,node,13737969336,,3
Southglade Park Library,Nottingham City Council,England,"Southglade Road, Nottingham",Nottingham,NG5 5GU,52.9987495,-1.1736259,LAL,Yes,,https://www.nottinghamcity.gov.uk/libraries,way,118342361,Q46994764,4
Wollaton Library,Nottingham City Council,England,"Bramcote Lane, Nottingham",Nottingham,NG8 2NA,52.9526678,-1.2212568,LAL,Yes,,https://www.nottinghamcity.gov.uk/libraries,way,235955659,Q46994769,5
Belmont,Herefordshire Council,England,"Belmont Community Centre, Eastholme Avenue, Hereford",Hereford,HR2 7UQ,52.0412769,-2.7399795,LAL,Yes,,https://www.herefordshire.gov.uk/directory_record/22/belmont_library,node,6264834538,,4
Bromyard,Herefordshire Council,England,"The Bromyard Centre, 1 Cruxwell Street, Bromyard",Bromyard,HR7 4EB,52.1901204,-2.5082082,CL,Yes,,https://www.herefordshire.gov.uk/directory_record/23/bromyard_library,node,1308708777,,19
Colwall,Herefordshire Council,England,"Walwyn Road, Colwall",Colwall,WR13 6QT,52.0798466,-2.360056,LAL,Yes,,https://www.herefordshire.gov.uk/directory_record/24/colwall_library,way,700313540,,2
Hereford,Herefordshire Council,England,"Broad Street, Hereford",Hereford,HR4 9AU,52.0547807,-2.7175036,LAL,Yes,,https://www.herefordshire.gov.uk/directory_record/25/hereford_library,,,,
Kington,Herefordshire Council,England,"64 Bridge Street, Kington",Kington,HR5 3DJ,52.2038031,-3.0286684,LAL,Yes,,https://www.herefordshire.gov.uk/directory_record/26/kington_library,node,1037725686,,4
Leintwardine,Herefordshire Council,England,"Leintwardine Village Hall, High Street, Leintwardine",Leintwardine,SY7 0LB,52.3616783,-2.8773406,CRL,Yes,,https://www.herefordshire.gov.uk/directory_record/28/leintwardine_library,node,1996836717,,7
Leominster,Herefordshire Council,England,"8 Buttercross, Leominster",Leominster,HR6 8BN,52.2277346,-2.7396642,LAL,Yes,,https://www.herefordshire.gov.uk/directory_record/29/leominster_library,way,246532653,,15
Peterchurch,Herefordshire Council,England,"St. Peter's Church, Church Road, Peterchurch",Peterchurch,HR2 0RS,52.0412302,-2.9565423,CRL,Yes,,https://www.herefordshire.gov.uk/directory_record/30/peterchurch_library,,,,
Ross-on-Wye,Herefordshire Council,England,"Cantilupe Road, Ross-on-Wye",Ross-on-Wye,HR9 7AN,51.9145514,-2.5806655,LAL,Yes,,https://www.herefordshire.gov.uk/directory_record/31/ross-on-wye_library,way,207905009,,3
Weobley,Herefordshire Council,England,"Old Police Court, Back Lane, Weobley",Weobley,HR4 8SG,52.1592387,-2.8756217,CRL,Yes,,https://www.herefordshire.gov.uk/directory_record/32/weobley_library,,,,
Donnington & Muxton Community Library,Telford & Wrekin Council,England,"Turreff Avenue, Donnington, Telford","Donnington, Telford",TF2 8HG,52.7165244,-2.4379954,CRL,Yes,,,way,822572717,,14
Hadley Community Library,Telford & Wrekin Council,England,"Hadley Learning Community, Crescent Road, Hadley, Telford","Hadley, Telford",TF1 5NU,52.7017514,-2.4847179,CRL,Yes,,,,,,
Newport Library,Telford & Wrekin Council,England,"53-55 High Street, Newport, Telford","Newport, Telford",TF10 7AT,52.7686261,-2.378537,LAL,Yes,,,node,528511571,,4
Oakengates Library,Telford & Wrekin Council,England,"The Place, Limes Walk, Oakengates, Telford","Oakengates, Telford",TF2 6EP,52.6956468,-2.4508961,LAL,Yes,,,way,358681864,,1
Stirchley Community Library,Telford & Wrekin Council,England,"The Sambrook Centre, Stirchley, Telford","Stirchley, Telford",TF3 1FA,52.6552516,-2.4352396,CRL,Yes,,,,,,
Bentilee Library,Stoke-on-Trent City Council,England,"Dawlish Drive, Stoke-on-Trent",Stoke-on-Trent,ST2 0EU,53.013448,-2.128618,LAL,Yes,,https://www.stoke.gov.uk/libraries,node,622368788,,21
City Central Library (Hanley),Stoke-on-Trent City Council,England,"Bethesda Street, Stoke-on-Trent",Stoke-on-Trent,ST1 3RS,53.0223394,-2.1771107,LAL,Yes,,https://www.stoke.gov.uk/libraries,way,732177287,,114
Longton Library,Stoke-on-Trent City Council,England,"Sutherland Institute, Lightwood Road, Stoke-on-Trent",Stoke-on-Trent,ST3 4HY,52.98368,-2.132909,LAL,Yes,,https://www.stoke.gov.uk/libraries,way,775212880,Q55184149,8
Swan Bank (Book Collection),Stoke-on-Trent City Council,England,"Swan Square, Stoke-on-Trent",Stoke-on-Trent,ST6 1ES,53.05048,-2.185924,CRL,No,,,,,,
Tunstall Library,Stoke-on-Trent City Council,England,"Victoria Institute, The Boulevard, Stoke-on-Trent",Stoke-on-Trent,ST6 6BD,53.059026,-2.208805,LAL,Yes,,https://www.stoke.gov.uk/libraries,node,12895900367,,84
Bath Central,Bath and North East Somerset Council,England,"Podium Centre, Bath",Bath,BA1 5AN,51.38352,-2.3589874,LAL,Yes,,,way,1363074916,Q29042689,13
Combe Hay Community Library,Bath and North East Somerset Council,England,"Combe Hay Church, Combe Hay",Combe Hay,BA2 7EG,51.3369782,-2.3817638,ICL,No,,,,,,
Larkhall Community Library,Bath and North East Somerset Council,England,"New Oriel Hall, Bath",Bath,BA1 6RA,51.397883,-2.3459763,ICL,No,,,,,,
Love Weston Library,Bath and North East Somerset Council,England,"Church Street, Weston",Weston,BA1 4BU,51.3959883,-2.3901884,CRL,Yes,,https://lovewestonlibrary.org.uk/,node,485350425,Q55163419,6
Midsomer Norton Library & Information Centre,Bath and North East Somerset Council,England,"The Hollies, High Street, Midsomer Norton",Midsomer Norton,BA3 2DP,51.2861887,-2.4824079,LAL,Yes,,,,,,
Moorland Road Community Library,Bath and North East Somerset Council,England,"Moorland Road, Bath",Bath,BA2 3PL,51.3779152,-2.3798061,CRL,Yes,,https://www.moorlandroadcommunitylibrary.com/,way,162366717,Q55163413,3
Radstock Community Hub,Bath and North East Somerset Council,England,"The Street, Radstock",Radstock,BA3 3PR,51.2911916,-2.4475402,CRL,Yes,,,way,184015008,Q55163416,1
Saltford Community Library & Post Office,Bath and North East Somerset Council,England,"478a Bath Road, Saltford",Saltford,BS31 3DJ,51.4020107,-2.4584527,CRL,Yes,,,way,620698530,,11
Southside Community Library,Bath and North East Somerset Council,England,"Southside Youth Hub, Kelston View, Bath",Bath,BA2 1NR,51.3745148,-2.4043886,ICL,No,,,,,,
Avonmouth,Bristol City Council,England,"Avonmouth Road, Avonmouth",Avonmouth,BS11 9EN,51.500428,-2.698675,LAL,Yes,,,way,372131573,,38
Bedminster,Bristol City Council,England,"St Peter's Court, Bedminster",Bedminster,BS3 4AQ,51.44416,-2.593686,LAL,Yes,,,way,469255576,Q26499549,16
Bristol Central,Bristol City Council,England,College Green,Bristol,BS1 5TL,51.4514706,-2.602415,LAL,Yes,,,way,22751064,Q4968840,2
Fishponds,Bristol City Council,England,"Robinson House, Hockeys Lane, Fishponds",Fishponds,BS16 3HL,51.47756,-2.533094,LAL,Yes,,,way,321164686,Q55173330,3
Hartcliffe,Bristol City Council,England,"Symes District Centre, Peterson Square, Hartcliffe",Hartcliffe,BS13 0BE,51.40489,-2.598235,LAL,Yes,,,way,672259786,Q55173333,29
Shirehampton,Bristol City Council,England,"Station Road, Shirehampton",Shirehampton,BS11 9TU,51.487326,-2.67592,LAL,Yes,,,node,2727757037,Q26498189,55
St. George,Bristol City Council,England,"Church Road , St. George",St. George,BS5 8AL,51.460142,-2.545154,LAL,Yes,,,way,24389418,Q55173359,73
Westbury,Bristol City Council,England,"Falcondale Road, Westbury on Trym",Westbury on Trym,BS9 3JZ,51.49176,-2.622073,LAL,Yes,,,way,261453983,Q55173365,106
Congresbury Community Library,North Somerset  Council,England,"Old School Rooms, Station Road, Congresbury",Congresbury,BS49 5DX,51.3709625,-2.812037,CRL,Yes,,https://n-somerset.gov.uk/directories/libraries/congresbury-library,way,1003888135,Q55163603,1
Pill Library & Children's Centre,North Somerset  Council,England,"Crockerne House, Underbanks, Pill",Pill,BS20 0AT,51.4804826,-2.6851243,LAL,Yes,,https://n-somerset.gov.uk/directories/libraries/pill-library-childrens-centre,way,682973209,Q55163607,6
Winscombe library,North Somerset  Council,England,"23 Woodborough Road, Winscombe",Winscombe,BS25 1AB,51.3142811,-2.8328022,LAL,Yes,,http://www.n-somerset.gov.uk/services/winscombe-library/,way,297966764,Q55163609,3
Bradley Stoke,South Gloucestershire Council,England,"Fiddlers Wood Lane, Bradley Stoke",Bradley Stoke,BS32 9BS,51.5362046,-2.5458327,LAL,Yes,,https://www.southglos.gov.uk/libraries/bradley-stoke-library/,way,630374553,Q55184069,61
Cadbury Heath,South Gloucestershire Council,England,"School Road, Cadbury Heath",Cadbury Heath,BS30 8EN,51.4457213,-2.4848795,LAL,Yes,,https://www.southglos.gov.uk/libraries/cadbury-heath-library/,way,185891899,,1
Chipping Sodbury,South Gloucestershire Council,England,"High Street, Chipping Sodbury",Chipping Sodbury,BS37 6AH,51.5378805,-2.3944898,CRL,Yes,,https://www.southglos.gov.uk/libraries/chipping-sodbury-library/,way,121022844,Q55184076,10
Downend,South Gloucestershire Council,England,"Buckingham Gardens, Downend",Downend,BS16 5TW,51.488367,-2.4992048,LAL,Yes,,https://www.southglos.gov.uk/libraries/downend-library/,way,37084965,Q55184083,2
Emersons Green,South Gloucestershire Council,England,"Emerson Way, Emersons Green",Emersons Green,BS16 7AP,51.4922831,-2.4753906,LAL,Yes,,https://www.southglos.gov.uk/libraries/emersons-green-library/,way,217960633,Q55184085,3
Filton,South Gloucestershire Council,England,"The Shield Retail Park, Link Road, Filton",Filton,BS34 7BR,51.5089974,-2.5741391,LAL,Yes,,https://www.southglos.gov.uk/libraries/filton-library/,way,101513975,Q55184087,2
Hanham,South Gloucestershire Council,England,"High Street, Hanham",Hanham,BS15 3EJ,51.4479311,-2.5139284,LAL,Yes,,https://www.southglos.gov.uk/libraries/hanham-library/,way,167187923,Q55184089,1
Kingswood,South Gloucestershire Council,England,"Civic Centre, High Street, Kingswood",Kingswood,BS15 9AG,51.461835,-2.4989997,LAL,Yes,,https://www.southglos.gov.uk/libraries/kingswood-library/,,,,
Staple Hill,South Gloucestershire Council,England,"Broad Street, Staple Hill",South Gloucestershire,BS16 5LS,51.481185,-2.5039901,LAL,Yes,,https://www.southglos.gov.uk/libraries/staple-hill-library/,way,554522068,Q55184094,5
Thornbury,South Gloucestershire Council,England,"St Mary Street, Thornbury",Thornbury,BS35 2AA,51.6072719,-2.5247622,LAL,Yes,,https://www.southglos.gov.uk/libraries/thornbury-library/,way,113617505,Q55184096,4
Winterbourne,South Gloucestershire Council,England,"Flaxpits Lane, Winterbourne",Winterbourne,BS36 1LA,51.5224451,-2.5046468,LAL,Yes,,https://www.southglos.gov.uk/libraries/winterbourne-library/,way,513071666,Q55184097,2
Yate,South Gloucestershire Council,England,"44 West Walk, Yate",Yate,BS37 4AX,51.5401684,-2.4150109,LAL,Yes,,https://www.southglos.gov.uk/libraries/yate-library/,way,148960533,Q55184099,2
Crownhill Library,Plymouth City Council,England,"Cross Park Road, Plymouth",Plymouth,PL6 5AN,50.406669,-4.13166,LAL,Yes,,https://www.plymouth.gov.uk/libraries,way,229326578,Q53344574,93
Efford Library,Plymouth City Council,England,"19 Torridge Way, Plymouth",Plymouth,PL3 6JQ,50.387376,-4.109215,LAL,Yes,,https://www.plymouth.gov.uk/libraries,way,229329400,Q53549814,87
Peverell Library,Plymouth City Council,England,"242A Peverell Park Road, Plymouth",Plymouth,PL3 4QF,50.393474,-4.144884,LAL,Yes,,https://www.plymouth.gov.uk/libraries,way,229329481,Q53551129,63
Plymstock Library,Plymouth City Council,England,"Horn Cross Road, Plymouth",Plymouth,PL9 9BU,50.360095,-4.088629,LAL,Yes,,https://www.plymouth.gov.uk/libraries,way,229328195,Q53569532,14
Southway Library,Plymouth City Council,England,"351 Southway Drive, Plymouth",Plymouth,PL6 6QR,50.429702,-4.126133,LAL,Yes,,https://www.plymouth.gov.uk/libraries,way,490733272,Q53569758,47
Brixham,Torbay Council,England,"Market Street, Brixham",Brixham,TQ5 8EU,50.394579,-3.51607,CL,Yes,,https://www.torbaylibraries.org.uk,node,1768740894,Q55184234,4
Churston,Torbay Council,England,"Broadsands Road, Churston",Churston,TQ4 6LL,50.404048,-3.564878,CL,Yes,,https://www.torbaylibraries.org.uk,way,180215805,Q55184235,2
Paignton,Torbay Council,England,"Great Western Road, Paignton",Paignton,TQ4 5AG,50.43384,-3.565889,CL,Yes,,https://www.torbaylibraries.org.uk,way,74011540,,8
Torquay,Torbay Council,England,"Lymington Road, Torquay",Torquay,TQ1 3DT,50.4694646,-3.5324011,CL,Yes,,https://www.torbaylibraries.org.uk,way,181620521,,36
Old Town Library,Swindon Borough Council,England,"Arts Centre, Devizes Road, Swindon",Swindon,SN1 4BJ,51.551843,-1.776982,ICL,No,,https://southswindon-pc.gov.uk/old-town-library,node,11371226414,Q55184188,28
Park Library,Swindon Borough Council,England,"Cavendish Square, Swindon",Swindon,SN3 2LZ,51.553091,-1.749945,LAL,Yes,,http://www.swindon.gov.uk/libraries,node,2190955818,Q55184189,22
Penhill Library,Swindon Borough Council,England,"Penhill Drive, Swindon",Swindon,SN2 5DU,51.590683,-1.780961,ICL,No,,,node,1350810405,Q55184190,93
Wroughton Library,Swindon Borough Council,England,"Ellendune Centre, Wharf Road, Wroughton, Wroughton",Wroughton,SN4 9LN,51.524451,-1.794457,ICL,No,,,,,,
Bretton,Peterborough City Council,England,"The Cresset, Peterborough",Peterborough,PE3 8DS,52.589887,-0.283448,CL,Yes,,,node,13926132486,,11
Dogsthorpe,Peterborough City Council,England,"Central Avenue, Peterborough",Peterborough,PE1 4LH,52.594551,-0.230779,CL,Yes,,https://vivacity.org/libraries/dogsthorpe-library/,way,1052013756,,1
Eye,Peterborough City Council,England,"Crowland Road, Peterborough",Peterborough,PE6 7TN,52.612507,-0.186807,CL,Yes,,,,,,
Peterborough Central,Peterborough City Council,England,"Broadway, Peterborough",Peterborough,PE1 1RX,52.5765403,-0.2414226,CL,Yes,,https://vivacity.org/libraries/peterborough-central-library-archives/,way,77920259,Q55183821,2
Stanground,Peterborough City Council,England,"Southfields Avenue, Peterborough",Peterborough,PE2 8RZ,52.552834,-0.221188,CL,Yes,,https://vivacity.org/libraries/stanground-library/,way,330696799,Q55183824,112
Thorney,Peterborough City Council,England,"Church Street, Peterborough",Peterborough,PE6 0QB,52.621107,-0.10669,CL,Yes,,https://vivacity.org/libraries/thorney-library/,,,,
Werrington,Peterborough City Council,England,"Staniland Way, Peterborough",Peterborough,PE4 6JT,52.620603,-0.275658,CL,Yes,,,node,4021760556,Q55183825,70
Woodston,Peterborough City Council,England,"Orchard Street, Peterborough",Peterborough,PE2 9AL,52.561976,-0.24882,CL,Yes,,https://vivacity.org/libraries/woodston-library/,way,77936512,Q55183828,82
Leagrave Library,Luton Borough Council,England,"Marsh Road, Luton",Luton,LU3 2NL,51.9029303,-0.451198,CL,Yes,,,way,505569912,Q55183669,3
Lewsey Library,Luton Borough Council,England,"Landrace Road, Luton",Luton,LU4 0SW,51.9022875,-0.4966591,CL,Yes,,,way,505569796,,9
Luton Central Library,Luton Borough Council,England,"St. George's Square, Luton",Luton,LU1 2NG,51.8811467,-0.4169913,CL,Yes,,,node,2622856470,Q55173595,15
Marsh Farm Library,Luton Borough Council,England,"Lea Manor High School, Northwell Drive, Luton",Luton,LU3 3TL,51.9197388,-0.4507869,CL,Yes,,,,,,
Stopsley Library,Luton Borough Council,England,"Hitchin Road, Luton",Luton,LU2 7UG,51.9009833,-0.3984886,CL,Yes,,,node,3662384102,Q55183674,1
Leigh Library,Southend-on-Sea Borough Council,England,"Broadway West, Leigh on Sea",Leigh on Sea,SS9 2DA,51.5420469,0.6520805,LAL,Yes,,https://www.southend.gov.uk/libraries,way,93231898,Q26406626,4
Southchurch,Southend-on-Sea Borough Council,England,"221 Lifstan Way, Southend-on-Sea",Southend-on-Sea,SS1 2XG,51.5411781,0.7380198,LAL,Yes,,https://www.southend.gov.uk/libraries,way,93231885,Q53869267,5
Westcliff,Southend-on-Sea Borough Council,England,"649 London Road, Westcliff-on-Sea",Westcliff-on-Sea,SS0 9PD,51.5459442,0.6835794,LAL,Yes,,https://www.southend.gov.uk/libraries,way,93231878,Q26609407,6
Aveley Library within Aveley Community Hub,Thurrock Council,England,"Recreation Ground , High Street",Aveley,RM15 4BY,51.498468,0.2539243,LAL,Yes,,https://www.thurrock.gov.uk/libraries,way,1101796873,,4
Belhus Library within South Ockendon Centre,Thurrock Council,England,"Derry Avenue, South Ockendon",South Ockendon,RM15 5DX,51.5104776,0.2823246,LAL,Yes,,https://www.thurrock.gov.uk/libraries,way,93394221,Q53911619,6
Blackshots Library,Thurrock Council,England,"Blackshots Lane , Grays",Grays,RM16 2JU,51.4933704,0.3403649,LAL,Yes,,https://www.thurrock.gov.uk/libraries,way,507312603,,7
Chadwell Information Centre,Thurrock Council,England,"Brentwood Road, Chadwell St. Mary",Chadwell St. Mary,RM16 4JP,51.4820412,0.3693991,LAL,Yes,,https://www.thurrock.gov.uk/libraries,way,93394216,Q53914614,3
Corringham Library,Thurrock Council,England,"St. Johns' Way, Corringham",Corringham,SS17 7LJ,51.5254216,0.4474994,LAL,Yes,,https://www.thurrock.gov.uk/libraries,way,93394225,,8
East Tilbury Hub and Library,Thurrock Council,England,"Princess Avenue, East Tilbury",East Tilbury,RM18 8ST,51.4806176,0.4188281,LAL,Yes,,https://www.thurrock.gov.uk/libraries,way,93394240,Q53988631,3
Grays Central Library ,Thurrock Council,England,"Orsett Road, Grays",Grays,RM17 5DX,51.4793753,0.324612,LAL,Yes,,https://www.thurrock.gov.uk/libraries,way,93394236,Q53996524,17
Stanford-le-Hope Library,Thurrock Council,England,"High Street, Stanford-le-Hope",Stanford-le-Hope,SS17 0HG,51.5158859,0.4272845,LAL,Yes,,https://www.thurrock.gov.uk/libraries,way,93394234,Q53996671,2
Tilbury Library within Tilbury Hub,Thurrock Council,England,"Civic Square, Tilbury",Tilbury,RM18 8AD,51.461449,0.364834,LAL,Yes,,https://www.thurrock.gov.uk/libraries,way,93394228,Q53996690,11
"Chatham Library, Community Hub Chatham",Medway Council,England,"Dock Road, Chatham",Chatham,ME4 4TX,51.38723,0.523669,LAL,Yes,,http://medway.gov.uk/libraries,way,94524784,,113
Cuxton Library,Medway Council,England,"Bush Road, Cuxton",Cuxton,ME2 1EY,51.37428,0.45335,LAL,Yes,,http://medway.gov.uk/libraries,node,692127248,Q55183677,30
"Gillingham Library, Community Hub Gillingham",Medway Council,England,"High Street, Gillingham",Gillingham,ME7 1BG,51.388758,0.5428283,LAL,Yes,,http://medway.gov.uk/libraries,way,293853985,Q55183679,1
Grain Library,Medway Council,England,"The Chapel, Chapel Road, Isle of Grain",Isle of Grain,ME3 0BZ,51.455311,0.714377,LAL,Yes,,http://medway.gov.uk/libraries,node,1171107944,,75
"Hempstead Library, Neighbourhood Community Hub Hempstead",Medway Council,England,"Hempstead Road, Gillingham",Gillingham,ME7 3QG,51.349306,0.570731,LAL,Yes,,http://medway.gov.uk/libraries,way,231884106,Q55183689,129
Hoo Library,Medway Council,England,"Church Street, Hoo",Hoo,ME3 9AL,51.418616,0.563889,LAL,Yes,,http://medway.gov.uk/libraries,node,352814313,Q55183691,52
Lordswood Library,Medway Council,England,"Kestrel Road, Lordswood",Lordswood,ME5 8TH,51.334458,0.543899,LAL,Yes,,http://medway.gov.uk/libraries,node,1110931105,Q55183693,74
Luton Library,Medway Council,England,"2 Nelson Terrace, Chatham",Chatham,ME5 7LA,51.368974,0.548528,LAL,Yes,,http://medway.gov.uk/libraries,way,651080143,Q55183694,35
Rainham Library,Medway Council,England,"Birling Avenue , Gillingham",Gillingham,ME8 7LR,51.365439,0.60251,LAL,Yes,,http://medway.gov.uk/libraries,node,346901375,Q55183696,3
"Rochester Library, Community Hub Rochester",Medway Council,England,"Eastgate, Rochester",Rochester,ME1 1EW,51.386969,0.506493,LAL,Yes,,http://medway.gov.uk/libraries,node,346299030,Q55183697,47
"Twydall Library, Community Hub Twydall",Medway Council,England,"13-15 Twydall Green, Gillingham",Gillingham,ME8 6JY,51.374981,0.58266,LAL,Yes,,http://medway.gov.uk/libraries,node,1110825764,Q55183702,39
Walderslade Hook Meadow Library,Medway Council,England,"King George Road, Chatham",Chatham,ME5 0TZ,51.350847,0.522588,LAL,Yes,,http://medway.gov.uk/libraries,node,1116256716,Q55183704,29
Walderslade Village Library,Medway Council,England,"Walderslade Centre, Walderslade Road , Chatham",Chatham,ME5 9LR,51.33948,0.526731,LAL,Yes,,http://medway.gov.uk/libraries,way,234989853,Q55183705,81
Wigmore Library,Medway Council,England,"208 Fairview Avenue, Gillingham",Gillingham,ME8 0PX,51.346342,0.586448,LAL,Yes,,http://medway.gov.uk/libraries,node,345783468,Q55183707,86
Ascot Heath,Bracknell Forest Council,England,"Fernbank Road, North Ascot",North Ascot,SL5 8LA,51.42102,-0.690579,LAL,Yes,,https://capitadiscovery.co.uk/bracknellforest/,node,12325655755,Q55173287,192
Binfield,Bracknell Forest Council,England,"Benetfeld Road, Binfield",Binfield,RG42 4JZ,51.430804,-0.791168,LAL,Yes,,https://capitadiscovery.co.uk/bracknellforest/,way,588641003,Q55173289,38
Birch Hill,Bracknell Forest Council,England,"Leppington, Bracknell",Bracknell,RG12 7WW,51.390839,-0.75199,LAL,Yes,,https://capitadiscovery.co.uk/bracknellforest/,way,182181274,Q55173291,17
Crowthorne,Bracknell Forest Council,England,"162 High Street, Crowthorne",Crowthorne,RG45 7AT,51.368399,-0.793715,LAL,Yes,,https://capitadiscovery.co.uk/bracknellforest/,way,1034552908,Q55173295,42
Great Hollands,Bracknell Forest Council,England,"The Square, Bracknell",Bracknell,RG12 8UX,51.399417,-0.770821,LAL,Yes,,https://capitadiscovery.co.uk/bracknellforest/,way,411123137,Q55173296,25
Harmans Water,Bracknell Forest Council,England,"The Square, Bracknell",Bracknell,RG12 9LP,51.40614,-0.732351,LAL,Yes,,https://capitadiscovery.co.uk/bracknellforest/,node,627573883,Q55173298,32
Sandhurst,Bracknell Forest Council,England,"The Broadway, Sandhurst",Sandhurst,GU47 9BL,51.34567,-0.796595,LAL,Yes,,https://capitadiscovery.co.uk/bracknellforest/,way,309795830,Q55173301,2
Whitegrove,Bracknell Forest Council,England,"5 County Lane, Bracknell",Bracknell,RG42 3JP,51.426252,-0.73138,LAL,Yes,,https://capitadiscovery.co.uk/bracknellforest/,way,99206333,Q55173303,24
Burghfield Common,West Berkshire Council,England,"School Lane, Reading",Reading,RG7 3JZ,51.39622,-1.067732,LAL,Yes,,,way,627106879,,102
Hungerford,West Berkshire Council,England,"Church Street, Hungerford",Hungerford,RG17 0JG,51.414951,-1.518555,LAL,Yes,,,way,312685381,Q55184306,144
Lambourn,West Berkshire Council,England,"High Street, Lambourn",Lambourn,RG17 8XL,51.507306,-1.532179,LAL,Yes,,,way,683604296,Q55184308,37
Mortimer,West Berkshire Council,England,"27 Victoria Road, Reading",Reading,RG7 3SH,51.377316,-1.063949,LAL,Yes,,,node,802750800,Q55184310,13
Newbury,West Berkshire Council,England,"The Wharf, Newbury",Newbury,RG14 5AU,51.401538,-1.320676,LAL,Yes,,,way,229636974,Q55184311,5
Pangbourne,West Berkshire Council,England,"Reading Road, Reading",Reading,RG8 7LY,51.483604,-1.085034,LAL,Yes,,,way,502201521,Q55184313,28
Thatcham,West Berkshire Council,England,"Bath Road, Thatcham",Thatcham,RG18 3AG,51.404081,-1.261043,LAL,Yes,,,way,464683269,Q55184314,60
Theale,West Berkshire Council,England,"Church Street, Reading",Reading,RG7 5BZ,51.435923,-1.084231,LAL,Yes,,,way,124970622,Q55184316,4
Wash Common,West Berkshire Council,England,"Glendale Avenue, Newbury",Newbury,RG14 6TL,51.379312,-1.34823,ICL,No,,,node,2001591699,,3
Battle,Reading Borough Council,England,"420 Oxford Road, Reading",Reading,RG30 1EE,51.457877,-1.000066,LAL,Yes,,,way,36808668,Q26590004,48
Caversham,Reading Borough Council,England,"Church Street, Caversham",Caversham,RG4 8AU,51.467762,-0.974132,LAL,Yes,,,way,140485466,Q26407325,8
Palmer Park,Reading Borough Council,England,"St. Bartholomews Road, Reading",Reading,RG1 3QB,51.452151,-0.941804,LAL,Yes,,,way,65596157,Q55183867,3
Reading Central,Reading Borough Council,England,"Abbey Square, Reading",Reading,RG1 3BQ,51.4551176,-0.9678229,LAL,Yes,,,,,,
Southcote,Reading Borough Council,England,"Community Hub, Coronation Square, Southcote Lane, Reading ",Reading,RG30 3QP,51.442138,-1.012381,LAL,Yes,,,node,6109252578,Q55183869,54
Tilehurst,Reading Borough Council,England,"School Road, Tilehurst",Tilehurst,RG31 5AS,51.459757,-1.037737,LAL,Yes,,,way,70461917,Q55183872,111
Whitley,Reading Borough Council,England,"South Reading Community Hub,  Northumberland Avenue, Reading",Reading,RG2 7QA,51.432862,-0.962749,LAL,Yes,,,node,5981491951,,51
Britwell Hub and library,Slough Borough Council,England,"Britwell Centre, Wentworth Avenue, Slough",Slough,SL2 2DS,51.535146,-0.63116,LAL,Yes,,https://www.slough.gov.uk/libraries,way,771134094,Q55184008,94
Cippenham Library,Slough Borough Council,England,"Elmshott Lane, Slough",Slough,SL1 5RB,51.516897,-0.645791,LAL,Yes,,https://www.slough.gov.uk/libraries,way,782533681,Q55184012,161
Langley Library,Slough Borough Council,England,"Trelawney Avenue, Slough",Slough,SL3 7UF,51.501526,-0.555634,LAL,Yes,,https://www.slough.gov.uk/libraries,node,535275114,Q55184015,130
Ascot Durning,Royal Borough of Windsor and Maidenhead,England,"High Street, Ascot",Ascot,SL5 7JF,51.411034,-0.675752,LAL,Yes,,,way,589187779,Q55114755,97
Datchet,Royal Borough of Windsor and Maidenhead,England,"Montagu House, 8 Horton Road, Datchet",Datchet,SL3 9ER,51.483096,-0.57667,LAL,Yes,,,node,3204986438,,93
Dedworth,Royal Borough of Windsor and Maidenhead,England,"Dedworth School, Smith's Lane, Windsor",Windsor,SL4 5PE,51.479712,-0.643941,LAL,Yes,,,way,841264209,Q55114760,134
Eton Wick,Royal Borough of Windsor and Maidenhead,England,"Village Hall, Eton Wick",Eton Wick,SL4 6LT,51.497211,-0.636276,LAL,Yes,,,,,,
Maidenhead,Royal Borough of Windsor and Maidenhead,England,"St. Ives Road , Maidenhead",Maidenhead,SL6 1QU,51.522112,-0.717807,LAL,Yes,,,way,47090255,Q26633569,8
Old Windsor,Royal Borough of Windsor and Maidenhead,England,"Straight Road, Windsor",Windsor,SL4 2RN,51.464162,-0.585134,LAL,Yes,,,,,,
Sunninghill,Royal Borough of Windsor and Maidenhead,England,"School Road, Ascot",Ascot,SL5 7AA,51.401997,-0.655987,LAL,Yes,,,way,1174308488,Q55114767,6
Windsor,Royal Borough of Windsor and Maidenhead,England,"Bachelors Acre, Windsor",Windsor,SL4 1ER,51.480564,-0.609092,LAL,Yes,,,way,1344572458,Q55114768,19
Finchampstead,Wokingham Borough Council,England,"FBC Centre,  Gorse Ride North, Wokingham",Wokingham,RG40 4ES,51.380559,-0.860473,LAL,Yes,,https://directory.wokingham.gov.uk/kb5/wokingham/directory/service.page?id=Ez6IE3DROOM&familieschannel=110?id=Ez6IE3DROOM&adultschannel=0,node,703177762,Q55184321,163
Lower Earley,Wokingham Borough Council,England,"Chalfont Close, Chalfont Way, Reading",Reading,RG6 5HZ,51.425642,-0.932751,LAL,Yes,,https://directory.wokingham.gov.uk/kb5/wokingham/directory/service.page?id=BJC0O0JvcWM&familieschannel=110?id=BJC0O0JvcWM&adultschannel=0,way,60616880,Q55184323,24
Spencers Wood,Wokingham Borough Council,England,"Basingstoke Road, Reading",Reading,RG7 1AJ,51.395212,-0.973993,LAL,Yes,,https://directory.wokingham.gov.uk/kb5/wokingham/directory/service.page?id=nyqU9WC8SUc&familieschannel=110?id=nyqU9WC8SUc&adultschannel=0,way,211045576,Q26599417,53
Twyford,Wokingham Borough Council,England,"Polehampton Close, Twyford",Twyford,RG10 9RP,51.476908,-0.867045,LAL,Yes,,https://directory.wokingham.gov.uk/kb5/wokingham/directory/service.page?id=5heWhC8O4r4&familieschannel=110?id=5heWhC8O4r4&adultschannel=0,way,47841631,Q55184330,83
Wargrave,Wokingham Borough Council,England,"Woodclyffe Hostel, Church Street, Reading",Reading,RG10 8EP,51.500858,-0.870985,LAL,Yes,,https://directory.wokingham.gov.uk/kb5/wokingham/directory/service.page?id=4Dzba59nF1w&familieschannel=110?id=4Dzba59nF1w&adultschannel=0,way,578522657,Q55184333,22
Winnersh,Wokingham Borough Council,England,"The Forest School, Robin Hood Lane, Winnersh",Winnersh,RG41 5ND,51.432239,-0.875703,LAL,Yes,,https://directory.wokingham.gov.uk/kb5/wokingham/directory/service.page?id=ZUAJHz8GKIU&familieschannel=110?id=ZUAJHz8GKIU&familieschannel=100,way,55995470,,80
Woodley,Wokingham Borough Council,England,"Headley Road, Reading",Reading,RG5 4JA,51.453485,-0.904023,LAL,Yes,,https://directory.wokingham.gov.uk/kb5/wokingham/directory/service.page?id=dBiPisDbo68&familieschannel=110?id=dBiPisDbo68&familieschannel=100,relation,1201385,Q55184345,83
Bletchley Library,Milton Keynes Council,England,"Westfield Road, Milton Keynes",Milton Keynes,MK2 2RA,51.993922,-0.728073,LAL,Yes,,http://www.milton-keynes.gov.uk/libraries,way,179394922,Q55183708,32
Stony Stratford Library,Milton Keynes Council,England,"5-7 Church Street, Milton Keynes",Milton Keynes,MK11 1BD,52.056816,-0.854303,LAL,Yes,,http://www.milton-keynes.gov.uk/libraries,way,512580563,Q55183717,30
Westcroft Library,Milton Keynes Council,England,"District Centre Wimborne Crescent, Milton Keynes",Milton Keynes,MK4 4DE,52.004401,-0.795198,LAL,Yes,,http://www.milton-keynes.gov.uk/libraries,way,1251523390,,44
Wolverton Library,Milton Keynes Council,England,"Town Hall, Creed Street, Milton Keynes",Milton Keynes,MK12 5LY,52.062731,-0.807744,LAL,Yes,,http://www.milton-keynes.gov.uk/libraries,way,474660749,Q55183725,43
Coldean Library,Brighton and Hove City Council,England,"Library Court, 24 Beatty Avenue, Brighton",Brighton,BN1 9ED,50.8635289,-0.1130358,LAL,Yes,,https://www.brighton-hove.gov.uk/libraries,node,3205558676,Q55173304,0
Hangleton Library,Brighton and Hove City Council,England,"West Way, Hangleton, Hove",Hove,BN3 8LD,50.8456681,-0.1955074,LAL,Yes,,https://www.brighton-hove.gov.uk/libraries,node,27274576,Q55173307,32
Hove Library,Brighton and Hove City Council,England,"182-186 Church Road, Hove",Hove,BN3 2EG,50.8283661,-0.1770897,LAL,Yes,,https://www.brighton-hove.gov.uk/libraries,way,236761075,Q26586132,6
Jubilee Library,Brighton and Hove City Council,England,"Jubilee Street, Brighton",Brighton,BN1 1GE,50.8251917,-0.1383649,LAL,Yes,,https://www.brighton-hove.gov.uk/libraries,way,111978228,Q6301875,11
Moulsecoomb Library,Brighton and Hove City Council,England,"The Highway, Brighton",Brighton,BN2 4PA,50.8470341,-0.1157753,LAL,Yes,,https://www.brighton-hove.gov.uk/libraries,way,381201257,Q55173313,9
Patcham Library,Brighton and Hove City Council,England,"Ladies Mile Road, Brighton",Brighton,BN1 8TA,50.8632506,-0.1439264,LAL,Yes,,https://www.brighton-hove.gov.uk/libraries,node,43364681,Q55173315,17
Portslade Library,Brighton and Hove City Council,England,"Old Shoreham Road, Portslade",Portslade,BN41 1XR,50.8382427,-0.211502,LAL,Yes,,https://www.brighton-hove.gov.uk/libraries,node,427798577,Q55173316,3
Rottingdean Library,Brighton and Hove City Council,England,"The Grange, Brighton",Brighton,BN2 7HA,50.8059015,-0.0573222,LAL,Yes,,https://www.brighton-hove.gov.uk/libraries,node,13120919624,Q55173318,4
Saltdean Library,Brighton and Hove City Council,England,"Saltdean Lido, Brighton",Brighton,BN2 8SP,50.8017863,-0.0419526,LAL,Yes,,https://www.brighton-hove.gov.uk/libraries,node,283142536,Q55173320,7
Westdene Library,Brighton and Hove City Council,England,"Bankside, Brighton",Brighton,BN1 5GN,50.859928,-0.1624311,LAL,Yes,,https://www.brighton-hove.gov.uk/libraries,,,,
Bitterne,Southampton City Council,England,"Bitterne Road East, Soton",Soton,SO18 5EG,50.914864,-1.355355,LAL,Yes,,,way,87342819,Q55114714,9
Burgess Road,Southampton City Council,England,"Burgess Road, Soton",Soton,SO16 3HF,50.938269,-1.39529,ICL,No,,http://burgessroadlibrary.org.uk/,way,81163505,Q55114715,18
Cobbett Road,Southampton City Council,England,"Cobbett Road, Soton",Soton,SO18 1HL,50.918737,-1.373023,ICL,No,,,way,192359660,Q55114716,112
Lordshill,Southampton City Council,England,"Lordshill District Centre, Soton",Soton,SO16 8HY,50.940694,-1.44905,LAL,Yes,,,way,95347194,Q55114717,81
Millbrook Community Library,Southampton City Council,England,"Pickles Coppice, Windermere Avenue, Soton",Soton,SO16 9QX,50.927298,-1.455213,ICL,No,,,,,,
Portswood,Southampton City Council,England,"Portswood Road, Soton",Soton,SO17 2NG,50.926785,-1.391697,LAL,Yes,,,way,113617753,Q55114720,15
Shirley,Southampton City Council,England,"Shirley Precinct, Soton",Soton,SO15 5LL,50.923745,-1.434434,LAL,Yes,,http://www.southampton.gov.uk/libraries,node,852775948,Q55114721,23
Southampton Central Library,Southampton City Council,England,"Civic Centre, Soton",Soton,SO14 7LW,50.908462,-1.406178,LAL,Yes,,,way,392922182,Q53545714,8
Thornhill Community Library,Southampton City Council,England,"328 Hinkler Road, Soton",Soton,SO19 6DF,50.908243,-1.334023,ICL,No,,http://www.southampton.gov.uk/libraries,node,292812303,,96
Woolston,Southampton City Council,England,"Centenary Quay, Victoria Road, Soton",Soton,SO19 9EF,50.893897,-1.380912,LAL,Yes,,http://www.southampton.gov.uk/libraries,node,10951332344,,202
Cowes,Isle of Wight Council,England,"Beckford Road, Cowes",Cowes,PO31 7SG,50.760203,-1.298502,LAL,Yes,,,node,4563267394,Q55183619,40
Freshwater,Isle of Wight Council,England,"School Green Road, Freshwater",Freshwater,PO40 9AP,50.682661,-1.522947,LAL,Yes,,,node,430641981,Q55183622,2
Lord Louis,Isle of Wight Council,England,"Orchard Street, Newport",Newport,PO30 1LL,50.6977818,-1.2936279,LAL,Yes,,,node,6301323014,Q55183623,18
Ryde,Isle of Wight Council,England,"George Street, Ryde",Ryde,PO33 2JE,50.72815,-1.1615,LAL,Yes,,,node,5113222470,Q55183626,18
Sandown,Isle of Wight Council,England,"High Street, Sandown",Sandown,PO36 8AF,50.655822,-1.150937,LAL,Yes,,,node,530750154,Q55183628,34
Ventnor,Isle of Wight Council,England,"High Street, Ventnor",Ventnor,PO38 1LZ,50.596467,-1.200311,LAL,Yes,,,way,178144761,Q55183631,13
Annfield Plain Library,Durham County Council,England,"North Road, Stanley",Stanley,DH9 8EZ,54.862251,-1.742699,LAL,Yes,,https://www.durham.gov.uk/libraries,way,556472663,,52
Belmont Library,Durham County Council,England,"Cheveley Park Shopping Centre, Belmont",Belmont,DH1 2AA,54.78627,-1.524877,LAL,Yes,,https://www.durham.gov.uk/libraries,way,754681222,Q54810685,76
Bishop Auckland Library,Durham County Council,England,"Bishop Auckland Town Hall, Market Place, Bishop Auckland",Bishop Auckland,DL14 7NP,54.66596,-1.672591,LAL,Yes,,https://www.durham.gov.uk/libraries,node,7024031613,Q54810683,62
Blackhall Library,Durham County Council,England,"Back Middle Street, Blackhall",Blackhall,TS27 4HD,54.747289,-1.289822,LAL,Yes,,https://www.durham.gov.uk/libraries,way,1222361703,,3
Bowburn Library,Durham County Council,England,"Durham Road, Bowburn",Bowburn,DH6 5AT,54.733939,-1.524496,LAL,Yes,,https://www.durham.gov.uk/libraries,node,286073071,,88
Brandon Library,Durham County Council,England,"Lowland Road, Brandon",Brandon,DH7 8NN,54.750979,-1.630611,LAL,Yes,,https://www.durham.gov.uk/libraries,way,958397536,,106
Chester-le-Street Library,Durham County Council,England,"Station Road, Chester-le-Street",County Durham,DH3 3BP,54.855154,-1.573975,LAL,Yes,,https://www.durham.gov.uk/libraries,node,2441894464,Q54810699,4
Chilton Library,Durham County Council,England,"Durham Road, Ferryhill",Ferryhill,DL17 0EX,54.659903,-1.558963,LAL,Yes,,https://www.durham.gov.uk/libraries,node,819429113,,105
Consett Library,Durham County Council,England,"Victoria Road, Consett",Consett,DH8 5AT,54.853151,-1.832745,LAL,Yes,,https://www.durham.gov.uk/libraries,node,4073595376,Q54810702,8
Cornforth Library,Durham County Council,England,"High Street, Ferryhill",Ferryhill,DL17 9HP,54.702774,-1.520003,LAL,Yes,,https://www.durham.gov.uk/libraries,way,262104793,,163
Coundon Library,Durham County Council,England,"The Eden Centre, Victoria Lane, Bishop Auckland",Bishop Auckland,DL14 8NL,54.661785,-1.627188,LAL,Yes,,https://www.durham.gov.uk/libraries,,,,
Durham Clayport Library,Durham County Council,England,"Millennium Place, Durham",Durham,DH1 1WA,54.778034,-1.574671,LAL,Yes,,https://www.durham.gov.uk/libraries,way,95596515,Q54810713,36
Easington Colliery Library,Durham County Council,England,"Seaside Lane, Peterlee",Peterlee,SR8 3PN,54.788023,-1.330505,LAL,Yes,,https://www.durham.gov.uk/libraries,way,1016394435,Q54810714,108
Ferryhill Library,Durham County Council,England,"North Street, Ferryhill",Ferryhill,DL17 8HX,54.690115,-1.553816,LAL,Yes,,https://www.durham.gov.uk/libraries,way,1002753182,Q54810720,81
Horden Library,Durham County Council,England,"Sunderland Road, Peterlee",Peterlee,SR8 4PF,54.766707,-1.320988,LAL,Yes,,https://www.durham.gov.uk/libraries,node,11339494022,Q54810733,80
Lanchester Library,Durham County Council,England,"Newbiggen Lane, Lanchester",Lanchester,DH7 0NT,54.822726,-1.745767,LAL,Yes,,https://www.durham.gov.uk/libraries,way,751174311,Q54810739,12
Langley Park Library,Durham County Council,England,"Old Co-operative Buildings, Front Street, Langley Park",County Durham,DH7 9XE,54.79858,-1.67093,LAL,Yes,,https://www.durham.gov.uk/libraries,node,1778881365,,19
Murton Library,Durham County Council,England,"Barnes Road, Seaham",Seaham,SR7 9QR,54.81941,-1.387927,LAL,Yes,,https://www.durham.gov.uk/libraries,node,971874768,,4
Newton Aycliffe Library,Durham County Council,England,"Beveridge Way, Newton Aycliffe",Newton Aycliffe,DL5 4EH,54.619166,-1.574305,LAL,Yes,,https://www.durham.gov.uk/libraries,node,9284228112,Q54810753,34
Newton Hall Library,Durham County Council,England,"Alnwick Road, Newton Hall",Newton Hall,DH1 5NL,54.799763,-1.577062,LAL,Yes,,https://www.durham.gov.uk/libraries,way,25510899,Q54810754,90
Peterlee Library,Durham County Council,England,"St. Cuthberts Way, Peterlee",Peterlee,SR8 1AF,54.756827,-1.336457,LAL,Yes,,https://www.durham.gov.uk/libraries,node,2778626941,,50
Sacriston Library,Durham County Council,England,"Plawsworth Road, Sacriston",Sacriston,DH7 6HU,54.820456,-1.62548,LAL,Yes,,https://www.durham.gov.uk/libraries,,,,
Sedgefield Library,Durham County Council,England,"Front Street, Cleveland",Cleveland,TS21 3AT,54.65375,-1.447951,LAL,Yes,,https://www.durham.gov.uk/libraries,way,48814371,Q54810770,31
Shildon Library,Durham County Council,England,"Church Street, Shildon",Shildon,DL4 1DU,54.633574,-1.647755,LAL,Yes,,https://www.durham.gov.uk/libraries,way,1012896122,Q54810772,87
Shotton Library,Durham County Council,England,"Co-operative Terrace, Shotton Colliery",Shotton Colliery,DH6 2LW,54.761597,-1.38754,LAL,Yes,,https://www.durham.gov.uk/libraries,,,,
South Moor Library,Durham County Council,England,"Severn Crescent, Stanley",Stanley,DH9 7PX,54.862571,-1.701661,LAL,Yes,,https://www.durham.gov.uk/libraries,way,525473624,,80
Spennymoor Library,Durham County Council,England,"24 Cheapside, Spennymoor",Spennymoor,DL16 6DJ,54.700231,-1.599448,LAL,Yes,,https://www.durham.gov.uk/libraries,,,,
Thornley Library,Durham County Council,England,"High Street, Thornley",Thornley,DH6 3EL,54.749571,-1.435215,LAL,Yes,,https://www.durham.gov.uk/libraries,way,119508295,Q54810782,89
Trimdon Library,Durham County Council,England,"Church Road, Trimdon",Trimdon,TS29 6PY,54.699934,-1.428453,LAL,Yes,,https://www.durham.gov.uk/libraries,node,5427436688,,153
Willington Library,Durham County Council,England,"46a High Street, Crook",Crook,DL15 0PG,54.71111,-1.693767,LAL,Yes,,https://www.durham.gov.uk/libraries,way,304080839,Q54810793,25
Wingate Library,Durham County Council,England,"Front Street, Wingate",Wingate,TS28 5AA,54.724953,-1.377486,LAL,Yes,,https://www.durham.gov.uk/libraries,,,,
Wolsingham Library,Durham County Council,England,"Town Hall, Bishop Auckland",Bishop Auckland,DL13 3AB,54.729737,-1.883353,LAL,Yes,,https://www.durham.gov.uk/libraries,node,2266051581,Q54810795,43
Woodhouse Close Library,Durham County Council,England,"Woodhouse Lane, Bishop Auckland",Bishop Auckland,DL14 6JX,54.650318,-1.6809,LAL,Yes,,https://www.durham.gov.uk/libraries,way,379535199,,89
Alderley Edge Library,Cheshire East Council,England,"44a London Road, Alderley Edge",Alderley Edge,SK9 7GP,53.3008022,-2.2365407,LAL,Yes,,,node,2600538046,,7
Alsager Library,Cheshire East Council,England,"Sandbach Road North, Alsager",Alsager,ST7 2QH,53.0965181,-2.3049807,LAL,Yes,,,way,133434950,,4
Bollington Library,Cheshire East Council,England,"Palmerston Street, Bollington",Bollington,SK10 5JX,53.298054,-2.1028708,LAL,Yes,,,way,288020474,Q54988799,3
Congleton Library,Cheshire East Council,England,"Market Square, Congleton",Congleton,CW12 1ET,53.163609,-2.2114806,LAL,Yes,,,way,225612322,,13
Disley Library,Cheshire East Council,England,"off Buxton Old Road, Stockport",Stockport,SK12 2BB,53.3585311,-2.0384479,LAL,Yes,,,node,315636056,,14
Handforth Library,Cheshire East Council,England,"The Green, Wilmslow Road, Handforth",Handforth,SK9 3ES,53.3481871,-2.2146923,LAL,Yes,,,way,1182710849,,11
Holmes Chapel Library,Cheshire East Council,England,"London Road, Holmes Chapel",Holmes Chapel,CW4 7AP,53.2005303,-2.3564102,LAL,Yes,,,way,533686148,,0
Hurdsfield,Cheshire East Council,England,"Hurdsfield Green, Macclesfield",Macclesfield,SK10 2RJ,53.2684,-2.114181,CRL,No,,,,,,
Knutsford Library,Cheshire East Council,England,"Toft Road, Knutsford",Knutsford,WA16 0PG,53.301878,-2.374221,LAL,Yes,,,way,421047282,,2
Macclesfield Library,Cheshire East Council,England,"Jordangate, Macclesfield",Macclesfield,SK10 1EE,53.2615383,-2.1253882,LAL,Yes,,,way,198763301,,13
Middlewich Library,Cheshire East Council,England,"Lewin Street, Middlewich",Middlewich,CW10 9AS,53.1917485,-2.4443378,LAL,Yes,,,way,328193801,,5
Nantwich Library,Cheshire East Council,England,"Beam Street, Nantwich",Nantwich,CW5 5LY,53.0689149,-2.5195454,LAL,Yes,,,way,160124130,,8
Poynton Library,Cheshire East Council,England,"Park Lane, Poynton",Poynton,SK12 1RB,53.3497251,-2.1177482,LAL,Yes,,,node,1680950940,,14
Prestbury Library,Cheshire East Council,England,"Reading Room, Prestbury",Prestbury,SK10 4AL,53.2885561,-2.1521661,LAL,Yes,,,node,3848990592,,6
Sandbach Library,Cheshire East Council,England,"The Commons, Sandbach",Sandbach,CW11 1FJ,53.1454147,-2.3609287,LAL,Yes,,,way,785047297,,4
Wilmslow Library,Cheshire East Council,England,"South Drive, Wilmslow",Wilmslow,SK9 1NW,53.3243604,-2.2326032,LAL,Yes,,,way,431390119,,3
Barnton Library,Cheshire West and Chester Council,England,"Townfield Lane, Northwich",Northwich,CW8 4LJ,53.2748857,-2.5500975,LAL,Yes,,,way,392425169,,7
Ellesmere Port Library,Cheshire West and Chester Council,England,"Civic Way, Ellesmere Port",Ellesmere Port,CH65 0BG,53.2763752,-2.9018791,LAL,Yes,,,way,55447992,,9
Great Boughton Library,Cheshire West and Chester Council,England,"Green Lane, Chester",Chester,CH3 5LB,53.1973116,-2.8541708,LAL,Yes,,,way,884837481,,3
Helsby Library,Cheshire West and Chester Council,England,"Lower Robin Hood Lane, Helsby",Helsby,WA6 0BW,53.2702947,-2.7717172,LAL,Yes,,,way,30912014,,14
Hope Farm Library,Cheshire West and Chester Council,England,"Bridge Meadow, Ellesmere Port",Ellesmere Port,CH66 2LE,53.2659686,-2.921167,LAL,Yes,,,node,3342020688,,1
Lache Library,Cheshire West and Chester Council,England,"Lache Park Avenue, Chester",Chester,CH4 8HR,53.1775055,-2.912525,LAL,Yes,,,,,,
Little Sutton Library,Cheshire West and Chester Council,England,"Chester Road, Ellesmere Port",Ellesmere Port,CH66 1QQ,53.2872809,-2.9468408,LAL,Yes,,,way,325938361,,7
Malpas Library,Cheshire West and Chester Council,England,"Bishop Heber High School, Malpas",Malpas,SY14 8JD,53.027799,-2.761581,LAL,Yes,,,node,1357852175,,217
Neston Library,Cheshire West and Chester Council,England,"Parkgate Road, Neston",Neston,CH64 6QE,53.2899601,-3.0671444,LAL,Yes,,,way,325179271,,3
Northwich Library,Cheshire West and Chester Council,England,"Witton Street, Northwich",Northwich,CW9 5DR,53.262329,-2.5099648,LAL,Yes,,,way,319046835,,15
Sandiway Library,Cheshire West and Chester Council,England,"Mere Lane, Northwich",Northwich,CW8 2NS,53.2343663,-2.599766,LAL,Yes,,,way,598602988,,1
Tarporley Library,Cheshire West and Chester Council,England,"High School, Tarporley",Tarporley,CW6 0BJ,53.1535314,-2.6652284,LAL,Yes,,,node,1853032172,,72
Tarvin Library,Cheshire West and Chester Council,England,"Community Centre, Meadow Close, Tarvin",Tarvin,CH3 8LY,53.194405,-2.768678,LAL,Yes,,,,,,
Upton Library,Cheshire West and Chester Council,England,"Wealstone Lane, Chester",Chester,CH2 1HB,53.2132306,-2.8845305,LAL,Yes,,,node,344873370,,2
Weaverham Library,Cheshire West and Chester Council,England,"Russet Road, Weaverham",Weaverham,CW8 3HY,53.2608104,-2.5764209,LAL,Yes,,,way,573102632,,2
Wharton Library,Cheshire West and Chester Council,England,"Willow Square , Winsford",Winsford,CW7 3HP,53.195736,-2.5037884,LAL,Yes,,,way,317310064,,7
Winsford Library,Cheshire West and Chester Council,England,"High Street, Winsford",Winsford,CW7 2AS,53.1925626,-2.528702,LAL,Yes,,,way,317020483,,5
Albrighton,Shropshire Council,England,"Station Road, Wolverhampton",Wolverhampton,WV7 3QH,52.6355801,-2.277629,CL,Yes,,http://new.shropshire.gov.uk/libraries/find-a-library/albrighton-library/,,,,
Bayston Hill,Shropshire Council,England,"Lythwood Road, Shrewsbury",Shrewsbury,SY3 0NA,52.6741173,-2.7671551,LAL,Yes,,http://new.shropshire.gov.uk/libraries/find-a-library/bayston-hill-library/,way,1055337950,,6
Bishop's Castle,Shropshire Council,England,"Enterprise House, Station Road , Bishops Castle",Bishops Castle,SY9 5AQ,52.492708,-2.996368,CL,Yes,,http://new.shropshire.gov.uk/libraries/find-a-library/bishops-castle-library/,node,4048295120,,58
Bridgnorth,Shropshire Council,England,"Listley Street, Bridgnorth",Bridgnorth,WV16 4AW,52.5342995,-2.4210084,LAL,Yes,,http://new.shropshire.gov.uk/libraries/find-a-library/bridgnorth-library/,way,78224943,,17
Broseley,Shropshire Council,England,"The Old School, Broseley",Broseley,TF12 5EL,52.61131,-2.4815587,CL,Yes,,http://new.shropshire.gov.uk/libraries/find-a-library/broseley-library/,node,3987777041,,4
Church Stretton,Shropshire Council,England,"Church Street, Church Stretton",Church Stretton,SY6 6DQ,52.5375196,-2.8097108,LAL,Yes,,http://new.shropshire.gov.uk/libraries/find-a-library/church-stretton-library/,way,125616393,Q55173637,5
Cleobury Mortimer,Shropshire Council,England,"Love Lane, Cleobury Mortimer",Cleobury Mortimer,DY14 8PE,52.3803899,-2.4840797,CL,Yes,,http://new.shropshire.gov.uk/libraries/find-a-library/cleobury-mortimer-library/,way,216508863,,6
Ellesmere,Shropshire Council,England,"Library at Our Space, Trimpley Street, Ellesmere",Ellesmere,SY12 0AE,52.9071719,-2.8959595,LAL,Yes,,http://new.shropshire.gov.uk/libraries/find-a-library/ellesmere-library/,way,353626561,,4
Gobowen,Shropshire Council,England,"St. Martins Road, Gobowen",Gobowen,SY11 3NP,52.8972718,-3.0366662,LAL,Yes,,http://new.shropshire.gov.uk/libraries/find-a-library/gobowen-library/,node,800414565,,3
Highley,Shropshire Council,England,"Severn Centre, Bridgnorth Road, Highley",Highley,WV16 6JG,52.451028,-2.384327,CL,Yes,,http://new.shropshire.gov.uk/libraries/find-a-library/highley-library/,node,3568512152,,165
Library at the Lantern,Shropshire Council,England,"Meadow Farm Drive, Shrewsbury",Shrewsbury,SY1 4NG,52.731089,-2.7210026,LAL,Yes,,http://new.shropshire.gov.uk/libraries/find-a-library/library-at-the-lantern/,way,1132421588,,15
Ludlow,Shropshire Council,England,"7-9 Parkway, Ludlow",Ludlow,SY8 2PG,52.3693258,-2.7169033,LAL,Yes,,http://new.shropshire.gov.uk/libraries/find-a-library/ludlow-library/,way,93926215,,6
Market Drayton,Shropshire Council,England,"Cheshire Street, Market Drayton",Market Drayton,TF9 1PH,52.904655,-2.485523,LAL,Yes,,http://new.shropshire.gov.uk/libraries/find-a-library/ludlow-library/,node,1599891907,,40
Much Wenlock,Shropshire Council,England,"The Corn Exchange, High Street, Much Wenlock",Much Wenlock,TF13 6AE,52.5956768,-2.5579517,LAL,Yes,,http://new.shropshire.gov.uk/libraries/find-a-library/much-wenlock-library/,node,1781456719,,1
Oswestry,Shropshire Council,England,"Arthur Street, Oswestry",Oswestry,SY11 1JN,52.860379,-3.0559123,LAL,Yes,,http://new.shropshire.gov.uk/libraries/find-a-library/oswestry-library/,way,171622368,,24
Shifnal,Shropshire Council,England,"Broadway, Shifnal",Shifnal,TF11 8AZ,52.668958,-2.372778,CL,Yes,,http://new.shropshire.gov.uk/libraries/find-a-library/shifnal-library/,node,10297183690,,33
Shrewsbury,Shropshire Council,England,"Castle Gates, Shrewsbury",Shrewsbury,SY1 2AS,52.7107205,-2.7508929,LAL,Yes,,http://new.shropshire.gov.uk/libraries/find-a-library/shrewsbury-library/,node,245054000,Q7503684,15
Wem,Shropshire Council,England,"Talbot House, High Street, Wem",Wem,SY4 5AA,52.85578,-2.723186,LAL,Yes,,http://new.shropshire.gov.uk/libraries/find-a-library/wem-library/,way,203007757,Q55173657,12
Whitchurch,Shropshire Council,England,"High Street, Whitchurch",Whitchurch,SY13 1AX,52.969544,-2.683812,LAL,Yes,,http://new.shropshire.gov.uk/libraries/find-a-library/whitchurch-library/,,,,
Bodmin Library & Information Service,Cornwall Council,England,"Chy Trevail, Bodmin",Bodmin,PL31 2FR,50.4706198,-4.7392738,LAL,Yes,,https://www.cornwall.gov.uk/leisure-and-culture/libraries/your-local-library/bodmin-library-and-information-service/,node,6133676840,,17
Bude Library & Information Service,Cornwall Council,England,"The Wharf, Bude",Bude,EX23 8LG,50.8284612,-4.548324,CL,Yes,,https://www.cornwall.gov.uk/leisure-and-culture/libraries/your-local-library/bude-library-and-information-service/,way,173670049,Q54879070,1
Callington Library & Information Service,Cornwall Council,England,"Coronation Road, Callington",Callington,PL17 7BX,50.5057096,-4.3117252,LAL,Yes,,https://www.cornwall.gov.uk/leisure-and-culture/libraries/your-local-library/callington-library-and-information-service/,,,,
Camborne Library,Cornwall Council,England,"The Cross, Camborne",Camborne,TR14 8HA,50.2115599,-5.2980289,CL,Yes,,https://www.cornwall.gov.uk/leisure-and-culture/libraries/your-local-library/camborne-library/,way,150900516,Q26677126,3
Camelford Library & Information Service,Cornwall Council,England,"Town Hall, Market Place, Camelford",Camelford,PL32 9PD,50.6225026,-4.679398,CL,Yes,,https://www.cornwall.gov.uk/leisure-and-culture/libraries/your-local-library/camelford-library-and-information-service/,way,142181983,Q26431541,1
Devoran Micro,Cornwall Council,England,"The Market Hall, Market Street, Devoran",Devoran,TR3 6QA,50.2110233,-5.0928717,CRL,No,,,,,,
Falmouth Library,Cornwall Council,England,"Municipal Offices, Falmouth",Falmouth,TR11 3QA,50.1556834,-5.0725231,CL,Yes,,https://www.cornwall.gov.uk/leisure-and-culture/libraries/your-local-library/falmouth-library/,node,275357891,,8
Hayle Library& Information Service,Cornwall Council,England,"Commercial Road, Hayle",Hayle,TR27 4DE,50.1902637,-5.4154494,CL,Yes,,https://www.cornwall.gov.uk/leisure-and-culture/libraries/your-local-library/hayle-library-and-information-service/,node,2721471317,Q54879075,5
Helston Library & Information Service,Cornwall Council,England,"Trengrouse Way, Helston",Helston,TR13 8AG,50.1005317,-5.2715582,LAL,Yes,,https://www.cornwall.gov.uk/leisure-and-culture/libraries/your-local-library/helston-library-and-information-service/,way,572480845,Q54879078,6
Launceston Library & Information Service,Cornwall Council,England,"Bounsalls Lane, Launceston",Launceston,PL15 9AB,50.6356544,-4.3605234,CL,Yes,,https://www.cornwall.gov.uk/leisure-and-culture/libraries/your-local-library/launceston-library-and-information-service/,way,1336884169,,2
Liskeard Library,Cornwall Council,England,"Luxstowe House, Liskeard",Liskeard,PL14 6AB,50.4543334,-4.4649985,LAL,Yes,,,,,,
Looe Library & Information Service,Cornwall Council,England,"Millpool, Looe",Looe,PL13 2AF,50.3573923,-4.4582107,CL,Yes,,https://www.cornwall.gov.uk/leisure-and-culture/libraries/your-local-library/looe-library-and-information-service/,way,1132930274,,3
Lostwithiel Library,Cornwall Council,England,"Taprell House, North Street, Lostwithiel",Lostwithiel,PL22 0BL,50.4076801,-4.6701727,CL,Yes,,https://www.cornwall.gov.uk/leisure-and-culture/libraries/your-local-library/lostwithiel-library/,node,1749767231,Q54879083,16
Millbrook Micro,Cornwall Council,England,"The Rame Centre, 3 West Street, Torpoint",Torpoint,PL10 1AA,50.3475055,-4.2177955,LAL-,No,,,,,,
Mullion Micro,Cornwall Council,England,"The Old Inn, Mullion",Mullion,TR12 7HN,50.0280009,-5.2428838,LAL-,No,,,,,,
Newquay Library & Information Service,Cornwall Council,England,"Marcus Hill, Newquay",Newquay,TR7 1BD,50.4132199,-5.0825747,CL,Yes,,https://www.cornwall.gov.uk/leisure-and-culture/libraries/your-local-library/newquay-library-and-information-service/,way,297237470,Q54879176,5
Par Community Library,Cornwall Council,England,"Par Athletics Track , Par",Par,PL24 2PB,50.3538896,-4.7016547,CRL,Yes,,,,,,
Penryn Library,Cornwall Council,England,"St. Thomas Street, Penryn",Penryn,TR10 8JN,50.167503,-5.101643,CL,Yes,,https://www.cornwall.gov.uk/leisure-and-culture/libraries/your-local-library/penryn-library-and-information-service/,way,1344348540,Q54879180,3
Penzance Library & Information Service,Cornwall Council,England,"St. John's Hall, Alverton Street, Penzance",Penzance,TR18 2QW,50.1186236,-5.5404644,LAL,Yes,,https://www.cornwall.gov.uk/leisure-and-culture/libraries/your-local-library/penzance-library-and-information-service/,node,2241904277,Q54879181,23
Perranporth Library,Cornwall Council,England,"Oddfellows Hall, Ponsmere Road, Perranporth",Perranporth,TR6 0BW,50.3465414,-5.1524097,CL,Yes,,,node,12474091569,,4
Polbathic Micro,Cornwall Council,England,"The Halfway House, Torpoint",Torpoint,PL11 3EY,50.3886045,-4.324988,LAL-,No,,,,,,
Redruth Library & Information Service,Cornwall Council,England,"Clinton Road, Redruth",Redruth,TR15 2QE,50.2315685,-5.2262712,CL,Yes,,https://www.cornwall.gov.uk/leisure-and-culture/libraries/your-local-library/redruth-library-and-information-service/,node,3744582225,,18
Saltash Library & Information Service,Cornwall Council,England,"Callington Road, Saltash",Saltash,PL12 6DX,50.4099718,-4.2207366,CL,Yes,,https://www.cornwall.gov.uk/leisure-and-culture/libraries/your-local-library/saltash-library-and-information-service/,way,235885423,,4
Shortlanesend Micro,Cornwall Council,England,"The Old Plough, Church Road, Truro",Truro,TR4 9DY,50.2878932,-5.0779964,LAL-,No,,,,,,
St. Agnes Library,Cornwall Council,England,"Trelawney Road, St. Agnes",St. Agnes,TR5 0TP,50.3094073,-5.2043292,CL,Yes,,https://www.cornwall.gov.uk/leisure-and-culture/libraries/your-local-library/st-agnes-library/,way,265228645,Q54879088,3
St. Austell Library,Cornwall Council,England,"2 Carlyon Road, St. Austell",St. Austell,PL25 4LD,50.3390956,-4.7857228,CL,Yes,,https://www.cornwall.gov.uk/leisure-and-culture/libraries/your-local-library/saltash-library-and-information-service/,way,177766518,Q26609406,6
St. Columb Library,Cornwall Council,England,"The Town Hall, Market Place, St. Columb",St. Columb,TR9 6AN,50.4352288,-4.9399506,CL,Yes,,https://www.cornwall.gov.uk/leisure-and-culture/libraries/your-local-library/st-columb-library/,way,305357835,Q54879089,8
St. Columb Minor Micro,Cornwall Council,England,"The Farmers Arms, Church Street, Newquay",Newquay,TR7 3EZ,50.421038,-5.042909,LAL-,No,,,,,,
St Dennis Micro,Cornwall Council,England,"Fore Street, St. Dennis",St. Dennis,PL26 8AF,50.3847303,-4.8827426,LAL-,No,,,,,,
St. Ives Library & Information Service,Cornwall Council,England,"Gabriel Street, St. Ives",St. Ives,TR26 2LX,50.2114682,-5.4810988,CL,Yes,,https://www.cornwall.gov.uk/leisure-and-culture/libraries/your-local-library/st-ives-library-and-information-service/,way,657395684,Q54879090,2
St. Just Library,Cornwall Council,England,"Market Street, St. Just",St. Just,TR19 7HX,50.1238989,-5.6820303,CL,Yes,,https://www.cornwall.gov.uk/leisure-and-culture/libraries/your-local-library/st-just-library/,way,297456632,Q54879091,1
Stoke Climsland,Cornwall Council,England,"The Old School, Callington",Callington,PL17 8NY,50.5467529,-4.3157365,LAL-,No,,,,,,
Torpoint Library & Information Service,Cornwall Council,England,"Fore Street, Torpoint",Torpoint,PL11 2AG,50.3749839,-4.1946424,CL,Yes,,https://www.cornwall.gov.uk/leisure-and-culture/libraries/your-local-library/torpoint-library-and-information-service/,way,54605552,Q54879093,2
Treverbyn Micro,Cornwall Council,England,"Treverbyn Community Hall, Treverbyn Road, St. Austell",St. Austell,PL26 8TL,50.3797406,-4.7915781,LAL-,No,,,,,,
Truro Community Library,Cornwall Council,England,"Union Place, Truro",Truro,TR1 1EP,50.2645686,-5.0527956,CL,Yes,,,node,665061323,Q26501260,10
Vogue Micro,Cornwall Council,England,"The Star Inn, Redruth",Redruth,TR16 5NP,50.2376979,-5.1929658,LAL-,No,,,,,,
Wadebridge Library & Information Service,Cornwall Council,England,"Southern Way, Wadebridge",Wadebridge,PL27 7BX,50.515191,-4.834029,CL,Yes,,https://www.cornwall.gov.uk/leisure-and-culture/libraries/your-local-library/wadebridge-library-and-information-service/,way,1098043800,Q54879199,56
Wainhouse Corner Micro Library,Cornwall Council,England,"The Old Wainhouse Inn, Eden Road , Bude",Bude,EX23 0BA,50.7302107,-4.5779473,LAL-,No,,,,,,
St Mary's Library,Council of the Isles of Scilly,England,"Buzza Street, Hugh Town",Hugh Town,TR21 0HX,49.913726,-6.3130931,LAL,Yes,,https://scilly.gov.uk/learning-leisure/library-0,node,3464887351,,3
Aldbourne Library,Wiltshire Council,England,"South Street, Marlborough",Marlborough,SN8 2DW,51.4794502,-1.6192091,LAL,Yes,,,,,,
Amesbury Library,Wiltshire Council,England,"Smithfield Street, Amesbury",Amesbury,SP4 7AL,51.1720753,-1.7783449,LAL,Yes,,,way,271434832,Q55173752,16
Box Library,Wiltshire Council,England,"Selwyn Hall, Valens Terrace, Box",Box,SN13 8NT,51.4157678,-2.2550431,LAL,Yes,,,node,1698675398,Q55173754,7
Bradford on Avon Library,Wiltshire Council,England,"Bridge Street, Bradford",Bradford,BA15 1BY,51.3464873,-2.2501788,LAL,Yes,,,node,2679028087,Q55173755,6
Calne Community Hub & Library,Wiltshire Council,England,"The Strand, Calne",Calne,SN11 0JU,51.4382104,-2.0049362,LAL,Yes,,,node,309771727,Q55173757,0
Chippenham Library,Wiltshire Council,England,"Timber Street, Chippenham",Chippenham,SN15 3EJ,51.45728,-2.1144977,LAL,Yes,,,node,370768936,,6
Cricklade Library,Wiltshire Council,England,"113 High Street, Swindon",Swindon,SN6 6AE,51.6404072,-1.8565621,LAL,Yes,,,node,5755655812,Q55173762,9
Devizes Community Hub & Library,Wiltshire Council,England,"Sheep Street, Devizes",Devizes,SN10 1DL,51.3512054,-1.9917158,LAL,Yes,,,way,165331364,,17
Downton Library,Wiltshire Council,England,"Church Leat, Salisbury",Salisbury,SP5 3PD,50.9927545,-1.7442921,LAL,Yes,,,node,2321830190,Q55173764,3
Durrington Library,Wiltshire Council,England,"75 Bulford Road, Salisbury",Salisbury,SP4 8EU,51.1978432,-1.7718386,LAL,Yes,,,,,,
Ludgershall Library,Wiltshire Council,England,"Memorial Hall, Andover Road, Ludgershall",Ludgershall,SP11 9LZ,51.2548993,-1.6199362,LAL,Yes,,,node,692387325,,10
Lyneham Library,Wiltshire Council,England,"Memorial Hall, Lyneham, Chippenham",Chippenham,SN15 4PR,51.5075492,-1.9660116,LAL,Yes,,,way,447224861,,1
Malmesbury Library,Wiltshire Council,England,"Cross Hayes, Malmesbury",Malmesbury,SN16 9BG,51.5832327,-2.0961969,LAL,Yes,,,way,172135270,Q55173770,4
Marlborough Library,Wiltshire Council,England,"91 High Street, Marlborough",Marlborough,SN8 1HD,51.4186943,-1.7339569,LAL,Yes,,,way,466218087,Q26285751,5
Mere Library,Wiltshire Council,England,"Barton Lane, Mere, Warminster",Warminster,BA12 6JA,51.0899266,-2.2705064,LAL,Yes,,,node,1619130699,,10
Netheravon Library,Wiltshire Council,England,"High Street, Netheravon,  Salisbury",Salisbury,SP4 9PJ,51.2381538,-1.7907632,LAL,Yes,,,way,372405798,Q55173775,1
Pewsey Library,Wiltshire Council,England,"Aston Close, Pewsey",Pewsey,SN9 5EQ,51.3398552,-1.7684517,LAL,Yes,,,way,577204162,Q55173776,1
Purton Library,Wiltshire Council,England,"1 High Street, Purton, Swindon",Swindon,SN5 4AA,51.5885383,-1.8665702,LAL,Yes,,,node,4139256078,Q26638725,3
Ramsbury Library,Wiltshire Council,England,"Chapel House, High Street, Marlborough",Marlborough,SN8 2QP,51.4421524,-1.6080524,LAL,Yes,,,way,825872953,Q55173777,2
Royal Wootton Bassett Library,Wiltshire Council,England,"Borough Fields, Royal Wootton Bassett, Swindon",Swindon,SN4 7AX,51.5425935,-1.9056535,LAL,Yes,,,way,305680029,,4
Salisbury Library,Wiltshire Council,England,"Market Place, Salisbury",Salisbury,SP1 1BL,51.0698238,-1.7970889,LAL,Yes,,,node,793862208,Q55173783,21
Tidworth Library,Wiltshire Council,England,"Tidworth Leisure Centre, Nadder Road , Tidworth",Tidworth,SP9 7QN,51.237346,-1.660632,LAL,Yes,,,,,,
Warminster,Wiltshire Council,England,"Three Horseshoes Walk, Warminster",Warminster,BA12 9BT,51.2059651,-2.1796168,LAL,Yes,,,node,2676930785,Q55173788,2
Westbury,Wiltshire Council,England,"Westbury House, Edward Street, Westbury",Westbury,BA13 3BD,51.2614849,-2.1835034,LAL,Yes,,,way,41220539,Q55173791,1
Wilton,Wiltshire Council,England,"9 South Street, Wilton, Salisbury","Wilton, Salisbury",SP2 0JS,51.0795417,-1.8641263,LAL,Yes,,,node,3061493220,,3
Wiltshire Studies Library,Wiltshire Council,England,"Wiltshire & Swindon History Centre, Cocklebury Road, Chippenham",Chippenham,SN15 3QN,51.4639931,-2.1088861,LAL,Yes,,,,,,
Allendale Library,Northumberland County Council,England,"Dawson Place, Hexham",Hexham,NE47 9PP,54.897558,-2.252662,LAL,Yes,,http://www.mylibrary.co.uk/,,,,
Alnwick Library,Northumberland County Council,England,"Alnwick Playhouse, Alnwick",Alnwick,NE66 1PQ,55.412471,-1.702842,LAL,Yes,,http://www.mylibrary.co.uk/,way,136135366,Q54810865,229
Amble Library,Northumberland County Council,England,"Middleton Street, Amble",Amble,NE65 0ET,55.332178,-1.58363,LAL,Yes,,http://www.mylibrary.co.uk/,node,1302022917,Q54810866,45
Ashington Library,Northumberland County Council,England,"Ashington Leisure Centre, Portland Park, Ashington",Ashington,NE63 9JY,55.185492,-1.568794,LAL,Yes,,http://www.mylibrary.co.uk/,,,,
Bedlington Library,Northumberland County Council,England,"Glebe Road, Bedlington",Bedlington,NE22 6JX,55.1322,-1.598682,LAL,Yes,,http://www.mylibrary.co.uk/,way,125214662,Q54810868,12
Bellingham Library,Northumberland County Council,England,"Bellingham Town Hall, Manchester Square, Bellingham",Bellingham,NE48 2AS,55.14322,-2.255602,LAL,Yes,,http://www.mylibrary.co.uk/,node,1351289125,,241
Berwick Library,Northumberland County Council,England,"Walkergate, Berwick-upon-Tweed",Berwick-upon-Tweed,TD15 1DB,55.770814,-2.005186,LAL,Yes,,http://www.mylibrary.co.uk/,way,71319894,,73
Blyth Library,Northumberland County Council,England,"Bridge Street, Blyth",Blyth,NE24 2DJ,55.127065,-1.506899,LAL,Yes,,http://www.mylibrary.co.uk/,node,4321247659,Q50424732,6
Corbridge Library,Northumberland County Council,England,"Hill Street, Corbridge",Corbridge,NE45 5AA,54.974599,-2.018638,LAL,Yes,,http://www.mylibrary.co.uk/,node,833214311,,64
Cramlington Library,Northumberland County Council,England,"The Hub at Cramlington, Forum Way, Cramlington",Cramlington,NE23 6YB,55.085046,-1.591822,LAL,Yes,,http://www.mylibrary.co.uk/,way,87763750,Q54810874,61
Ellington Library,Northumberland County Council,England,"Lynemouth Road, Morpeth",Morpeth,NE61 5HN,55.220372,-1.564332,ICL,No,,http://www.mylibrary.co.uk/,,,,
Guide Post Library,Northumberland County Council,England,"1 The Square, Choppington",Choppington,NE62 5BZ,55.159263,-1.602539,LAL,Yes,,http://www.mylibrary.co.uk/,,,,
Hadston House Library,Northumberland County Council,England,"Hadston Road, Morpeth",Morpeth,NE65 9SF,55.293337,-1.603642,CRL,No,,http://www.mylibrary.co.uk/,,,,
Haltwhistle Library,Northumberland County Council,England,"Westgate, Haltwhistle",Haltwhistle,NE49 0AX,54.970177,-2.460811,LAL,Yes,,http://www.mylibrary.co.uk/,way,316982954,,53
Haydon Bridge Library,Northumberland County Council,England,"Church Street, Haydon Bridge",Haydon Bridge,NE47 6JQ,54.973737,-2.247079,CRL,Yes,,http://www.mylibrary.co.uk/,way,822211073,,129
Heddon Library,Northumberland County Council,England,"Towne Gate, Newcastle upon Tyne",Newcastle upon Tyne,NE15 0EJ,54.9964899,-1.7916385,CRL,Yes,,http://www.mylibrary.co.uk/,way,399509032,,2
Hexham Library,Northumberland County Council,England,"Queens Hall, Beaumont Street, Hexham",Hexham,NE46 3LS,54.970258,-2.102903,LAL,Yes,,http://www.mylibrary.co.uk/,node,1568923348,,47
Hirst Library,Northumberland County Council,England,"Hirst Welfare Centre, Alexandra Road, Ashington",Ashington,NE63 9RX,55.175076,-1.547555,LAL,Yes,,http://www.mylibrary.co.uk/,,,,
Kielder Library,Northumberland County Council,England,"Kielder Community First School, Kielder",Kielder,NE48 1HQ,55.231851,-2.579563,LAL,Yes,,http://www.mylibrary.co.uk/,node,1723950230,Q54810887,3
Lynemouth Library,Northumberland County Council,England,"Bridge Road, Morpeth",Morpeth,NE61 5YL,55.211711,-1.537804,LAL,Yes,,http://www.mylibrary.co.uk/,,,,
Morpeth Library,Northumberland County Council,England,"Royal Sovereign House, Manchester Street, Morpeth",Morpeth,NE61 1AF,55.169655,-1.690599,LAL,Yes,,http://www.mylibrary.co.uk/,,,,
Newbiggin Library,Northumberland County Council,England,"Newbiggin Community Hub, Woodhorn Road, Newbiggin-by-the-Sea",Newbiggin-by-the-Sea,NE64 6HG,55.186291,-1.517179,LAL,Yes,,http://www.mylibrary.co.uk/,,,,
Ponteland Library,Northumberland County Council,England,"Leisure Centre, Callerton Lane, Ponteland",Ponteland,NE20 9EG,55.04714,-1.742422,LAL,Yes,,http://www.mylibrary.co.uk/,,,,
Prudhoe Library,Northumberland County Council,England,"Spetchells Centre, 58 Front Street, Prudhoe",Prudhoe,NE42 5AA,54.961386,-1.849758,LAL,Yes,,http://www.mylibrary.co.uk/,node,774819196,,15
Rothbury Library,Northumberland County Council,England,"Front Street, Rothbury",Rothbury,NE65 7TZ,55.308886,-1.914946,LAL,Yes,,http://www.mylibrary.co.uk/,node,808556427,,3
Seahouses,Northumberland County Council,England,"Main Street, Seahouses",Seahouses,NE68 7YL,55.577855,-1.653632,CRL,No,,http://www.mylibrary.co.uk/,,,,
Seaton Sluice Library,Northumberland County Council,England,"Seaton Sluice Community Centre, Albert Road, Whitley Bay",Whitley Bay,NE26 4QX,55.082756,-1.472247,LAL,Yes,,http://www.mylibrary.co.uk/,way,390266159,,53
Seaton Valley Library,Northumberland County Council,England,"Astley High School, Elsdon Avenue , Whitley Bay",Whitley Bay,NE25 0BW,55.07062,-1.525885,LAL,Yes,,http://www.mylibrary.co.uk/,,,,
South Beach Library,Northumberland County Council,England,"Fulmar Drive, Blyth",Blyth,NE24 3RJ,55.110572,-1.510472,LAL,Yes,,http://www.mylibrary.co.uk/,way,134681044,,58
Widdrington Library,Northumberland County Council,England,"Grange Road, Morpeth",Morpeth,NE61 5LZ,55.238351,-1.61889,LAL,Yes,,http://www.mylibrary.co.uk/,,,,
Wooler Library,Northumberland County Council,England,"Cheviot Centre, Padgepool Place, Wooler",Wooler,NE71 6BL,55.546525,-2.01842,LAL,Yes,,http://www.mylibrary.co.uk/,node,3535482579,Q54810918,9
Wylam Library,Northumberland County Council,England,"Falcon Community Centre, Falcon Terrace,  Wylam",Wylam,NE41 8EE,54.977166,-1.816051,LAL,Yes,,http://www.mylibrary.co.uk/,node,740610207,Q54810919,130
Bournemouth Library,"Bournemouth, Christchurch and Poole Council",England,"22 The Triangle, Bournemouth",Bournemouth,BH2 5RQ,50.7206683,-1.8847102,LAL,Yes,,http://www.bournemouth.gov.uk/Libraries/MyLocalLibrary/BournemouthLibrary.aspx,way,117690163,,36
Branksome Library,"Bournemouth, Christchurch and Poole Council",England,"212 Ashley Road , Poole  ",Poole,BH14 9BY,50.7285689,-1.9318037,LAL,Yes,,,way,1097925228,,7
Broadstone Library,"Bournemouth, Christchurch and Poole Council",England,"10 Story Lane, Poole",Poole,BH18 8EQ,50.7603252,-1.9934908,LAL,Yes,,,way,1355017039,Q55183837,3
Canford Cliffs Library,"Bournemouth, Christchurch and Poole Council",England,"Weston Road, Poole",Poole,BH13 7BN,50.7052796,-1.9159474,LAL,Yes,,,way,256564448,,2
Canford Heath Library,"Bournemouth, Christchurch and Poole Council",England,"Mitchell Road, Poole",Poole,BH17 8UE,50.7413272,-1.9647654,LAL,Yes,,,way,313059480,Q55183842,2
Charminster Library,"Bournemouth, Christchurch and Poole Council",England,"Strouden Avenue, Bournemouth",Bournemouth,BH8 9HT,50.7454583,-1.8611965,LAL,Yes,,http://www.bournemouth.gov.uk/Libraries/MyLocalLibrary/CharminsterLibrary.aspx,way,236058810,Q55173274,7
Christchurch,"Bournemouth, Christchurch and Poole Council",England,"Druitt Buildings High Street, Christchurch",Christchurch,BH23 1AW,50.7345024,-1.7776128,LAL,Yes,,,node,306208354,Q55173473,6
Creekmoor Library,"Bournemouth, Christchurch and Poole Council",England,"34 Northmead Drive, Poole",Poole,BH17 7XZ,50.7422501,-2.0049306,LAL,Yes,,,node,12491973350,,26
Ensbury Park,"Bournemouth, Christchurch and Poole Council",England,"31 Columbia Road, Bournemouth",Bournemouth,BH10 4DZ,50.7519343,-1.8877415,LAL,Yes,,http://www.bournemouth.gov.uk/Libraries/MyLocalLibrary/EnsburyPark.aspx,way,243153903,Q55173275,3
Highcliffe,"Bournemouth, Christchurch and Poole Council",England,"Gordon Road, Highcliffe",Highcliffe,BH23 5HN,50.7426844,-1.6966757,LAL,Yes,,,way,454641915,Q55173491,2
Oakdale Library,"Bournemouth, Christchurch and Poole Council",England,"Wimborne Road, Poole",Poole,BH15 3EF,50.7331113,-1.977482,LAL,Yes,,,way,135537883,Q55183846,5
Parkstone Library,"Bournemouth, Christchurch and Poole Council",England,"Britannia Road, Poole",Poole,BH14 8AZ,50.72278,-1.9538136,LAL,Yes,,,way,1231437991,Q55183849,4
Pokesdown & Southbourne Library,"Bournemouth, Christchurch and Poole Council",England,"Seabourne Road, Bournemouth",Bournemouth,BH5 2HY,50.7286674,-1.8204987,LAL,Yes,,http://www.bournemouth.gov.uk/Libraries/MyLocalLibrary/pokesdownandsouthbourne.aspx,way,204009497,Q55173280,10
Poole Library,"Bournemouth, Christchurch and Poole Council",England,"Dolphin Centre , Poole",Poole,BH15 1QE,50.7186515,-1.979656,LAL,Yes,,,way,306064404,,17
Rossmore Library,"Bournemouth, Christchurch and Poole Council",England,"Herbert Avenue, Poole",Poole,BH12 4HR,50.7421855,-1.934222,LAL,Yes,,,way,372512347,Q55183850,6
Springbourne Library,"Bournemouth, Christchurch and Poole Council",England,"Holdenhurst Road, Bournemouth",Bournemouth,BH8 8BX,50.7317789,-1.8530045,LAL,Yes,,http://www.bournemouth.gov.uk/Libraries/MyLocalLibrary/SpringbourneLibrary.aspx,way,89693033,Q55173282,2
Tuckton Library,"Bournemouth, Christchurch and Poole Council",England,"Wick Lane , Bournemouth",Bournemouth,BH6 4LF,50.7277476,-1.7867263,LAL,Yes,,http://www.bournemouth.gov.uk/Libraries/MyLocalLibrary/TucktonLibrary.aspx,way,247081753,Q26446866,2
Westbourne Library,"Bournemouth, Christchurch and Poole Council",England,"Alum Chine Road, Bournemouth",Bournemouth,BH4 8DX,50.721749,-1.9020928,LAL,Yes,,http://www.bournemouth.gov.uk/Libraries/MyLocalLibrary/WestbourneLibrary.aspx,way,120199171,Q26402630,3
West Howe Library,"Bournemouth, Christchurch and Poole Council",England,"Cunningham Crescent, Bournemouth",Bournemouth,BH11 8DU,50.7576008,-1.9100922,LAL,Yes,,http://www.bournemouth.gov.uk/Libraries/MyLocalLibrary/WestHowe.aspx,node,12887406256,,15
Winton Library,"Bournemouth, Christchurch and Poole Council",England,"Wimborne Road, Bournemouth",Bournemouth,BH9 2EN,50.746664,-1.8782011,LAL,Yes,,http://www.bournemouth.gov.uk/Libraries/MyLocalLibrary/WintonLibrary.aspx,way,233059916,Q26446985,13
Beaminster,Dorset Council,England,"6 Fleet Street, Beaminster",Beaminster,DT8 3EF,50.8092033,-2.7384887,LAL,Yes,,https://www.dorsetcouncil.gov.uk/libraries-history-culture/libraries/find-your-local-library/library.aspx?l=12b630b1-4eca-45eb-98bd-d58b4dc1a970,node,11185639741,,6
Blandford,Dorset Council,England,"The Tabernacle, Blandford",Blandford,DT11 7DW,50.8566759,-2.1632112,LAL,Yes,,https://www.dorsetcouncil.gov.uk/libraries-history-culture/libraries/find-your-local-library/library.aspx?l=bb3b8420-2d73-4be2-93f1-51a7f1a38f79,node,5004042689,Q55173465,12
Bridport,Dorset Council,England,"South Street, Bridport",Bridport,DT6 3NY,50.7317743,-2.7577608,LAL,Yes,,https://www.dorsetcouncil.gov.uk/libraries-history-culture/libraries/find-your-local-library/library.aspx?l=fa163b5d-4ae2-482d-a5a6-56d7fcbb764e,way,402051821,Q55173466,2
Burton Bradstock,Dorset Council,England,"The Old Wesleyan Chapel, Bridport",Bridport,DT6 4QR,50.7033575,-2.7259763,CRL,No,,,node,1600306841,Q26577093,19
Charmouth,Dorset Council,England,"The Street, Charmouth",Charmouth,DT6 6PE,50.738665,-2.903858,CRL,No,,,way,799243929,Q55173468,54
Chickerell,Dorset Council,England,"East Street, Weymouth",Weymouth,DT3 4DT,50.624439,-2.500863,CRL,No,,https://www.dorsetcouncil.gov.uk/libraries-history-culture/libraries/find-your-local-library/library.aspx?l=60cfb8b4-fb1d-4fec-841e-3a09505f1d9a,way,1112731183,,136
Colehill,Dorset Council,England,"Middlehill Road, Wimborne",Wimborne,BH21 2HL,50.807761,-1.951028,CRL,No,,,,,,
Corfe Castle,Dorset Council,England,"East Street, Wareham ",Wareham,BH20 5EE,50.635555,-2.0541406,CRL,No,,,way,463526654,Q55173477,2
Corfe Mullen Library & Children's Centre,Dorset Council,England,"54 Wareham Road, Wimborne",Wimborne,BH21 3LE,50.7738763,-2.0170172,LAL,Yes,,https://www.dorsetcouncil.gov.uk/libraries-history-culture/libraries/find-your-local-library/library.aspx?l=84c73bfc-4406-4398-9ab4-44eea5b65b2e,way,420014617,,10
Crossways,Dorset Council,England,"Old Farm Way, Dorchester ",Dorchester,DT2 8TU,50.6944842,-2.329169,LAL,Yes,,https://www.dorsetcouncil.gov.uk/libraries-history-culture/libraries/find-your-local-library/library.aspx?l=62f8eb2c-36d9-40ed-90eb-921fedf9e6b2,way,945820223,,1
Ferndown,Dorset Council,England,"Penny's Walk, Ferndown  ",Ferndown,BH22 9TH,50.8023065,-1.8910421,LAL,Yes,,https://www.dorsetcouncil.gov.uk/libraries-history-culture/libraries/find-your-local-library/library.aspx?l=55c00d02-42a7-45b7-b1b9-eb2757cba9ab,way,590824530,Q55173487,3
Gillingham,Dorset Council,England,"Chantry Fields, Gillingham",Gillingham,SP8 4UA,51.035817,-2.27591,LAL,Yes,,https://www.dorsetcouncil.gov.uk/libraries-history-culture/libraries/find-your-local-library/library.aspx?l=4fcbb6d1-f4a8-4744-aabb-bac90aa2cd82,node,912701732,Q55173489,9
Littlemoor,Dorset Council,England,"Louviers Road, Weymouth",Weymouth,DT3 6SF,50.6487793,-2.4552917,LAL,Yes,,https://www.dorsetcouncil.gov.uk/libraries-history-culture/libraries/find-your-local-library/library.aspx?l=52e011a3-6853-4d80-bd68-0c536eda290d,way,302777471,,1
Lyme Regis,Dorset Council,England,"Silver Street, Lyme Regis",Lyme Regis,DT7 3HR,50.7253785,-2.9377842,LAL,Yes,,https://www.dorsetcouncil.gov.uk/libraries-history-culture/libraries/find-your-local-library/library.aspx?l=cc1879d2-aaba-47d5-b35c-d3b1d9cb4e71,way,176721298,Q55173495,2
Lytchett Matravers,Dorset Council,England,"High Street, Lytchett Matravers",Lytchett Matravers,BH16 6BG,50.7582845,-2.0785233,LAL,Yes,,https://www.dorsetcouncil.gov.uk/libraries-history-culture/libraries/find-your-local-library/library.aspx?l=62aecce8-5eba-42af-93ea-663a1d7105c8,way,324602132,Q55173498,1
Portland,Dorset Council,England,"The Straits, Portland",Portland,DT5 1HG,50.5452124,-2.4350138,LAL,Yes,,https://www.dorsetcouncil.gov.uk/libraries-history-culture/libraries/find-your-local-library/library.aspx?l=319a457f-03e4-44e7-b4c8-35adca1ed1ff,way,969728381,,3
Puddletown,Dorset Council,England,"Village Hall & Library, Puddletown",Puddletown,DT2 8RX,50.747387,-2.344981,CRL,No,,http://www.communitylibrarypuddletown.org/,node,11571491485,,39
Shaftesbury,Dorset Council,England,"Bell Street, Shaftesbury",Shaftesbury,SP7 8AE,51.0070423,-2.1955083,LAL,Yes,,https://www.dorsetcouncil.gov.uk/libraries-history-culture/libraries/find-your-local-library/library.aspx?l=f2f334b1-f337-4d11-b733-4281e60a7721,way,176635169,Q55173503,4
Sherborne,Dorset Council,England,"Digby Hall, Hound Street, Sherborne",Sherborne,DT9 3AA,50.9487864,-2.5133931,LAL,Yes,,https://www.dorsetcouncil.gov.uk/libraries-history-culture/libraries/find-your-local-library/library.aspx?l=f76c21ee-cdba-4b5a-b4ae-020d856b8554,node,660760825,Q55173505,4
Stalbridge,Dorset Council,England,"Station Road, Sturminster Newton",Sturminster Newton,DT10 2RG,50.959764,-2.377152,CRL,No,,https://www.dorsetcouncil.gov.uk/libraries-history-culture/libraries/find-your-local-library/library.aspx?l=23b83135-d4d6-4808-9e61-1d32ad91d2ba,node,503975649,Q55173506,65
Sturminster Newton,Dorset Council,England,"Bath Road, Sturminster Newton",Sturminster Newton,DT10 1EH,50.927303,-2.3059878,LAL,Yes,,https://www.dorsetcouncil.gov.uk/libraries-history-culture/libraries/find-your-local-library/library.aspx?l=924d19d2-0aa2-4049-bce9-84de8039ec97,node,506829270,Q55173509,2
Swanage,Dorset Council,England,"High Street, Swanage",Swanage,BH19 2NU,50.6084424,-1.9573748,LAL,Yes,,https://www.dorsetcouncil.gov.uk/libraries-history-culture/libraries/find-your-local-library/library.aspx?l=9b4a3c39-90a4-4c37-b428-e5a151d894f4,way,265887047,Q55173511,1
Upton,Dorset Council,England,"Corner House, Poole",Poole,BH16 5PW,50.7388259,-2.0286931,LAL,Yes,,https://www.dorsetcouncil.gov.uk/libraries-history-culture/libraries/find-your-local-library/library.aspx?l=5798ba0c-74d8-4ef2-a906-06f00c98275b,way,799841535,Q55173513,4
Verwood,Dorset Council,England,"1 Manor Road, Verwood",Verwood,BH31 6DS,50.8809799,-1.8791039,LAL,Yes,,https://www.dorsetcouncil.gov.uk/libraries-history-culture/libraries/find-your-local-library/library.aspx?l=3b0aba64-d57d-487d-ad50-0ae24bd15b45,node,1274453946,Q55173514,4
Wareham,Dorset Council,England,"South Street, Wareham",Wareham,BH20 4LR,50.68449,-2.1093414,LAL,Yes,,https://www.dorsetcouncil.gov.uk/libraries-history-culture/libraries/find-your-local-library/library.aspx?l=4760b234-8014-4e24-9b0f-37c1c852652f,way,630333080,Q55173516,1
West Moors,Dorset Council,England,"Station Road, West Moors",West Moors,BH22 0JD,50.8253977,-1.8890149,LAL,Yes,,,,,,
Weymouth Library & Learning Centre,Dorset Council,England,"Great George Street, Weymouth",Weymouth,DT4 8NN,50.6110434,-2.4555767,LAL,Yes,,https://www.dorsetcouncil.gov.uk/libraries-history-culture/libraries/find-your-local-library/library.aspx?l=a7e41ab8-71e1-4151-8699-4aab9d2e02e8,way,1214048772,,4
Wimborne,Dorset Council,England,"Crown Mead, Wimborne",Wimborne,BH21 1HH,50.7992359,-1.9864893,LAL,Yes,,https://www.dorsetcouncil.gov.uk/libraries-history-culture/libraries/find-your-local-library/library.aspx?l=c2bdb422-911b-4b4f-86b9-f04c10de5cba,way,454685500,,6
Wool,Dorset Council,England,"D'Urberville Centre, Colliers Lane, Wool",Wool,BH20 6DL,50.677775,-2.227796,CRL,No,,http://www.woolcommunitylibrary.org/,,,,
Wyke Regis,Dorset Council,England,"Portland Road, Weymouth",Weymouth,DT4 9BE,50.595768,-2.4752228,LAL,Yes,,https://www.dorsetcouncil.gov.uk/libraries-history-culture/libraries/find-your-local-library/library.aspx?l=c767be16-ced4-4b27-97d4-a67433ba7bf3,way,1251959878,,4
Aylesbury Library,Buckinghamshire Council,England,"Walton Street, Aylesbury",Aylesbury,HP20 1UU,51.8150828,-0.8124016,LAL,Yes,,https://www.buckinghamshire.gov.uk/libraries/information-about-local-library/aylesbury-library/,node,27512046,Q55173397,13
Beaconsfield Library,Buckinghamshire Council,England,"Reynolds Road, Beaconsfield",Beaconsfield,HP9 2NJ,51.6128323,-0.6494617,LAL,Yes,,https://www.buckinghamshire.gov.uk/libraries/information-about-local-library/beaconsfield-library/,way,495249019,Q55173402,4
Beacon Villages Community Library,Buckinghamshire Council,England,"Old Town Hall, High Street, Ivinghoe",Ivinghoe,LU7 9EP,51.8356461,-0.6302751,CRL,Yes,,https://bvcl.org.uk/,node,462012568,,9
Bourne End Community Library,Buckinghamshire Council,England,"Wakeman Road, Bourne End",Bourne End,SL8 5SX,51.579531,-0.7106169,LAL,Yes,,https://www.buckinghamshire.gov.uk/libraries/information-about-local-library/bourne-end-community-library/,way,388484982,Q55173403,8
Buckingham Library,Buckinghamshire Council,England,"Verney Close, Buckingham",Buckingham,MK18 1JP,52.0002311,-0.986144,LAL,Yes,,https://www.buckinghamshire.gov.uk/libraries/information-about-local-library/buckingham-library/,node,773531289,Q55173404,3
Burnham Community Library,Buckinghamshire Council,England,"Windsor Lane, Burnham",Burnham,SL1 7HR,51.5311614,-0.65599,LAL,Yes,,https://www.buckinghamshire.gov.uk/libraries/information-about-local-library/burnham-community-library/,way,293302312,Q55173406,1
Chalfont St Giles Community Library,Buckinghamshire Council,England,"High Street, Chalfont St. Giles",Chalfont St. Giles,HP8 4QA,51.6328907,-0.5695243,CRL,Yes,,https://www.buckinghamshire.gov.uk/libraries/information-about-local-library/chalfont-st-giles-community-library/,way,370227900,Q55173408,2
Chalfont St Peter Community Library,Buckinghamshire Council,England,"High Street, Chalfont St. Peter",Chalfont St. Peter,SL9 9QA,51.606207,-0.5566592,CRL,Yes,,http://www.csp-communitylibrary.co.uk/,way,419545490,Q55173411,6
Chesham Library,Buckinghamshire Council,England,"Elgiva Lane, Chesham",Chesham,HP5 2JD,51.7067313,-0.6135504,LAL,Yes,,https://www.buckinghamshire.gov.uk/libraries/information-about-local-library/chesham-library/,node,900703114,Q5092924,8
Farnham Common Community Library,Buckinghamshire Council,England,"Victoria Road, Farnham Common",Farnham Common,SL2 3NL,51.5545912,-0.6147236,CRL,Yes,,https://www.buckinghamshire.gov.uk/libraries/information-about-local-library/farnham-common-community-library/,way,1264907804,Q55173412,9
Flackwell Heath Community Library,Buckinghamshire Council,England,"Chapel Road, Flackwell Heath",Flackwell Heath,HP10 9AA,51.6015015,-0.7117415,CRL,Yes,,https://www.buckinghamshire.gov.uk/libraries/information-about-local-library/flackwell-heath-community-library/,way,1249511227,Q55173413,1
Gerrards Cross Community Library,Buckinghamshire Council,England,"38 Station Road, Gerrards Cross",Gerrards Cross,SL9 8EL,51.5878088,-0.5508047,LAL,Yes,,https://www.buckinghamshire.gov.uk/libraries/information-about-local-library/gerrards-cross-community-library/,way,1069563734,Q55173414,6
Great Missenden Community Library,Buckinghamshire Council,England,"High Street , Great Missenden",Great Missenden,HP16 0AL,51.7040577,-0.7071496,LAL,Yes,,https://www.buckinghamshire.gov.uk/libraries/information-about-local-library/great-missenden-community-library/,way,88949791,Q55173415,6
Haddenham Community Library,Buckinghamshire Council,England,"Banks Road, Haddenham",Haddenham,HP17 8EE,51.7733162,-0.9255496,CRL,Yes,,https://www.haddenhamcommunitylibrary.org.uk/,node,5721248727,Q55173417,9
Hazlemere Library,Buckinghamshire Council,England,"312 Amersham Road, Hazlemere",Hazlemere,HP15 7PY,51.6505212,-0.7138503,LAL,Yes,,https://www.buckinghamshire.gov.uk/libraries/information-about-local-library/hazlemere-library/,node,2127619074,Q55173418,12
High Wycombe Library,Buckinghamshire Council,England,"5 Eden Centre, High Wycombe",High Wycombe,HP11 2DH,51.6305368,-0.7551601,LAL,Yes,,https://www.buckinghamshire.gov.uk/libraries/information-about-local-library/high-wycombe-library/,node,5628760539,Q55173419,6
Iver Heath Community Library,Buckinghamshire Council,England,"St Margaret's Close, Iver Heath",Iver Heath,SL0 0DA,51.5379397,-0.5206377,LAL,Yes,,https://www.buckinghamshire.gov.uk/libraries/information-about-local-library/iver-heath-community-library/,way,107467047,Q55173421,2
Little Chalfont Community Library,Buckinghamshire Council,England,"Cokes Lane, Little Chalfont",Little Chalfont,HP7 9QA,51.6664238,-0.5666741,CRL,Yes,,https://www.littlechalfontlibrary.org.uk/,way,768595084,,2
Long Crendon Community Library,Buckinghamshire Council,England,"High Street, Long Crendon",Long Crendon,HP18 9AF,51.7724192,-0.9938056,CRL,Yes,,https://longcrendonlibrary.org.uk/,node,1601603501,Q55173424,2
Marlow Library,Buckinghamshire Council,England,"Institute Road, Marlow",Marlow,SL7 1BL,51.5707989,-0.7743103,LAL,Yes,,https://www.buckinghamshire.gov.uk/libraries/information-about-local-library/marlow-library/,way,797706333,Q55173425,6
Micklefield Community Library,Buckinghamshire Council,England,"Micklefield Road , High Wycombe",High Wycombe,HP13 7HU,51.6302888,-0.7113309,LAL,Yes,,https://www.buckinghamshire.gov.uk/libraries/information-about-local-library/micklefield-community-library/,way,844553123,Q55173427,6
Princes Risborough Library,Buckinghamshire Council,England,"Bell Street, Princes Risborough",Princes Risborough,HP27 0AA,51.7228403,-0.8307305,LAL,Yes,,https://www.buckinghamshire.gov.uk/libraries/information-about-local-library/princes-risborough-library/,way,186832015,Q55173428,1
Steeple Claydon Community Library,Buckinghamshire Council,England,"Queen Catherine Road, Buckingham",Buckingham,MK18 2PY,51.9365934,-0.9823717,ICL,No,,https://www.steepleclaydonparishcouncil.gov.uk/community-library/,,,,
Stokenchurch Community Library,Buckinghamshire Council,England,"Wycombe Road, High Wycombe",High Wycombe,HP14 3RG,51.6600743,-0.9001681,CRL,Yes,,https://www.buckinghamshire.gov.uk/libraries/information-about-local-library/stokenchurch-community-library/,node,719098547,Q55173430,2
Wendover Community Library,Buckinghamshire Council,England,"High Street, Wendover",Wendover,HP22 6DU,51.7617389,-0.7426823,LAL,Yes,,https://www.buckinghamshire.gov.uk/libraries/information-about-local-library/wendover-community-library/,node,2347303036,,6
West Wycombe Community Library,Buckinghamshire Council,England,"Swan Yard, High Street, West Wycombe",West Wycombe,HP14 3AE,51.6443975,-0.8031527,CRL,Yes,,https://www.buckinghamshire.gov.uk/libraries/information-about-local-library/west-wycombe-community-library/,way,191980063,Q26453714,3
Wing Community Library,Buckinghamshire Council,England,"Wing Hall, Leighton Road, Wing",Wing,LU7 0NN,51.8971485,-0.7156099,CRL,Yes,,https://www.buckinghamshire.gov.uk/libraries/information-about-local-library/wing-community-library/,way,79128203,,3
Winslow Community Library,Buckinghamshire Council,England,"Park Road, Buckingham",Buckingham,MK18 3DL,51.9464151,-0.8844217,LAL,Yes,,https://www.buckinghamshire.gov.uk/libraries/information-about-local-library/winslow-community-library/,way,33173482,Q55173435,2
Burton Latimer,North Northamptonshire Council,England,"High Street, Burton Latimer",Burton Latimer,NN15 5RH,52.3617983,-0.6793379,CRL,No,,https://www.northnorthants.gov.uk/list-libraries/burton-latimer-community-library,way,487426237,Q55163567,6
Danesholme,North Northamptonshire Council,England,"14 Neighbourhood Centre, Corby",Corby,NN18 9EJ,52.470739,-0.7335416,CRL,No,,https://www.northnorthants.gov.uk/list-libraries/danesholme-community-library,node,706692830,,9
Desborough,North Northamptonshire Council,England,"High Street, Desborough",Desborough,NN14 2SQ,52.4413735,-0.821185,CRL,No,,https://www.northnorthants.gov.uk/list-libraries/desborough-community-library,way,335467099,Q55163573,5
Earls Barton,North Northamptonshire Council,England,"Broad Street , Earls Barton",Earls Barton,NN6 0ND,52.2647913,-0.7508142,CRL,No,,https://www.northnorthants.gov.uk/list-libraries/earls-barton-community-library,way,395432760,Q55163575,3
Finedon,North Northamptonshire Council,England,"Berry Green Road, Finedon",Finedon,NN9 5JL,52.338966,-0.6581913,CRL,No,,https://www.northnorthants.gov.uk/list-libraries/finedon-community-library,node,3781174045,Q55163577,3
Irchester,North Northamptonshire Council,England,"High Street, Irchester",Irchester,NN29 7AA,52.283095,-0.6440254,CRL,No,,https://www.northnorthants.gov.uk/list-libraries/irchester-community-library,way,487442896,Q55163580,6
Irthlingborough,North Northamptonshire Council,England,"High Street, Irthlingborough",Irthlingborough,NN9 5PU,52.324746,-0.614865,LAL,Yes,,https://www.northnorthants.gov.uk/list-libraries/irthlingborough-library,node,660174944,Q55163581,8
Kettering,North Northamptonshire Council,England,"Sheep Street, Kettering",Kettering,NN16 0AY,52.3964099,-0.7274386,LAL,Yes,,https://www.northnorthants.gov.uk/list-libraries/kettering-library,way,699064990,Q26303491,16
Oundle,North Northamptonshire Council,England,"Glapthorne Road, Oundle",Oundle,PE8 4JA,52.485157,-0.4720614,LAL,Yes,,https://www.northnorthants.gov.uk/list-libraries/oundle-library,way,142820697,Q55163586,6
Raunds,North Northamptonshire Council,England,"High Street, Raunds",Raunds,NN9 6HT,52.3461744,-0.5352718,CRL,No,,https://www.northnorthants.gov.uk/list-libraries/raunds-community-library,node,1052278020,Q55163587,3
Rothwell,North Northamptonshire Council,England,"Market Hill, Rothwell",Rothwell,NN14 6EP,52.4232251,-0.7992568,CRL,No,,https://www.northnorthants.gov.uk/list-libraries/rothwell-community-library,way,254334374,Q55163590,5
Rushden,North Northamptonshire Council,England,"Newton Road, Rushden",Rushden,NN10 0PT,52.2890226,-0.5963914,LAL,Yes,,https://www.northnorthants.gov.uk/list-libraries/rushden-library,way,73312095,Q55163591,3
Thrapston,North Northamptonshire Council,England,"High Street, Northampton",Northampton,NN14 4JJ,52.3969759,-0.5391169,CRL,No,,https://www.northnorthants.gov.uk/list-libraries/thrapston-community-library,way,487458117,Q55163593,4
Wellingborough,North Northamptonshire Council,England,"Pebble Lane, Wellingborough",Wellingborough,NN8 1AS,52.3021134,-0.6928381,LAL,Yes,,https://www.northnorthants.gov.uk/list-libraries/wellingborough-library,way,312955920,Q55163595,18
Wollaston,North Northamptonshire Council,England,"Newton Road, Wollaston",Wollaston,NN29 7QN,52.2545563,-0.6711445,CRL,No,,https://www.northnorthants.gov.uk/list-libraries/wollaston-community-library,way,292362957,Q55163597,9
Abington,West Northamptonshire Council,England,"Lindsay Avenue, Northampton",Northampton,NN3 2SJ,52.2536118,-0.8614727,CRL,No,,http://www3.northamptonshire.gov.uk/councilservices/library-service/visiting-your-library/list-of-libraries/Pages/default.aspx,way,487412484,Q55163564,11
Brackley,West Northamptonshire Council,England,"Manor Road, Brackley",Brackley,NN13 6AJ,52.0285747,-1.1504182,LAL,Yes,,http://www3.northamptonshire.gov.uk/councilservices/library-service/visiting-your-library/list-of-libraries/Pages/default.aspx,way,102856426,Q55163565,8
Brixworth,West Northamptonshire Council,England,"Spratton Road, Brixworth",Brixworth,NN6 9DS,52.3279124,-0.9056327,LAL,Yes,,http://www3.northamptonshire.gov.uk/councilservices/library-service/visiting-your-library/list-of-libraries/Pages/default.aspx,node,1906597797,Q55163566,7
Duston,West Northamptonshire Council,England,"Pendle Road, Northampton",Northampton,NN5 6DT,52.2510286,-0.9423133,LAL,Yes,,http://www3.northamptonshire.gov.uk/councilservices/library-service/visiting-your-library/list-of-libraries/Pages/default.aspx,way,463175847,Q55163574,1
Hunsbury,West Northamptonshire Council,England,"Overslade Close, Northampton",Northampton,NN4 0RZ,52.2141495,-0.9157308,LAL,Yes,,http://www3.northamptonshire.gov.uk/councilservices/library-service/visiting-your-library/list-of-libraries/Pages/default.aspx,way,571266454,Q55163579,9
Kingsthorpe,West Northamptonshire Council,England,"Welford Road, Northampton",Northampton,NN2 8AG,52.263384,-0.900244,CRL,No,,http://www3.northamptonshire.gov.uk/councilservices/library-service/visiting-your-library/list-of-libraries/Pages/default.aspx,node,770852498,Q55163582,9
Long Buckby,West Northamptonshire Council,England,"Station Road, Long Buckby",Long Buckby,NN6 7QB,52.3026729,-1.081126,CRL,No,,http://www3.northamptonshire.gov.uk/councilservices/library-service/visiting-your-library/list-of-libraries/Pages/default.aspx,way,487446960,Q55163583,10
Middleton Cheney,West Northamptonshire Council,England,"Main Road, Middleton Cheney",Middleton Cheney,OX17 2PD,52.0716554,-1.2721851,CRL,Yes,,http://www3.northamptonshire.gov.uk/councilservices/library-service/visiting-your-library/list-of-libraries/Pages/default.aspx,way,290396112,Q55163584,7
Northampton Central,West Northamptonshire Council,England,"Abington Street, Northampton ",Northampton,NN1 2BA,52.2385422,-0.8915877,LAL,Yes,,http://www3.northamptonshire.gov.uk/councilservices/library-service/visiting-your-library/list-of-libraries/Pages/default.aspx,way,59202171,,5
Roade,West Northamptonshire Council,England,"High Street, Roade",Roade,NN7 2NW,52.1584882,-0.8965575,CRL,No,,http://www3.northamptonshire.gov.uk/councilservices/library-service/visiting-your-library/list-of-libraries/Pages/default.aspx,way,487453880,Q55163589,1
Weston Favell,West Northamptonshire Council,England,"Weston Favell Centre, Northampton",Northampton,NN3 8JZ,52.2567416,-0.8348741,LAL,Yes,,http://www3.northamptonshire.gov.uk/councilservices/library-service/visiting-your-library/list-of-libraries/Pages/default.aspx,node,4799126713,Q55163596,13
Woodford Halse,West Northamptonshire Council,England,"Village Hall, Woodford Halse",Woodford Halse,NN11 3RL,52.1713638,-1.2065293,CRL,No,,http://www3.northamptonshire.gov.uk/councilservices/library-service/visiting-your-library/list-of-libraries/Pages/default.aspx,node,4799161174,Q55163598,5
Aspatria Library,Cumberland Council,England,"Market Square, Aspatria",Aspatria,CA7 3EZ,54.763755,-3.334192,LAL,Yes,,,way,324479757,,2
Brampton Library,Cumberland Council,England,"1 Market Place, Brampton",Brampton,CA8 1NW,54.942279,-2.735016,LAL,Yes,,,node,10255767377,,56
Carlisle Library,Cumberland Council,England,"11 Globe Lane, Carlisle",Carlisle,CA3 8NX,54.895453,-2.934725,LAL,Yes,,,node,1406173232,Q45111976,23
Carlisle West Library Link,Cumberland Council,England,"19-23 Shadygrove Road, Carlisle",Carlisle,CA2 7LE,54.890053,-2.966778,LAL,Yes,,,,,,
Cleator Moor Library,Cumberland Council,England,"Market Square, Cleator Moor",Cleator Moor,CA25 5AP,54.521228,-3.516372,LAL,Yes,,,way,326095935,,34
Cockermouth Library Link,Cumberland Council,England,"Main Street, Cockermouth",Cockermouth,CA13 9LU,54.663866,-3.365955,LAL-,Yes,,,node,2984394118,Q54733482,73
Denton Holme Library Link,Cumberland Council,England,"Denton Holme Community Centre, Morley Street, Carlisle",Carlisle,CA2 5HQ,54.886822,-2.941287,LAL,Yes,,,node,1666333654,Q54728238,33
Distington Library Link,Cumberland Council,England,"Church Road, Distington",Distington,CA14 5TE,54.597515,-3.540738,LAL-,Yes,,,,,,
Frizington Library,Cumberland Council,England,"Main Street, Frizington",Frizington,CA26 3PF,54.544497,-3.490382,LAL,Yes,,,way,331076695,,12
Gosforth Village Library Link,Cumberland Council,England,"Public Hall, Gosforth",Gosforth,CA20 1AS,54.418607,-3.437463,LAL-,Yes,,,way,321094810,Q17542699,62
Keswick Library,Cumberland Council,England,"Heads Lane, Keswick",Keswick,CA12 5HD,54.601511,-3.140174,LAL,Yes,,,way,277707573,Q54733509,1
Longtown ,Cumberland Council,England,"Lochinvar Centre, Longtown",Longtown,CA6 5UG,55.010336,-2.966996,LAL,Yes,,,node,3415918558,,30
Maryport Library,Cumberland Council,England,"Lawson Street, Maryport",Maryport,CA15 6ND,54.713919,-3.494496,LAL,Yes,,,way,329831639,Q54733535,55
Morton Library Link,Cumberland Council,England,"Morton Community Centre, Wigton Road, Carlisle",Carlisle,CA2 6JP,54.885368,-2.963658,LAL,Yes,,,node,9963527177,,79
Seascale Library Link,Cumberland Council,England,"Gosforth Road, Seascale",Seascale,CA20 1PN,54.396973,-3.479867,LAL-,Yes,,,way,436248088,Q54728636,27
Seaton Library,Cumberland Council,England,"Main Street, Seaton",Seaton,CA14 1JD,54.661785,-3.52593,LAL,Yes,,,way,1178607561,,51
Whitehaven Archive & Local Studies Centre,Cumberland Council,England,"Scotch Street, Whitehaven",Whitehaven,CA28 7NL,54.54777,-3.585708,LAL,Yes,,,way,329894106,,139
Whitehaven Library,Cumberland Council,England,"Lowther Street, Whitehaven",Whitehaven,CA28 7QZ,54.5464296,-3.585688,LAL,Yes,,,,,,
Wigton Library,Cumberland Council,England,"High Street, Wigton",Wigton,CA7 9NJ,54.824261,-3.160532,LAL,Yes,,,way,327250516,,53
Workington Library,Cumberland Council,England,"Vulcan's Lane, Workington",Workington,CA14 2ND,54.642793,-3.549285,LAL,Yes,,,node,369584890,,48
Alston Library,Westmorland and Furness Council,England,"Alston Town Hall, Front Street, Alston",Alston,CA9 3RF,54.812333,-2.440698,LAL,Yes,,,node,1341568105,Q54732880,12
Ambleside Library,Westmorland and Furness Council,England,"Kelsick Road, Ambleside",Ambleside,LA22 0BZ,54.429882,-2.963001,LAL,Yes,,,way,239881389,,20
Appleby Library,Westmorland and Furness Council,England,"Low Wiend, Appleby-in-Westmorland",Appleby-in-Westmorland,CA16 6QP,54.577743,-2.492354,LAL,Yes,,,node,417212366,Q54732911,18
Arnside Library Link,Westmorland and Furness Council,England,"Educational Institute, Church Hill, Arnside",Arnside,LA5 0DF,54.202002,-2.833163,LAL,Yes,,,node,307831112,,60
Askam Library,Westmorland and Furness Council,England,"Lord Street, Askam-in-Furness",Askam-in-Furness,LA16 7AQ,54.188508,-3.206031,LAL,Yes,,,way,401264052,,37
Barrow Library,Westmorland and Furness Council,England,"Ramsden Square, Barrow-in-Furness",Barrow-in-Furness,LA14 1LL,54.1146106,-3.2314793,LAL,Yes,,,way,328880341,Q4863853,12
Bolton Book Drop,Westmorland and Furness Council,England,"Bolton Memorial Hall, Appleby-in-Westmorland",Appleby-in-Westmorland,CA16 6AX,54.605598,-2.565343,CRL,No,,,,,,
Broughton in Furness Library Link,Westmorland and Furness Council,England,"Victory Hall, Station Road, Broughton-in-Furness",Broughton-in-Furness,LA20 6HN,54.276528,-3.21135,LAL-,Yes,,,,,,
Burton in Kendal Book Drop,Westmorland and Furness Council,England,"Burton Memorial Hall, Main Street, Burton-in-Kendal",Burton-in-Kendal,LA6 1NA,54.182423,-2.721051,ICL,No,,,,,,
Coniston Library Link,Westmorland and Furness Council,England,"John Ruskin Institute, Coniston",Coniston,LA21 8DU,54.369694,-3.075833,LAL,Yes,,,node,4651289661,,50
Dalton-in-Furness Library Link,Westmorland and Furness Council,England,"Community Centre, 21 Nelson Street, Dalton-in-Furness",Dalton-in-Furness,LA15 8AF,54.157182,-3.181843,LAL-,Yes,,,way,364540789,Q26513097,44
Dent Library Link,Westmorland and Furness Council,England,"Dent Reading Room, Main Street, Dent",Dent,LA10 5QL,54.277796,-2.45428,LAL,Yes,,,,,,
Grange over Sands Library,Westmorland and Furness Council,England,"Grange Fell Road, Grange-over-Sands",Grange-over-Sands,LA11 6BQ,54.193517,-2.911344,LAL,Yes,,,way,1028138190,Q54733132,1
Holme Book Drop,Westmorland and Furness Council,England,"Holme Parish Hall, Duke Street, Holme",Holme,LA6 1PY,54.202815,-2.733088,ICL,No,,,,,,
Kendal Library,Westmorland and Furness Council,England,"Stricklandgate, Kendal",Kendal,LA9 4PY,54.3291804,-2.7476963,LAL,Yes,,,way,69556161,Q26451619,2
Kirkby Lonsdale Library,Westmorland and Furness Council,England,"Chapel Lane, Kirkby Lonsdale",Kirkby Lonsdale,LA6 2AL,54.202306,-2.59741,LAL,Yes,,,way,205269697,Q26431290,27
Lazonby Co-op Library Link,Westmorland and Furness Council,England,"Henderson Buildings, Lazonby",Lazonby,CA10 1BG,54.749845,-2.704208,LAL,Yes,,,,,,
Milnthorpe Library,Westmorland and Furness Council,England,"19 The Square, Milnthorpe",Milnthorpe,LA7 7QJ,54.226471,-2.771793,LAL,Yes,,,way,361033263,,79
Ormsgill Library Link,Westmorland and Furness Council,England,"Ormsgill Community Centre, Millstone Avenue, Barrow-in-Furness",Barrow-in-Furness,LA14 4BP,54.137293,-3.231896,LAL-,Yes,,,,,,
Penrith Library,Westmorland and Furness Council,England,"St Andrews Churchyard, Penrith",Penrith,CA11 7YA,54.6644363,-2.7515232,LAL,Yes,,,way,238614393,Q26438146,1
Roose Library,Westmorland and Furness Council,England,"91-93 Roose Road, Barrow-in-Furness",Barrow-in-Furness,LA13 9RJ,54.111274,-3.206082,LAL,Yes,,,way,338502857,Q54733370,67
Sedbergh Library,Westmorland and Furness Council,England,"Main Street, Sedbergh",Sedbergh,LA10 5BN,54.32342,-2.529823,LAL,Yes,,,way,615641351,Q54733211,80
Shap Library,Westmorland and Furness Council,England,"The Old Courthouse, Main Street, Shap",Shap,CA10 3NL,54.52894,-2.676885,CRL,Yes,,,node,6066737169,,25
Ulverston Library,Westmorland and Furness Council,England,"Kings Road, Ulverston",Ulverston,LA12 0BT,54.193458,-3.095283,LAL,Yes,,,node,11988940728,,140
Walney Library,Westmorland and Furness Council,England,"Central Drive, Walney, Barrow-in-Furness ",Barrow-in-Furness,LA14 3HY,54.107143,-3.254924,LAL,Yes,,,node,6099807731,Q54733422,109
Windermere Library,Westmorland and Furness Council,England,"Ellerthwaite, Windermere",Windermere,LA23 2AJ,54.376733,-2.905992,LAL,Yes,,,way,389214938,Q54733266,1
Barlby Library & Community Hub,North Yorkshire Council,England,"Howden Road, Selby",Selby,YO8 5JE,53.797899,-1.041592,CRL,Yes,,,node,769218874,Q45840247,59
Bedale Library,North Yorkshire Council,England,"Bedale Hall, Bedal",Bedal,DL8 1AA,54.290158,-1.594026,CRL,Yes,,,node,363394265,,26
Boroughbridge Library,North Yorkshire Council,England,"17 St. James Square, York",York,YO51 9AR,54.094024,-1.395209,CRL,Yes,,,node,4175020486,,53
Colburn Library,North Yorkshire Council,England,"The Broadway, Catterick Gardens",North Yorkshire,DL9 4RF,54.379462,-1.687166,CRL,Yes,,,way,122636946,Q45840321,48
Derwent Valley Bridge Community Library,North Yorkshire Council,England,"3 Pickering Road, Scarborough",Scarborough,YO13 9JE,54.246928,-0.491568,CRL,Yes,,,,,,
Easingwold Library,North Yorkshire Council,England,"Marketplace, York",York,YO61 3AN,54.122114,-1.193325,CRL,Yes,,,node,429172732,Q45840356,17
Eastfield Library,North Yorkshire Council,England,"High Street, Scarborough",Scarborough,YO11 3LL,54.239258,-0.397292,CRL,Yes,,,way,326073296,,80
Embsay-with-Eastby Community Library,North Yorkshire Council,England,"The Institute, Main Street, Skipton",Skipton,BD23 6RE,53.980389,-1.986306,CRL,Yes,,,,,,
Filey Library,North Yorkshire Council,England,"Station Avenue, Filey",Filey,YO14 9AE,54.210086,-0.290344,LAL,Yes,,,way,181027561,,114
Gargrave & Malhamdale Community Library,North Yorkshire Council,England,"Gargrave Village Hall, West Street, Skipton",Skipton,BD23 3RD,53.983771,-2.105748,CRL,Yes,,,node,1664975451,,81
Grassington Hub & Community Library,North Yorkshire Council,England,"Garrs Lane, Skipton",Skipton,BD23 5AT,54.07262,-1.996668,CRL,Yes,,,node,5151387490,Q45840431,44
Great Ayton Discovery Centre,North Yorkshire Council,England,"105b High Street, Great Ayton, Middlesbrough",Middlesbrough,TS9 6NB,54.488583,-1.134323,CRL,Yes,,,node,5319810228,,12
Harrogate Library,North Yorkshire Council,England,"Victoria Avenue, Harrogate",Harrogate,HG1 1EG,53.9909832,-1.5385985,LAL,Yes,,,way,211489714,Q26442309,4
Hawes Library,North Yorkshire Council,England,"The Neukin, Marketplace, Hawes",Hawes,DL8 3RA,54.304176,-2.198256,CRL,Yes,,,node,1167203465,Q45840455,23
Helmsley Library,North Yorkshire Council,England,"Town Hall, Helmsley",Helmsley,YO62 5BL,54.245963,-1.061588,CRL,Yes,,,node,6186498797,,21
Ingleton Library,North Yorkshire Council,England,"Ingleborough Community Centre, Main Street, Ingleton",Ingleton,LA6 3HG,54.151947,-2.470584,CRL,Yes,,,node,325186211,Q45840484,111
Kirkbymoorside Library,North Yorkshire Council,England,"Church House, 7 High Marketplace, Kirkbymoorside",Kirkbymoorside,YO62 6AT,54.27054,-0.932884,CRL,Yes,,,node,248809288,Q45840502,0
Knaresborough Library,North Yorkshire Council,England,"Marketplace, Knaresborough",Knaresborough,HG5 8AG,54.008198,-1.466978,LAL,Yes,,,way,1050959599,Q45840519,58
Leyburn Library,North Yorkshire Council,England,"Thornborough Hall, Leyburn",Leyburn,DL8 5AB,54.3116725,-1.8323898,CRL,Yes,,,way,23463222,Q45840536,5
Malton Library,North Yorkshire Council,England,"St. Michael Street, Malton",Malton,YO17 7LJ,54.135556,-0.79755,LAL,Yes,,,node,275209052,Q45840555,24
Mashamshire Community Library,North Yorkshire Council,England,"Mashamshire Community Office, Little Market Place, Masham",Masham,HG4 4DY,54.22226,-1.656032,CRL,Yes,,,node,4175138060,,3
Newby & Scalby Library & Information Centre,North Yorkshire Council,England,"450 Scalby Road, Scarborough",Scarborough,YO12 6EE,54.296082,-0.44183,CRL,Yes,,,node,3290931622,,2
Northallerton Library,North Yorkshire Council,England,"1 Thirsk Road, Northallerton",Northallerton,DL6 1PT,54.3364229,-1.432963,LAL,Yes,,,way,52250045,Q45840606,39
Norton Library,North Yorkshire Council,England,"Commercial Street, Malton",Malton,YO17 9ES,54.132266,-0.785019,CRL,Yes,,,way,663028997,Q45840622,160
Pickering Library,North Yorkshire Council,England,"The Ropery, Pickering",Pickering,YO18 8DY,54.245909,-0.779487,LAL,Yes,,,way,169741946,Q45840643,5
Richmond Library,North Yorkshire Council,England,"Queen's Road, Richmond",Richmond,DL10 4AE,54.40486,-1.7365,CRL,Yes,,,,,,
Ripon Library,North Yorkshire Council,England,"The Arcade, Ripon",Ripon,HG4 1AG,54.137079,-1.522064,LAL,Yes,,,way,178242345,,51
Scarborough Library,North Yorkshire Council,England,"Vernon Road, Scarborough",Scarborough,YO11 2NN,54.2812138,-0.4012416,LAL,Yes,,,node,1962471514,,8
Selby Library,North Yorkshire Council,England,"52 Micklegate, Selby",Selby,YO8 4EQ,53.78522,-1.06739,LAL,Yes,,,way,300462677,Q45840725,34
Sherburn-in-Elmet Library,North Yorkshire Council,England,"Finkle Hill, Leeds",Leeds,LS25 6EA,53.798954,-1.252115,CRL,Yes,,,way,942242251,Q45840755,95
Skipton Library,North Yorkshire Council,England,"High Street, Skipton",Skipton,BD23 1JX,53.962102,-2.017034,LAL,Yes,,,node,28346023,,34
South Craven Community Library,North Yorkshire Council,England,"Main Street, Crosshills, Keighley",Keighley,BD20 8TQ,53.901036,-1.992859,CRL,Yes,,,,,,
Starbeck Library,North Yorkshire Council,England,"68a High Street, Harrogate",Harrogate,HG2 7LW,54.001464,-1.495593,CRL,Yes,,,way,165754245,Q45840788,107
Stokesley Library,North Yorkshire Council,England,"Town Close, North Road, Stokesley",Stokesley,TS9 5DH,54.4718,-1.193499,CRL,Yes,,,node,5274186661,,63
Tadcaster Library,North Yorkshire Council,England,"Station Road, Tadcaster",Tadcaster,LS24 9JG,53.884538,-1.268105,CRL,Yes,,,way,132681225,Q45840808,109
Whitby Library,North Yorkshire Council,England,"Windsor Terrace, Whitby",Whitby,YO21 1ET,54.483488,-0.614931,LAL,Yes,,,way,348353633,Q45840841,111
Bishops Lydeard,Somerset Council,England,"Church Street, Bishops Lydeard",Bishops Lydeard,TA4 3AT,51.0603687,-3.1884383,CRL,Yes,,,way,505860792,Q55163612,3
Bridgwater,Somerset Council,England,"Binford Place, Bridgwater",Bridgwater,TA6 3LF,51.1280405,-3.0007919,LAL,Yes,,,way,131557666,Q26491827,21
Bruton,Somerset Council,England,"Quaperlake Street, Bruton",Bruton,BA10 0HA,51.1125694,-2.453311,CRL,Yes,,,node,5061031739,,8
Burnham-on-Sea,Somerset Council,England,"Princess Street, Burnham-on-Sea",Burnham-on-Sea,TA8 1EH,51.2383423,-2.9962523,LAL,Yes,,,way,1375708804,,7
Castle Cary,Somerset Council,England,"Bailey Hill, Castle Cary",Castle Cary,BA7 7AA,51.0898194,-2.5141306,CRL,Yes,,,node,5658633056,,7
Chard,Somerset Council,England,"Holyrood Lace Mill, Chard",Chard,TA20 2YA,50.8715433,-2.9643884,LAL,Yes,,,,,,
Cheddar,Somerset Council,England,"Union Street, Cheddar",Cheddar,BS27 3NB,51.2755577,-2.7757168,LAL,Yes,,,node,1393630627,Q55163620,20
Crewkerne,Somerset Council,England,"Falkirk Square, Crewkerne",Crewkerne,TA18 7JS,50.8838155,-2.7946875,LAL,Yes,,,way,245341713,Q55163621,2
Dulverton,Somerset Council,England,"7-9 Fore Street, Dulverton",Dulverton,TA22 9EX,51.0401296,-3.551014,LAL,Yes,,,node,845896871,Q55163622,4
Frome,Somerset Council,England,"Justice Lane, Frome",Frome,BA11 1BE,51.2324141,-2.320684,LAL,Yes,,,way,138742016,Q55163623,4
Glastonbury,Somerset Council,England,"1 Orchard Court, The Archers Way, Glastonbury",Glastonbury,BA6 9JB,51.1488811,-2.715587,LAL,Yes,,,way,219509077,,13
Ilminster,Somerset Council,England,"Ditton Street, Ilminster",Ilminster,TA19 0BW,50.9248221,-2.9110811,LAL,Yes,,,way,714529292,Q55163627,1
Langport,Somerset Council,England,"Watley, Langport",Langport,TA10 9RA,51.0369971,-2.8287889,LAL,Yes,,,node,4077353030,,4
Martock,Somerset Council,England,"The Shopping Centre, Martock",Martock,TA12 6DL,50.9713387,-2.7661907,LAL,Yes,,,node,2908251916,,2
Minehead,Somerset Council,England,"Bancks Street, Minehead",Minehead,TA24 5DJ,51.2046413,-3.4776733,LAL,Yes,,,way,863499034,,2
Nether Stowey,Somerset Council,England,"Castle Street, Bridgwater",Bridgwater,TA5 1LN,51.150914,-3.1589507,CRL,Yes,,,node,631131235,Q55163632,10
North Petherton,Somerset Council,England,"Quantock House, Fore Street, North Petherton",North Petherton,TA6 6TN,51.0926774,-3.0158069,CRL,Yes,,,node,1410307411,Q55163633,53
Porlock,Somerset Council,England,"The Old School Centre, Porlock",Porlock,TA24 8NP,51.209182,-3.598863,CRL,Yes,,,node,3482508701,,34
Priorswood,Somerset Council,England,"Eastwock Road, Taunton",Taunton,TA2 7HD,51.031792,-3.0932813,CRL,Yes,,,,,,
Shepton Mallet,Somerset Council,England,"2 Market Place, Shepton Mallet ",Shepton Mallet,BA4 5AZ,51.1909685,-2.5465503,LAL,Yes,,,,,,
Somerton,Somerset Council,England,"Cox's Yard, Somerton",Somerton,TA11 7PR,51.0541534,-2.7306479,CRL,Yes,,,way,432847007,,3
South Petherton,Somerset Council,England,"St. James' Corner, South Petherton",South Petherton,TA13 5BS,50.9482313,-2.8070648,CRL,Yes,,,way,776889434,Q55163639,5
Street,Somerset Council,England,"1 Leigh Road, Street",Somerset,BA16 0HA,51.1266136,-2.7391645,CRL,Yes,,,way,1043779474,Q55163640,9
Taunton,Somerset Council,England,"Paul Street, Taunton",Taunton,TA1 3XZ,51.0139079,-3.1015003,LAL,Yes,,,node,1651599681,Q55163644,35
Watchet,Somerset Council,England,"The Esplanade, Watchet",Watchet,TA23 0AJ,51.1817467,-3.3283534,CRL,Yes,,,node,3268971678,,9
Wellington,Somerset Council,England,"16 Fore Street, Wellington",Wellington,TA21 8AQ,50.9777918,-3.2280662,LAL,Yes,,,way,434853685,Q55163647,10
Wells,Somerset Council,England,"Union Street, Wells",Wells,BA5 2PU,51.2088396,-2.6480019,LAL,Yes,,,way,85667355,Q55163648,5
Williton,Somerset Council,England,"Killick Way, Williton",Williton,TA4 4QA,51.1610024,-3.3202778,LAL,Yes,,,node,12960797593,,66
Wincanton,Somerset Council,England,"Carrington Way, Wincanton",Wincanton,BA9 9JS,51.0571868,-2.4094078,LAL,Yes,,,,,,
Wiveliscombe,Somerset Council,England," 9 The Square, Wiveliscombe",Wiveliscombe,TA4 2JT,51.0421263,-3.3124444,CRL,Yes,,,way,633099644,Q55163653,5
Yeovil,Somerset Council,England,"King George Street, Yeovil",Yeovil,BA20 1PY,50.9409045,-2.6332927,LAL,Yes,,,way,762680680,Q55163654,4
Blackrod Library,Bolton Metropolitan Borough Council,England,"Church Street, Bolton",Bolton,BL6 5EQ,53.5945278,-2.5864397,LAL,Yes,,http://www.bolton.gov.uk/website/pages/Blackrodlibrary.aspx,way,590129046,,7
Bolton Central Library,Bolton Metropolitan Borough Council,England,"Crompton Place Shopping Centre, Bolton",Bolton,BL1 1DF,53.5774007,-2.4312922,LAL,Yes,,http://www.bolton.gov.uk/website/pages/CentralLibrary.aspx,,,,
Breightmet Library,Bolton Metropolitan Borough Council,England,"Breightmet Health Centre, Breightmet Fold Lane, Bolton",Bolton,BL2 6NT,53.5823666,-2.3842756,LAL,Yes,,http://www.bolton.gov.uk/website/pages/BreightmetLibrary.aspx,node,1379736840,Q54913935,40
Bromley Cross Library,Bolton Metropolitan Borough Council,England,"The Crescent, Bolton",Bolton,BL7 9JU,53.6171655,-2.4185914,LAL,Yes,,http://www.bolton.gov.uk/website/pages/BromleyCrossLibrary.aspx,way,729009566,,5
Farnworth Library,Bolton Metropolitan Borough Council,England,"Market Street, Bolton",Bolton,BL4 7PG,53.551427,-2.3967506,LAL,Yes,,http://www.bolton.gov.uk/website/pages/FarnworthLibrary.aspx,way,507151371,,10
Harwood Library,Bolton Metropolitan Borough Council,England,"Gate Fold, Bolton",Bolton,BL2 3HN,53.6047645,-2.3966462,LAL,Yes,,http://www.bolton.gov.uk/website/pages/HarwoodLibrary.aspx,way,480941366,Q54913938,3
High Street Library,Bolton Metropolitan Borough Council,England,"High Street, Bolton",Bolton,BL3 6SZ,53.5672773,-2.4394181,LAL,Yes,,http://www.bolton.gov.uk/website/pages/HighStreetLibrary.aspx,way,565026196,Q54913942,6
Horwich Library,Bolton Metropolitan Borough Council,England,"Jones Street, Bolton",Bolton,BL6 7AJ,53.6018688,-2.5492008,LAL,Yes,,,way,665272594,,3
Westhoughton Library,Bolton Metropolitan Borough Council,England,"Library Street, Bolton",Bolton,BL5 3AT,53.5490204,-2.5205051,LAL,Yes,,http://www.bolton.gov.uk/website/pages/WesthoughtonLibrary.aspx,way,33179848,Q54913950,15
Bury Library,Bury Metropolitan Borough Council,England,"Manchester Road, Bury",Bury,BL9 0DG,53.591496,-2.299064,LAL,Yes,,https://www.bury.gov.uk/libraries,way,253098999,,31
Prestwich Library & Adult Learning Centre,Bury Metropolitan Borough Council,England,"Longfield Centre, Prestwich",Prestwich,M25 1AY,53.532918,-2.284226,LAL,Yes,,https://www.bury.gov.uk/libraries,node,1352726233,,33
Radcliffe Library,Bury Metropolitan Borough Council,England,"Stand Lane, Radcliffe",Radcliffe,M26 1NW,53.558568,-2.323737,LAL,Yes,,https://www.bury.gov.uk/libraries,way,614166665,Q54959957,73
Ramsbottom Library & Adult Learning Centre,Bury Metropolitan Borough Council,England,"Carr Street, Ramsbottom",Ramsbottom,BL0 9AE,53.649146,-2.319349,LAL,Yes,,https://www.bury.gov.uk/libraries,node,2122420757,,32
Barlow Moor Community Library,Manchester City Council,England,"23 Merseybank Avenue, Chorlton",Chorlton,M21 7NN,53.4233813,-2.2629413,CRL,No,,,node,4807377592,,6
"Burnage Library, Activity & Information Hub",Manchester City Council,England,"Burnage Lane, Burnage",Burnage,M19 1EW,53.4298995,-2.2007155,CRL,No,,,way,851612172,,4
Central Library,Manchester City Council,England,"St. Peters Square, City Centre",City Centre,M2 5PD,53.4779599,-2.2445919,LAL,Yes,,,way,570282715,Q3285343,19
Chorlton Library,Manchester City Council,England,"Manchester Road, Chorlton",Chorlton,M21 9PN,53.4446526,-2.2788266,LAL,Yes,,,way,60257373,Q26676420,8
Didsbury Library,Manchester City Council,England,"692 Wilmslow Road, Didsbury",Didsbury,M20 2DN,53.418201,-2.2323182,LAL,Yes,,,way,255028601,,3
Fallowfield Community Library,Manchester City Council,England,"The Place at Platt Lane, Platt Lane ",Greater Manchester,M14 7FB,53.446398,-2.2384472,CRL,Yes,,,way,796544601,,1
Forum Library Wythenshawe,Manchester City Council,England,"Forum Square, Wythenshawe",Wythenshawe,M22 5RX,53.3795872,-2.264491,LAL,Yes,,,way,306959603,,2
Gorton Library,Manchester City Council,England,"Garratt Way, Gorton",Gorton,M18 8HE,53.4630301,-2.1733522,LAL,Yes,,,node,11832927076,,195
Moss Side Powerhouse Library,Manchester City Council,England,"140 Raby Street, Moss Side",Moss Side,M14 4SL,53.4576163,-2.2417199,LAL,Yes,,,node,11221272063,,6
New Moston Community Library,Manchester City Council,England,"Nuthurst Road, New Moston",New Moston,M40 3PJ,53.5168637,-2.168034,CRL,No,,,node,915748668,,14
Newton Heath Library,Manchester City Council,England,"Old Church Street, Newton Heath",Newton Heath,M40 2JB,53.5015211,-2.1829179,LAL,Yes,,,node,431208270,,3
North City Library,Manchester City Council,England,"Rochdale Road, Harpurhey",Harpurhey,M9 4AF,53.514026,-2.2124423,LAL,Yes,,,node,907308463,,25
Withington Library,Manchester City Council,England,"410 Wilmslow Road, Withington",Withington,M20 3BN,53.4356768,-2.226844,LAL,Yes,,,way,319634782,,5
Chadderton Library & Wellbeing Centre,Oldham Metropolitan Borough Council,England,"Burnley Street, Oldham ",Oldham,OL9 0JW,53.5462567,-2.143012,LAL,Yes,,http://www.oldham.gov.uk/find_a_library,node,10824095958,,38
Crompton Library,Oldham Metropolitan Borough Council,England,"Farrow Street East, Oldham",Oldham,OL2 8QY,53.5762715,-2.0957227,LAL,Yes,,http://www.oldham.gov.uk/find_a_library,node,10815411335,,11
Delph Library,Oldham Metropolitan Borough Council,England,"Millgate, Delph, Oldham",Oldham,OL3 5JG,53.5667172,-2.0229857,CRL,Yes,,http://www.oldham.gov.uk/find_a_library,,,,
Greenfield Library,Oldham Metropolitan Borough Council,England,"Chew Vale, Oldham",Oldham,OL3 7EQ,53.5356205,-2.00613,LAL,Yes,,http://www.oldham.gov.uk/find_a_library,way,943660686,Q55114706,6
Lees Library Community Hub,Oldham Metropolitan Borough Council,England,"Thomas Street, Oldham",Oldham,OL4 5DA,53.537459,-2.0717803,LAL,Yes,,http://www.oldham.gov.uk/find_a_library,node,10542729337,Q55114707,7
Limehurst Library,Oldham Metropolitan Borough Council,England,"St. Chad's Centre, Lime Green Parade , Oldham",Oldham,OL8 3HH,53.5152385,-2.1267873,LAL,Yes,,http://www.oldham.gov.uk/find_a_library,,,,
Northmoor Library,Oldham Metropolitan Borough Council,England,"Chadderton Way, Oldham",Oldham,OL9 6DH,53.5467997,-2.123636,LAL,Yes,,http://www.oldham.gov.uk/find_a_library,node,12025340608,,8
Oldham Library & Lifelong Learning Centre,Oldham Metropolitan Borough Council,England,"Greaves Street, Oldham",Oldham,OL1 1AL,53.5400098,-2.1091457,LAL,Yes,,http://www.oldham.gov.uk/find_a_library,node,10022209225,,86
Royton Library,Oldham Metropolitan Borough Council,England,"Radcliffe Street, Royton, Oldham",Oldham,OL2 5QR,53.5671304,-2.1245259,LAL,Yes,,http://www.oldham.gov.uk/find_a_library,node,10616343089,,158
Uppermill Library,Oldham Metropolitan Borough Council,England,"St. Chad's, High Street, Oldham",Oldham,OL3 6AP,53.5474757,-2.006796,LAL,Yes,,http://www.oldham.gov.uk/find_a_library,node,297558320,Q55114713,74
Balderstone Library,Rochdale Metropolitan Borough Council,England,"Balderstone Park, Rochdale",Rochdale,OL11 2HD,53.599537,-2.146217,LAL,Yes,,,way,404726096,Q55183909,51
Belfield Library,Rochdale Metropolitan Borough Council,England," Samson Street, Rochdale",Rochdale,OL16 2XW,53.621051,-2.13291,CL,No,,,,,,
Castleton Library,Rochdale Metropolitan Borough Council,England,"Manchester Road, Rochdale ",Rochdale,OL11 3AF,53.595641,-2.182088,LAL,Yes,,,,,,
Darnhill Library,Rochdale Metropolitan Borough Council,England,"Argyle Parade, Heywood ",Heywood,OL10 3RY,53.587888,-2.241075,LAL,Yes,,,,,,
Heywood Library,Rochdale Metropolitan Borough Council,England,"Lance Corporal Stephen Shaw M C Way, Heywood ",Heywood,OL10 1LL,53.5926217,-2.2181657,LAL,Yes,,,way,906328390,,12
Junction Community Library,Rochdale Metropolitan Borough Council,England,"Jumbo Social Centre, Grimshaw Lane, Middleton",Middleton,M24 2BW,53.543539,-2.178511,LAL,Yes,,,,,,
Littleborough Library,Rochdale Metropolitan Borough Council,England,"Hare Hill Park, , Littleborough",Littleborough,OL15 9HE,53.645954,-2.098983,LAL,Yes,,,,,,
Local Studies Library - Touchstones,Rochdale Metropolitan Borough Council,England,"Touchstones Rochdale, The Esplanade, Rochdale",Rochdale,OL16 1AQ,53.615121,-2.161916,CL,Yes,,,,,,
Middleton Library,Rochdale Metropolitan Borough Council,England,"Long Street, Middleton",Middleton,M24 6DU,53.552913,-2.196347,LAL,Yes,,,way,255394793,,2
Milnrow Library,Rochdale Metropolitan Borough Council,England,"Newhey Road, Milnrow",Milnrow,OL16 3PS,53.605629,-2.104223,LAL,Yes,,,node,1415344574,Q26676167,51
Rochdale Central Library,Rochdale Metropolitan Borough Council,England,"Smith Street, Rochdale",Rochdale,OL16 1XU,53.616946,-2.153426,LAL,Yes,,,node,11390571106,,19
Smallbridge Library,Rochdale Metropolitan Borough Council,England,"Stevenson Square, Rochdale",Rochdale,OL12 9SA,53.632986,-2.136049,LAL,Yes,,,way,403816590,Q55183927,44
Smithybridge Library,Rochdale Metropolitan Borough Council,England,"121-123 Smithy Bridge Road,  Littleborough",Littleborough,OL15 0BQ,53.632151,-2.108101,LAL,Yes,,,way,568771211,,83
Spotland Library,Rochdale Metropolitan Borough Council,England,"Ings Lane, Rochdale",Rochdale,OL12 7AL,53.623818,-2.181678,LAL,Yes,,,way,404610633,,99
Wardle Library,Rochdale Metropolitan Borough Council,England,"448 Birch Road, Rochdale",Rochdale,OL12 9LH,53.645681,-2.132203,LAL,Yes,,,node,5084695934,Q55183933,73
Boothstown Library,Salford City Council,England,"Community Centre, Standfield Drive, Boothstown",Boothstown,M28 1NB,53.5030095,-2.4172398,CL,Yes,,,node,7468445765,,10
Cadishead Library,Salford City Council,England,"126 Liverpool Road, Cadishead",Cadishead,M44 5AN,53.4281649,-2.436372,CL,Yes,,,way,798515784,,2
Clifton Library,Salford City Council,England,"Community Centre, 6 Wynne Avenue, Clifton ",Clifton,M27 8FU,53.524492,-2.3343984,CL,Yes,,,node,7468383753,,6
Eccles Gateway Library,Salford City Council,England,"28 Barton Lane, Eccles ",Eccles,M30 0TU,53.4828613,-2.3393154,CL,Yes,,,node,7471685701,,5
Height Library,Salford City Council,England,"King Street, Salford ",Salford,M6 7GY,53.499592,-2.3084851,CL,Yes,,,way,480946883,,10
Hope Library,Salford City Council,England,"Eccles Old Road, Salford ",Salford,M6 8FH,53.4890075,-2.3205859,CL,Yes,,,way,256755019,,12
Irlam Library,Salford City Council,England,"Hurst Fold, Liverpool Road, Irlam",Irlam,M44 6FD,53.4522493,-2.4123595,CL,Yes,,,way,798915391,,4
Little Hulton Library,Salford City Council,England,"Longshaw Drive, Little Hulton ",Little Hulton,M28 0AZ,53.5296732,-2.421152,CL,Yes,,,way,798883512,,9
Lower Kersal Library,Salford City Council,England,"Salford Sports Village, Littleton Road , Salford ",Salford,M7 3NQ,53.5083295,-2.2863531,CL,Yes,,,node,7471983209,,7
Ordsall Library,Salford City Council,England,"Neighbourhood Office, Robert Hall Street, Ordsall , Salford",Salford,M5 3LT,53.4739577,-2.2710109,CL,Yes,,,way,254829387,Q55183957,1
Pendleton Gateway Library,Salford City Council,England,"1 Broadwalk, Salford ",Salford,M6 5FX,53.4883613,-2.2847419,CL,Yes,,,node,7471666655,,7
Walkden Gateway Library,Salford City Council,England,"2 Smith Street, Worsley",Worsley,M28 3EZ,53.5249146,-2.3985389,CL,Yes,,,node,5338998785,,6
Winton Library,Salford City Council,England,"Old Parrin Lane, Winton ",Winton,M30 8BY,53.4896595,-2.3685477,CL,Yes,,,way,28028483,,3
Worsley Village,Salford City Council,England,"Worsley Road, Worsley ",Worsley,M28 2PB,53.5003511,-2.3815148,CL,Yes,,,way,798525000,,1
Bramhall,Stockport Metropolitan Borough Council,England,"Bramhall Lane South, Bramhall",Bramhall,SK7 2DU,53.3604307,-2.1632455,LAL,Yes,,https://www.stockport.gov.uk/libraries,way,277750312,,1
Bredbury,Stockport Metropolitan Borough Council,England,"George Lane, Bredbury",Bredbury,SK6 1DJ,53.4165963,-2.101758,LAL,Yes,,https://www.stockport.gov.uk/libraries,node,4698237892,,15
Brinnington,Stockport Metropolitan Borough Council,England,"First House, 367 Brinnington Road, Brinnington",Brinnington,SK5 8EN,53.4266885,-2.1332711,LAL,Yes,,https://www.stockport.gov.uk/libraries,node,1870246240,,8
Cheadle,Stockport Metropolitan Borough Council,England,"Ashfield Road, Cheadle",Cheadle,SK8 1BB,53.4165963,-2.101758,LAL,Yes,,https://www.stockport.gov.uk/libraries,,,,
Cheadle Hulme,Stockport Metropolitan Borough Council,England,"Mellor Road, Cheadle Hulme",Cheadle Hulme,SK8 5AU,53.3739923,-2.1889693,LAL,Yes,,https://www.stockport.gov.uk/libraries,way,1096845979,,4
Edgeley,Stockport Metropolitan Borough Council,England,"Edgeley Road, Edgeley",Edgeley,SK3 9NB,53.4004093,-2.1713692,LAL,Yes,,https://www.stockport.gov.uk/libraries,way,504234630,,7
Great Moor,Stockport Metropolitan Borough Council,England,"Gladstone Street, Great Moor",Great Moor,SK2 7QF,53.3884757,-2.1336721,LAL,Yes,,https://www.stockport.gov.uk/libraries,node,5003800193,,11
Hazel Grove,Stockport Metropolitan Borough Council,England,"Beech Avenue, Hazel Grove",Greater Manchester,SK7 4QP,53.3797103,-2.118056,LAL,Yes,,https://www.stockport.gov.uk/libraries,way,1053032281,,15
Heald Green,Stockport Metropolitan Borough Council,England,"Finney Lane, Heald Green",Heald Green,SK8 3JB,53.3699945,-2.2286737,LAL,Yes,,https://www.stockport.gov.uk/libraries,way,116596691,,8
Heatons,Stockport Metropolitan Borough Council,England,"Thornfield Road, Heaton Moor",Heaton Moor,SK4 3LD,53.4167913,-2.1915511,LAL,Yes,,https://www.stockport.gov.uk/libraries,node,368292938,,12
High Lane,Stockport Metropolitan Borough Council,England,"Buxton Road, High Lane",Greater Manchester,SK6 8DX,53.3644764,-2.069972,LAL,Yes,,https://www.stockport.gov.uk/libraries,way,253161104,,1
Marple,Stockport Metropolitan Borough Council,England,"Memorial Park, Marple",Marple,SK6 6BA,53.3966778,-2.0619338,LAL,Yes,,https://www.stockport.gov.uk/libraries,way,547598896,,4
Reddish,Stockport Metropolitan Borough Council,England,"Gorton Road, Reddish",Reddish,SK5 6UG,53.4416669,-2.1580913,LAL,Yes,,https://www.stockport.gov.uk/libraries,node,1311514801,,7
Stockport Central,Stockport Metropolitan Borough Council,England,"Wellington Road South, Stockport",Stockport,SK1 3RS,53.4082531,-2.1606603,LAL,Yes,,https://www.stockport.gov.uk/libraries,way,370396246,,12
Denton,Tameside Metropolitan Borough Council,England,"Town Hall, Market Street, Denton",Denton,M34 2AP,53.454579,-2.114123,LAL,Yes,,http://www.tameside.gov.uk/libraries,,,,
Denton West End,Tameside Metropolitan Borough Council,England,"Windsor Road, Denton",Denton,M34 2HB,53.453703,-2.145082,ICL,No,,,way,548348608,,33
Droylsden,Tameside Metropolitan Borough Council,England,"Manchester Road , Droylsden",Droylsden,M43 6EP,53.479238,-2.145998,LAL,Yes,,http://www.tameside.gov.uk/libraries,node,10209600229,,91
Dukinfield,Tameside Metropolitan Borough Council,England,"Concord Way, Dukinfield",Dukinfield,SK16 4DB,53.476538,-2.083416,LAL,Yes,,http://www.tameside.gov.uk/libraries,,,,
Hattersley,Tameside Metropolitan Borough Council,England,"The Hub, Stockport Road, Hattersley",Hattersley,SK14 6NT,53.455075,-2.013394,LAL,Yes,,http://www.tameside.gov.uk/libraries,,,,
Hyde,Tameside Metropolitan Borough Council,England,"Town Hall, Greenfield Street, Hyde",Hyde,SK14 1AL,53.4508858,-2.0800524,LAL,Yes,,http://www.tameside.gov.uk/libraries,node,1385865473,Q55184206,11
Mossley,Tameside Metropolitan Borough Council,England,"George Lawton Hall, Stamford Street , Mossley",Mossley,OL5 0HR,53.51893,-2.046067,LAL,Yes,,http://www.tameside.gov.uk/libraries,,,,
Ryecroft,Tameside Metropolitan Borough Council,England,"Ryecroft Hall, Manchester Road, Audenshaw",Audenshaw,M34 5GJ,53.477818,-2.12966,LAL-,Yes,,,node,1632658230,,132
Stalybridge,Tameside Metropolitan Borough Council,England,"Trinity Street, Stalybridge",Stalybridge,SK15 2BN,53.482882,-2.056425,LAL,Yes,,http://www.tameside.gov.uk/libraries,node,1961592267,Q26639145,48
Altrincham,Trafford Metropolitan Borough Council,England,"2 Pott Street, Altrincham",Altrincham,WA14 1AH,53.3870261,-2.3525681,LAL,Yes,,https://www.thurrock.gov.uk/libraries,node,6694215417,,6
Coppice,Trafford Metropolitan Borough Council,England,"Coppice Avenue, Sale",Sale,M33 4ND,53.414073,-2.3511654,CRL,Yes,,https://www.trafford.gov.uk/libraries,way,497214482,,5
Hale,Trafford Metropolitan Borough Council,England,"Ashley Road, Hale",Hale,WA15 9SD,53.3778986,-2.3466423,LAL,Yes,,https://www.trafford.gov.uk/libraries,way,809164331,,220
Lostock,Trafford Metropolitan Borough Council,England,"Selby Road, Lostock",Lostock,M32 9PL,53.4548508,-2.3304337,CRL,No,,https://www.trafford.gov.uk/libraries,way,552200262,,6
Old Trafford,Trafford Metropolitan Borough Council,England,"Limelight, 1 St.Brides Way, Old Trafford",Old Trafford,M16 9NW,53.4614135,-2.2619803,LAL,Yes,,https://www.trafford.gov.uk/libraries,node,5970539245,,17
Partington,Trafford Metropolitan Borough Council,England,"91 Central Road, Partington",Partington,M31 4FY,53.4167789,-2.425019,LAL,Yes,,https://www.trafford.gov.uk/libraries,way,1501840953,,106
Sale,Trafford Metropolitan Borough Council,England,"Sale Waterside, Sale",Sale,M33 7ZF,53.4253798,-2.3196115,LAL,Yes,,https://www.trafford.gov.uk/libraries,way,496512831,,7
Stretford,Trafford Metropolitan Borough Council,England,"Kingsway, Stretford",Stretford,M32 8AP,53.4461084,-2.312555,LAL,Yes,,https://www.trafford.gov.uk/libraries,way,292603674,,3
Urmston,Trafford Metropolitan Borough Council,England,"Unit 34 Golden Way, Urmston",Urmston,M41 0NA,53.4495349,-2.3535804,LAL,Yes,,https://www.trafford.gov.uk/libraries,node,1799676626,,4
Woodsend,Trafford Metropolitan Borough Council,England,"Woodsend Road, Flixton",Flixton,M41 8GN,53.4533479,-2.3931404,LAL,Yes,,https://www.trafford.gov.uk/libraries,way,854048312,,2
Ashton,Wigan Metropolitan Borough Council,England,"Wigan Road, Ashton-in-Makerfield",Ashton-in-Makerfield,WN4 9BH,53.4888687,-2.6389975,LAL,Yes,,https://www.wigan.gov.uk/Resident/Libraries/Ashton-Library.aspx,way,977151043,,2
Aspull,Wigan Metropolitan Borough Council,England,"Oakfield Crescent, Aspull",Aspull,WN2 1XJ,53.5697163,-2.5853573,LAL,Yes,,https://www.wigan.gov.uk/Resident/Libraries/Aspull-Library.aspx,way,766789218,,3
Grange Community Library,Wigan Metropolitan Borough Council,England,"2, The Community Complex, Highfield Grange , Winstanley",Winstanley,WN3 6GH,53.5220199,-2.6549811,CRL,Yes,,https://www.wigan.gov.uk/Resident/Libraries/Hope-Community-Library.aspx,,,,
Hindley,Wigan Metropolitan Borough Council,England,"First Avenue, Hindley",Hindley,WN2 3EB,53.5343333,-2.578939,LAL,Yes,,https://www.wigan.gov.uk/Resident/Libraries/Hindley-Library.aspx,way,1240408884,,2
Ince,Wigan Metropolitan Borough Council,England,"Ince Community Centre, Manchester Road, Ince",Ince,WN2 2DJ,53.5433774,-2.6040071,LAL,Yes,,https://www.wigan.gov.uk/Resident/Libraries/Ince-Library.aspx,way,963396477,,119
Lamberhead Green,Wigan Metropolitan Borough Council,England,"The Dean Trust Wigan, Greenhey, Orrell",Orrell,WN5 0DQ,53.5410443,-2.6881016,LAL,Yes,,https://www.wigan.gov.uk/Resident/Libraries/Lamberhead-Green-Library.aspx,,,,
Leigh,Wigan Metropolitan Borough Council,England,"Civic Square, Leigh",Leigh,WN7 1EB,53.4977875,-2.5200268,LAL,Yes,,https://www.wigan.gov.uk/Resident/Libraries/Leigh-Library.aspx,node,9641599515,,12
Marsh Green,Wigan Metropolitan Borough Council,England,"Harrow Road, Marsh Green",Marsh Green,WN5 0QL,53.549695,-2.668349,LAL,Yes,,https://www.wigan.gov.uk/Resident/Libraries/Marsh-Green-Library.aspx,way,1238260267,,1
Platt Bridge,Wigan Metropolitan Borough Council,England,"Rivington Avenue, Platt Bridge",Platt Bridge,WN2 5NG,53.5222309,-2.5942905,LAL,Yes,,https://www.wigan.gov.uk/Resident/Libraries/Platt-Bridge-Library.aspx,,,,
Shevington,Wigan Metropolitan Borough Council,England,"Gathurst Lane, Shevington",Shevington,WN6 8HA,53.5706705,-2.6943804,LAL,Yes,,https://www.wigan.gov.uk/Resident/Libraries/Shevington-Library.aspx,way,1198109414,,1
Standish,Wigan Metropolitan Borough Council,England,"Cross Street, Standish",Standish,WN6 0HQ,53.5859187,-2.6619558,LAL,Yes,,https://www.wigan.gov.uk/Resident/Libraries/Standish-Library.aspx,way,135209292,,3
Tyldesley,Wigan Metropolitan Borough Council,England,"Tyldesley Town Hall, Elliot Street, , Tyldesley",Tyldesley,M29 8EH,53.5144707,-2.4679624,LAL,No,,https://www.wigan.gov.uk/Resident/Libraries/Tyldesley-Library.aspx,way,982348912,,1
Halewood,Knowsley Metropolitan Borough Council,England,"The Halewood Centre, Roseheath Drive , Halewood",Halewood,L26 9UH,53.3593401,-2.8292524,LAL,Yes,,,node,2268002543,,12
Huyton,Knowsley Metropolitan Borough Council,England,"Civic Way, Huyton",Huyton,L36 9GD,53.4106959,-2.8417294,LAL,Yes,,,node,6317064288,,4
Allerton,Liverpool City Council,England,"Allerton Road , Allerton",Allerton,L18 6HG,53.3836116,-2.906971,LAL,Yes,,http://liverpool.gov.uk/libraries/find-a-library/allerton-library/,way,4042138,Q55111311,3
Breck Road,Liverpool City Council,England,"8-10 The Mall, Breck Road, Liverpool",Liverpool,L5 6PX,53.4228685,-2.9584592,CRL,No,,http://liverpool.gov.uk/libraries/find-a-library/breck-road-library/,,,,
Central Library,Liverpool City Council,England,"William Brown Street , Liverpool",Liverpool,L3 8EW,53.4099859,-2.9808258,LAL,Yes,,http://liverpool.gov.uk/libraries/find-a-library/central-library/,node,34848697,Q3639631,15
Croxteth,Liverpool City Council,England,"The Communiversity, Altcross House, Altcross Road, Croxteth",Croxteth,L11 0BS,53.4559085,-2.8986312,CRL,Yes,,http://liverpool.gov.uk/libraries/find-a-library/croxteth-library/,way,507335373,,48
Dovecot,Liverpool City Council,England,"Back Dovecot Place , Dovecot",Dovecot,L14 9BA,53.4194954,-2.8755485,CRL,No,,http://liverpool.gov.uk/libraries/find-a-library/dovecot-library/,,,,
Fazakerley,Liverpool City Council,England,"Formosa Drive , Fazakerley",Fazakerley,L10 7LQ,53.4690277,-2.9227858,CRL,No,,,way,507331088,,3
Garston,Liverpool City Council,England,"Bowden Road, Garston",Garston,L19 1QN,53.3581898,-2.9059201,LAL,Yes,,http://liverpool.gov.uk/libraries/find-a-library/garston-library/,node,26353793,,1
Kensington,Liverpool City Council,England,"Kensington , Kensington",Kensington,L7 2RJ,53.4116194,-2.9533621,CRL,Yes,,http://liverpool.gov.uk/libraries/find-a-library/kensington-library/,way,211002861,Q26627424,6
Lee Valley,Liverpool City Council,England,"Lee Valley Millennium Centre, Childwall Valley Road, Netherley",Netherley,L25 2RF,53.390664,-2.8550179,LAL,Yes,,http://liverpool.gov.uk/libraries/find-a-library/lee-valley-library/,way,36947145,,12
Norris Green,Liverpool City Council,England,"Townsend Avenue, Norris Green",Norris Green,L11 5AF,53.4427319,-2.9313998,LAL,Yes,,http://liverpool.gov.uk/libraries/find-a-library/norris-green-library/,way,507335349,,4
Old Swan,Liverpool City Council,England,"Prescot Road , Old Swan",Old Swan,L13 5XG,53.4142425,-2.9085404,LAL,Yes,,http://liverpool.gov.uk/libraries/find-a-library/old-swan-library/,way,41678043,Q55111322,7
Parklands,Liverpool City Council,England,"Conleach Road, Speke",Speke,L24 0TY,53.3442294,-2.8408553,LAL,Yes,,http://liverpool.gov.uk/libraries/find-a-library/parklands-library/,node,5412070359,,14
Sefton Park,Liverpool City Council,England,"Aigburth Road , Liverpool",Liverpool,L17 4JS,53.3786077,-2.9471526,LAL,Yes,,http://liverpool.gov.uk/libraries/find-a-library/sefton-park-library/,way,455075110,Q26676119,3
Spellow,Liverpool City Council,England,"County Road , Liverpool ",Liverpool,L4 3QF,53.4421464,-2.9710576,LAL,Yes,,http://liverpool.gov.uk/libraries/find-a-library/spellow-library/,way,507330818,Q55111325,10
Toxteth,Liverpool City Council,England,"Windsor Street, Toxteth",Toxteth,L8 1XF,53.3950501,-2.9715795,LAL,Yes,,http://liverpool.gov.uk/libraries/find-a-library/toxteth-library/,way,271116230,Q26641846,6
Walton (Life Rooms),Liverpool City Council,England,"Evered Avenue , Walton",Walton,L9 2AF,53.4554832,-2.9613468,CRL,No,,http://liverpool.gov.uk/libraries/find-a-library/walton-library/,way,1233529859,,4
Wavertree,Liverpool City Council,England,"Picton Road , Wavertree",Wavertree,L15 4LP,53.3993415,-2.9246318,LAL,Yes,,http://liverpool.gov.uk/libraries/find-a-library/wavertree-library/,way,507343658,,4
Chester Lane Library,St Helens Council,England,"Four Acre Lane, Clock Face",Clock Face,WA9 4DE,53.4190676,-2.7248448,LAL,Yes,,https://www.sthelens.gov.uk/article/1930/Find-your-library#CHL,node,9510074873,,6
Eccleston Library,St Helens Council,England,"Broadway, Eccleston",Eccleston,WA10 5PJ,53.4613074,-2.7757655,LAL,Yes,,https://www.sthelens.gov.uk/article/1930/Find-your-library#EC,way,31823655,,1
Garswood Library,St Helens Council,England,"School Lane, Garswood",Garswood,WN4 0TT,53.488383,-2.6731403,LAL,Yes,,https://www.sthelens.gov.uk/article/1930/Find-your-library#GL,,,,
Haydock Library,St Helens Council,England,"Church Road, Haydock",Haydock,WA11 0LY,53.468539,-2.657341,LAL,Yes,,https://www.sthelens.gov.uk/article/1930/Find-your-library#HL,node,358883608,,1
Moss Bank Library,St Helens Council,England,"Bowness Avenue, Moss Bank",Moss Bank,WA11 7EQ,53.4741359,-2.7242166,LAL,Yes,,https://www.sthelens.gov.uk/article/1930/Find-your-library#MB,node,11008349131,,7
Newton-le-Willows Library,St Helens Council,England,"Crow Lane East, Newton",Newton,WA12 9TU,53.4560564,-2.6374616,LAL,Yes,,https://www.sthelens.gov.uk/article/1930/Find-your-library#NLW,way,250059976,Q55184110,4
Parr Library,St Helens Council,England,"Fleet Lane, Parr",Parr,WA9 1SY,53.4497383,-2.7066423,LAL,Yes,,https://www.sthelens.gov.uk/article/1930/Find-your-library#PL,,,,
Rainford Library,St Helens Council,England,"Church Road, Rainford",Rainford,WA11 8HA,53.497784,-2.7847272,LAL,Yes,,https://www.sthelens.gov.uk/article/1930/Find-your-library#RF,way,791157681,,0
Rainhill Library,St Helens Council,England,"View Road, Rainhill",Rainhill,L35 0LE,53.4149149,-2.7645692,LAL,Yes,,https://www.sthelens.gov.uk/article/1930/Find-your-library#RH,way,298904020,Q55184114,3
Thatto Heath Library,St Helens Council,England,"Thatto Heath Road, Thatto Heath",Thatto Heath,WA10 3QX,53.4375915,-2.7584277,LAL,Yes,,https://www.sthelens.gov.uk/article/1930/Find-your-library#TH,node,358402515,,2
Bootle,Sefton Metropolitan Borough Council,England,"220 Stanley Road, Bootle",Bootle,L20 3EN,53.4502596,-2.9896964,LAL,Yes,,,way,507326349,,1
Crosby,Sefton Metropolitan Borough Council,England,"Crosby Road North, Liverpool",Liverpool,L22 0LQ,53.4776559,-3.0225443,LAL,Yes,,,way,507325958,Q47164775,0
Edda,Sefton Metropolitan Borough Council,England,"Liverpool Avenue, Southport",Southport,PR8 3NE,53.6026228,-3.03312,ICL,No,,,,,,
Formby,Sefton Metropolitan Borough Council,England,"Duke Street, Formby",Formby,L37 4AN,53.5540244,-3.0672812,LAL,Yes,,,way,460206632,Q55184003,2
Meadows (Maghull),Sefton Metropolitan Borough Council,England,"Hall Lane, Liverpool",Liverpool,L31 7BB,53.5073032,-2.9450895,LAL,Yes,,,,,,
Southport,Sefton Metropolitan Borough Council,England,"112 Lord Street, Southport",Southport,PR8 1DJ,53.6470577,-3.0063477,LAL,Yes,,,,,,
Bebington Central,Wirral Borough Council,England,"Civic Centre, Civic Way, Bebington",Bebington,CH63 7PN,53.3499323,-3.004339,LAL,Yes,,http://wirral.gov.uk/libraries,node,153026583,,25
Beechwood,Wirral Borough Council,England,"8 Beechwood Drive, Birkenhead",Birkenhead,CH43 7ZU,53.395134,-3.082972,LAL,Yes,,http://wirral.gov.uk/libraries,,,,
Birkenhead Central,Wirral Borough Council,England,"Borough Road, Birkenhead      ",Birkenhead,CH41 2XB,53.386007,-3.031605,LAL,Yes,,http://wirral.gov.uk/libraries,node,491538949,Q4916424,17
Bromborough,Wirral Borough Council,England,"Allport Lane, Bromborough",Bromborough,CH62 7HR,53.330497,-2.978475,LAL,No,,http://wirral.gov.uk/libraries,node,344496630,,4
Eastham,Wirral Borough Council,England,"Mill Park Drive, Eastham",Eastham,CH62 9AN,53.311525,-2.967145,LAL,Yes,,http://wirral.gov.uk/libraries,node,1333708174,Q55173799,147
Greasby,Wirral Borough Council,England,"Greasby Road, Greasby",Greasby,CH49 3AT,53.377628,-3.121417,LAL,Yes,,http://wirral.gov.uk/libraries,node,2554412990,Q55173800,2
Heswall,Wirral Borough Council,England,"109 Telegraph Road, Heswall",Heswall,CH60 0AF,53.327747,-3.098353,LAL,Yes,,http://wirral.gov.uk/libraries,way,132647224,Q55173801,96
Higher Bebington,Wirral Borough Council,England,"Higher Bebington Road, Higher Bebington",Higher Bebington,CH63 2PT,53.353904,-3.020599,LAL,No,,http://wirral.gov.uk/libraries,node,152948712,Q55173803,162
Hoylake,Wirral Borough Council,England,"Market Street, Hoylake",Hoylake,CH47 5AA,53.395168,-3.174501,LAL,No,,http://wirral.gov.uk/libraries,,,,
Irby,Wirral Borough Council,England,"Thurstaston Road, Irby",Irby,CH61 0HE,53.35309,-3.12124,LAL,No,,http://wirral.gov.uk/libraries,node,2133622197,Q55173807,153
Leasowe,Wirral Borough Council,England,"Millennium Centre, Twickenham Drive, Leasowe",Leasowe,CH46 1PQ,53.415805,-3.093322,LAL,Yes,,http://wirral.gov.uk/libraries,node,2480916752,Q55173809,2
Moreton,Wirral Borough Council,England,"Pasture Road, Moreton",Moreton,CH46 8SA,53.403551,-3.111975,LAL,Yes,,http://wirral.gov.uk/libraries,way,242184148,,111
New Ferry,Wirral Borough Council,England,"Grove Street Primary School, New Ferry",New Ferry,CH62 5BA,53.361138,-3.000621,LAL,No,,http://wirral.gov.uk/libraries,,,,
Pensby,Wirral Borough Council,England,"Pensby Road, Pensby",Pensby,CH61 9NE,53.34512,-3.094563,LAL,No,,http://wirral.gov.uk/libraries,way,324833967,Q55173813,61
Prenton,Wirral Borough Council,England,"15-19 Dickens Avenue, Prenton",Prenton,CH43 0TQ,53.367517,-3.056258,LAL,No,,http://wirral.gov.uk/libraries,,,,
Ridgeway,Wirral Borough Council,England,"The CLC Discovery, Noctorum Avenue, Noctorum",Noctorum,CH43 9EB,53.379202,-3.072406,LAL,Yes,,http://wirral.gov.uk/libraries,,,,
Rock Ferry,Wirral Borough Council,England,"251 Old Chester Road, Rock Ferry",Rock Ferry,CH42 3TD,53.37556,-3.015028,LAL,Yes,,http://wirral.gov.uk/libraries,,,,
St. James,Wirral Borough Council,England,"Laird Street, Birkenhead",Birkenhead,CH41 7AL,53.401531,-3.057279,LAL,Yes,,http://wirral.gov.uk/libraries,node,2409913827,Q55173820,49
Upton,Wirral Borough Council,England,"Ford Road, Upton",Upton,CH49 0TB,53.384808,-3.088801,LAL,Yes,,http://wirral.gov.uk/libraries,,,,
Wallasey Central Library,Wirral Borough Council,England,"Earlston Road, Wallasey",Wallasey,CH45 5DX,53.428622,-3.043324,LAL,Yes,,http://wirral.gov.uk/libraries,way,8095026,,152
Wallasey Village,Wirral Borough Council,England,"St. Georges Road, Wallasey",Wallasey,CH45 3NE,53.422279,-3.06222,LAL,No,,http://wirral.gov.uk/libraries,node,2472154671,Q55173823,36
West Kirby,Wirral Borough Council,England,"The Concourse, Grange Road, West Kirby",West Kirby,CH48 4HX,53.373191,-3.182523,LAL,Yes,,http://wirral.gov.uk/libraries,node,443422011,Q55173825,1
Woodchurch,Wirral Borough Council,England,"Ganneys Meadow EYC, New Hey Road, Birkenhead",Birkenhead,CH49 8HB,53.37699,-3.082392,LAL,No,,http://wirral.gov.uk/libraries,,,,
Armthorpe Community Library,Doncaster Metropolitan Borough Council,England,"Church Street, Armthorpe",Armthorpe,DN3 3AL,53.536294,-1.060645,CRL,Yes,,http://library.doncaster.gov.uk/web/arena/armthorpe-community-library,,,,
Askern Community Library,Doncaster Metropolitan Borough Council,England,"Station Road, Askern",Askern,DN6 0JA,53.616153,-1.150211,CRL,Yes,,http://library.doncaster.gov.uk/web/arena/askern-community-library,way,305266329,Q54807187,75
Balby Community Library,Doncaster Metropolitan Borough Council,England,"High Road, Balby",Balby,DN4 0PL,53.506814,-1.151343,CRL,Yes,,http://library.doncaster.gov.uk/web/arena/balby-community-library,,,,
Bawtry Community Library,Doncaster Metropolitan Borough Council,England,"Doncaster Road, Bawtry",Bawtry,DN10 6NE,53.431871,-1.021422,CRL,Yes,,http://library.doncaster.gov.uk/web/arena/bawtry-community-library,node,226290558,Q54807202,4
Bentley Area Community Library,Doncaster Metropolitan Borough Council,England,"Chapel Street, Bentley",Bentley,DN5 0HU,53.5491717,-1.1476772,CRL,Yes,,http://library.doncaster.gov.uk/web/arena/bentley-area-community-library,,,,
Bessacarr Community Library,Doncaster Metropolitan Borough Council,England,"Alston Road, Bessacarr",Bessacarr,DN4 7EZ,53.500768,-1.087045,CRL,Yes,,http://library.doncaster.gov.uk/web/arena/bessacarr-community-library,node,286276868,,68
Cantley Community Library,Doncaster Metropolitan Borough Council,England,"Goodison Boulevard, Cantley",Cantley,DN4 6BT,53.506851,-1.076239,CRL,Yes,,http://library.doncaster.gov.uk/web/arena/cantley-community-library,way,268336731,,91
Conisbrough Community Library,Doncaster Metropolitan Borough Council,England,"Old Road, Conisbrough",Conisbrough,DN12 3ND,53.481939,-1.233289,CRL,Yes,,http://library.doncaster.gov.uk/web/arena/conisbrough-community-library,way,1490218441,,53
Denaby Community Library & Hub,Doncaster Metropolitan Borough Council,England,"Springwell Centre, Church Road, Denaby",Denaby,DN12 4AB,53.490666,-1.245792,CRL,Yes,,http://library.doncaster.gov.uk/web/arena/denaby-community-library-and-hub,,,,
Edenthorpe Community Library,Doncaster Metropolitan Borough Council,England,"Communal Hall, Bardon Road, Edenthorpe",Edenthorpe,DN3 2ND,53.556053,-1.068994,CRL,Yes,,http://library.doncaster.gov.uk/web/arena/edenthorpe-community-library,,,,
Edlington Library,Doncaster Metropolitan Borough Council,England,"Martin Wells Centre, Thompson Avenue , Edlington",Edlington,DN12 1JD,53.480846,-1.193951,LAL,Yes,,http://library.doncaster.gov.uk/web/arena/edlington-library,,,,
Hatfield Community Library,Doncaster Metropolitan Borough Council,England,"High Street , Hatfield",Hatfield,DN7 6RY,53.577802,-0.997364,CRL,Yes,,http://library.doncaster.gov.uk/web/arena/hatfield-community-library,,,,
Intake Community Library,Doncaster Metropolitan Borough Council,England,"Montrose Avenue , Intake",Intake,DN2 6PL,53.530668,-1.097068,CRL,Yes,,http://library.doncaster.gov.uk/web/arena/intake-community-library,node,369407791,,183
Mexborough Library,Doncaster Metropolitan Borough Council,England,"John Street , Mexborough",Mexborough,S64 9HS,53.493354,-1.291551,LAL,Yes,,http://library.doncaster.gov.uk/web/arena/mexborough-library,way,1064424702,,6
Moorends Community Library,Doncaster Metropolitan Borough Council,England,"Surestart Building, Marshland Road, Moorends",Moorends,DN8 4SB,53.628263,-0.951046,CRL,Yes,,http://library.doncaster.gov.uk/web/arena/moorends-community-library,way,394931194,Q54807382,3
Rossington Community Library,Doncaster Metropolitan Borough Council,England,"Holmescarr Enterprise Centre, Grange Road, Rossington",Rossington,DN11 0LP,53.475939,-1.075072,CRL,Yes,,http://library.doncaster.gov.uk/web/arena/rossington-community-library,,,,
Scawthorpe Community Library,Doncaster Metropolitan Borough Council,England,"Amersall Road, Scawthorpe",Scawthorpe,DN5 9PQ,53.543902,-1.165168,CRL,Yes,,http://library.doncaster.gov.uk/web/arena/scawthorpe-community-library,,,,
Sprotbrough Community Library,Doncaster Metropolitan Borough Council,England,"Sprotbrough Road, Sprotbrough",Sprotbrough,DN5 8BA,53.526033,-1.156481,CRL,Yes,,http://library.doncaster.gov.uk/web/arena/sprotbrough-community-library,way,1090298998,Q54807304,1
Stainforth4ALL Community Library,Doncaster Metropolitan Borough Council,England,"Church Road , Stainforth",Stainforth,DN7 5PW,53.593434,-1.029846,CRL,Yes,,http://library.doncaster.gov.uk/web/arena/stainforth-community-library,,,,
Thorne Library,Doncaster Metropolitan Borough Council,England,"Vermuyden Centre, Fieldside, Thorne",Thorne,DN8 4BQ,53.613648,-0.966348,CRL,Yes,,http://library.doncaster.gov.uk/web/arena/thorne-library,node,4156434193,Q54807463,66
Tickhill Community Library,Doncaster Metropolitan Borough Council,England,"Castlegate, Tickhill",Tickhill,DN11 9QU,53.431283,-1.109501,CRL,Yes,,http://library.doncaster.gov.uk/web/arena/tickhill-community-library,,,,
Warmsworth Community Library,Doncaster Metropolitan Borough Council,England,"Edlington Lane , Warmsworth",Warmsworth,DN4 9LW,53.493976,-1.181958,CRL,Yes,,http://library.doncaster.gov.uk/web/arena/warmsworth-community-library,,,,
Wheatley Community Library,Doncaster Metropolitan Borough Council,England,"Parkway, Wheatley",Wheatley,DN2 4JS,53.537085,-1.108614,CRL,Yes,,http://library.doncaster.gov.uk/web/arena/wheatley-community-library,,,,
Woodlands Community Library & Hub,Doncaster Metropolitan Borough Council,England,"Windmil Balk Lane, Woodlands",Woodlands,DN6 7SB,53.565649,-1.193531,CRL,Yes,,http://library.doncaster.gov.uk/web/arena/woodlands-community-library-and-hub,,,,
Thurcroft Library,Rotherham Metropolitan Borough Council,England,"School Road, Thurcroft",Thurcroft,S66 9DE,53.393066,-1.252931,LAL,Yes,,,,,,
Broomhill,Sheffield City Council,England,"Taptonville Road, Sheffield",Sheffield,S10 5BR,53.3778195,-1.5028974,CRL,No,,https://www.broomhill-library.org.uk/,way,93519301,,2
Burngreave,Sheffield City Council,England,"Sorby House, 42 Spital Hill, Sheffield",Sheffield,S4 7LG,53.3912625,-1.4583587,CRL,No,,https://www.soarcommunity.org.uk/burngreavelibrary,node,5202005652,,5
Chapeltown,Sheffield City Council,England,"Nether Ley Avenue, Sheffield",Sheffield,S35 1AE,53.4618019,-1.4694009,LAL,Yes,,https://www.sheffield.gov.uk/libraries-archives/our-libraries,way,168020081,Q54807237,3
Crystal Peaks,Sheffield City Council,England,"1-3 Peak Square, Sheffield",Sheffield,S20 7PH,53.3413838,-1.3540798,LAL,Yes,,https://www.sheffield.gov.uk/libraries-archives/our-libraries,node,374294450,Q54807248,8
Darnall,Sheffield City Council,England,"Britannia Road, Sheffield",Sheffield,S9 5JG,53.3867102,-1.4104879,LAL,Yes,,https://www.sheffield.gov.uk/libraries-archives/our-libraries,way,106300883,Q54807251,3
Ecclesall,Sheffield City Council,England,"Weetwood Gardens, 120 Ecclesall Road, Sheffield",Sheffield,S11 9PL,53.3553928,-1.5127645,LAL,Yes,,https://www.sheffield.gov.uk/libraries-archives/our-libraries,way,78217193,Q54807293,9
Ecclesfield,Sheffield City Council,England,"High Street, Sheffield",Sheffield,S35 9UA,53.4396095,-1.4645637,CRL,No,,https://www.ecclesfieldlibrary.co.uk/,way,152129432,Q54807342,3
Firth Park,Sheffield City Council,England,"443 Firth Park Road, Sheffield",Sheffield,S5 6QQ,53.4179002,-1.4483052,LAL,Yes,,https://www.sheffield.gov.uk/libraries-archives/our-libraries,way,135461304,Q54807308,8
Frecheville,Sheffield City Council,England,"Smalldale Road, Sheffield",Sheffield,S12 4YD,53.3482837,-1.4010632,CRL,No,,https://frechevillelibraryonline.org/,way,141481324,Q54807316,3
Gleadless,Sheffield City Council,England,"White Lane, Sheffield",Sheffield,S12 3GH,53.3434003,-1.4228509,CRL,No,,https://gleadlesslibrary.co.uk/,node,918360446,,7
Greenhill,Sheffield City Council,England,"Hemper Lane, Sheffield",Sheffield,S8 7FE,53.3265065,-1.4888098,CRL,No,,https://greenhill-library.org/,,,,
Highfield,Sheffield City Council,England,"London Road, Sheffield",Sheffield,S2 4NF,53.3668236,-1.4748805,LAL,No,,https://www.sheffield.gov.uk/libraries-archives/our-libraries,way,69012785,Q26561274,4
Hillsborough,Sheffield City Council,England,"Middlewood Road, Sheffield",Sheffield,S6 4HD,53.406996,-1.5027695,LAL,Yes,,https://www.sheffield.gov.uk/libraries-archives/our-libraries,way,129961943,Q15224085,10
Jordanthorpe,Sheffield City Council,England,"15 Jordanthorpe Centre, Sheffield",Sheffield,S8 8DX,53.3223001,-1.464766,CRL,No,,,way,1054424973,Q54807345,1
Manor,Sheffield City Council,England,"Ridgeway Road, Sheffield",Sheffield,S12 2SS,53.3594884,-1.4296352,LAL,Yes,,https://www.sheffield.gov.uk/libraries-archives/our-libraries,way,46634105,Q54807372,6
Newfield Green,Sheffield City Council,England,"Gleadless Road, Sheffield",Sheffield,S2 2BT,53.3552429,-1.4483795,CRL,No,,https://htcommunityhub.org/newfield-green-library/,way,52916225,Q54807361,3
Park,Sheffield City Council,England,"Duke Street, Sheffield",Sheffield,S2 5QP,53.3782184,-1.4541314,CRL,No,,https://volunteerlibrariesinsheffield.org/park/,way,90752762,Q54807436,2
Parson Cross,Sheffield City Council,England,"320 Wordsworth Avenue, Sheffield",Sheffield,S5 8NL,53.4269382,-1.4849587,LAL,Yes,,https://www.sheffield.gov.uk/libraries-archives/our-libraries,way,132728725,Q54807437,3
Sheffield Central: Lending,Sheffield City Council,England,"Surrey Street, Sheffield",Sheffield,S1 1XZ,53.3800537,-1.466831,LAL,Yes,,https://www.sheffield.gov.uk/libraries-archives/our-libraries,relation,2344811,Q7492601,9
Southey,Sheffield City Council,England,"Moonshine Lane, Sheffield",Sheffield,S5 8RB,53.4179373,-1.4800418,CRL,No,,https://www.southeylibrary.com/,way,132680031,Q54807454,0
Stannington,Sheffield City Council,England,"Uppergate Road, Sheffield",Sheffield,S6 6BX,53.3935479,-1.5453921,CRL,No,,https://stanningtonlibrary.com/,way,101028421,Q54807455,1
Stocksbridge,Sheffield City Council,England,"Manchester Road, Sheffield",Sheffield,S36 1DH,53.4824223,-1.5943223,LAL,Yes,,https://www.sheffield.gov.uk/libraries-archives/our-libraries,node,13062430019,Q54807456,60
Tinsley,Sheffield City Council,England,"Tinsley Forum, 120-126 Bawtry Road, Sheffield",Sheffield,S9 1UE,53.4117295,-1.3969537,CRL,No,,https://volunteerlibrariesinsheffield.org/tinsley/,,,,
Totley,Sheffield City Council,England,"205 Baslow Road, Sheffield",Sheffield,S17 4DT,53.3149802,-1.5338091,CRL,No,,http://www.totleycric.org.uk/,way,108567524,Q54807467,9
Upperthorpe,Sheffield City Council,England,"Zest Centre, 18 Upperthorpe, Sheffield",Sheffield,S6 3NA,53.3901392,-1.4871167,CRL,No,,https://www.zestcommunity.co.uk/services/the-library/,way,115305438,Q26539765,8
Walkley,Sheffield City Council,England,"South Road, Sheffield",Sheffield,S6 3TD,53.3948723,-1.5030101,CRL,No,,https://www.walkleylibrary.org.uk/,way,116508966,Q15979597,5
Woodhouse,Sheffield City Council,England,"Tannery Street, Sheffield",Sheffield,S13 7JU,53.3577641,-1.372604,CRL,No,,https://www.mywoodhouse.co.uk/woodhouse_library.html,,,,
Woodseats,Sheffield City Council,England,"The Roddick Building, 900 Chesterfield Rd, Sheffield",Sheffield,S8 0SH,53.3398687,-1.4803211,LAL,Yes,,https://www.sheffield.gov.uk/libraries-archives/our-libraries,way,107058749,,11
Blakelaw Library,Newcastle City Council,England,"Blakelaw Community Centre, Binswood Avenue, Newcastle upon Tyne ",Newcastle upon Tyne,NE5 3PN,54.9942084,-1.6734113,CL,Yes,,http://www.newcastle.gov.uk/leisure-libraries-and-tourism/libraries,way,476247793,,19
City Library,Newcastle City Council,England,"33 New Bridge Street West, Newcastle upon Tyne",Newcastle upon Tyne,NE1 8AX,54.9748911,-1.6103574,LAL,Yes,,http://www.newcastle.gov.uk/leisure-libraries-and-tourism/libraries,way,145633684,Q7017386,4
Dinnington Library,Newcastle City Council,England,"Main Road , Newcastle upon Tyne ",Newcastle upon Tyne,NE13 7JW,55.051281,-1.673324,ICL,No,,,way,474763932,Q44094987,217
Fawdon Partnership Library,Newcastle City Council,England,"Fawdon Park Road, Newcastle upon Tyne",Newcastle upon Tyne,NE3 2PJ,55.013935,-1.647387,ICL,No,,https://fawdoncommunitylibrary.com/,way,445093432,,44
Fenham Library,Newcastle City Council,England,"Fenham Hall Drive , Newcastle upon Tyne ",Newcastle upon Tyne,NE4 9XD,54.9841634,-1.6608659,LAL,Yes,,http://www.newcastle.gov.uk/leisure-libraries-and-tourism/libraries,node,289996197,Q26409220,7
Gosforth Library,Newcastle City Council,England,"Regent Farm Road, Newcastle upon Tyne ",Newcastle upon Tyne,NE3 3HD,55.0105252,-1.6228982,LAL,Yes,,http://www.newcastle.gov.uk/leisure-libraries-and-tourism/libraries,way,445836498,,5
Great North Museum: Hancock Library,Newcastle City Council,England,"Barras Bridge, Newcastle upon Tyne",Newcastle upon Tyne,NE2 4PT,54.980501,-1.613134,ICL,No,,,way,62030619,,144
High Heaton Library,Newcastle City Council,England,"Newton Place, Newcastle upon Tyne",Newcastle upon Tyne,NE7 7HD,54.9956943,-1.5858204,LAL,Yes,,http://www.newcastle.gov.uk/leisure-libraries-and-tourism/libraries,way,107706843,Q44096555,2
Kenton Library,Newcastle City Council,England,"Kenton Centre, Hillsview Avenue , Newcastle upon Tyne",Newcastle upon Tyne,NE3 3QJ,55.0055843,-1.6536355,LAL,Yes,,http://www.newcastle.gov.uk/leisure-libraries-and-tourism/libraries,,,,
Newburn Library,Newcastle City Council,England,"High Street , Newcastle upon Tyne",Newcastle upon Tyne,NE15 8LN,54.9826818,-1.7418029,LAL,Yes,,http://www.newcastle.gov.uk/leisure-libraries-and-tourism/libraries,node,10007493746,,4
Outer West Library,Newcastle City Council,England,"Denton Way , Newcastle upon Tyne",Newcastle upon Tyne,NE5 2QZ,54.9927848,-1.6998209,LAL,Yes,,http://www.newcastle.gov.uk/leisure-libraries-and-tourism/libraries,,,,
The Lit & Phil,Newcastle City Council,England,"23 Westgate Road, Newcastle upon Tyne",Newcastle upon Tyne,NE1 1SE,54.969197,-1.613461,ICL,No,,,way,184492365,Q6647654,30
West End Library,Newcastle City Council,England,"Condercum Road , Newcastle upon Tyne",Newcastle upon Tyne,NE4 9JH,54.9714905,-1.6600965,LAL,Yes,,http://www.newcastle.gov.uk/leisure-libraries-and-tourism/libraries,way,400035691,,8
Battle Hill Library,North Tyneside Council,England,"Coastway Shopping Forum, Battle Hill",Tyne and Wear,NE28 9JE,55.0053115,-1.5183087,LAL,Yes,,https://www.northtyneside.gov.uk/libraries,node,501769617,Q54810684,1
Cullercoats Library,North Tyneside Council,England,"St. George's Road, Cullercoats",Cullercoats,NE30 3JY,55.0344012,-1.4365194,LAL,Yes,,https://www.northtyneside.gov.uk/libraries,way,453676995,Q54810710,2
Forest Hall Library,North Tyneside Council,England,"Whitfield Road, Forest Hall",Forest Hall,NE12 7LJ,55.0225122,-1.5658049,LAL,Yes,,https://www.northtyneside.gov.uk/libraries,way,384069847,Q54810721,1
Howdon Library,North Tyneside Council,England,"Churchill Street, Howdon",Howdon,NE28 7TG,54.9967957,-1.5029939,LAL,Yes,,https://www.northtyneside.gov.uk/libraries,way,229021824,,1
John Willie Sams Centre Library,North Tyneside Council,England,"John Willie Sams Centre, Market Street, Dudley",Dudley,NE23 7HS,55.0548631,-1.5948993,LAL,Yes,,https://www.northtyneside.gov.uk/libraries,node,743051147,,8
Killingworth (located in the White Swan Customer First Centre),North Tyneside Council,England,"White Swan Centre, Killingworth",Killingworth,NE12 6SS,55.0359353,-1.5651591,LAL,Yes,,https://www.northtyneside.gov.uk/libraries,,,,
Longbenton Library,North Tyneside Council,England,"Oxford Centre, West Farm Avenue, Longbenton",Longbenton,NE12 8LT,55.0114396,-1.5888637,LAL,Yes,,https://www.northtyneside.gov.uk/libraries,way,23633741,,13
Monkseaton Library,North Tyneside Council,England,"Woodleigh Road, Whitley Bay",Whitley Bay,NE25 8ET,55.0399755,-1.4670954,LAL,Yes,,https://www.northtyneside.gov.uk/libraries,node,4834747505,Q54810751,5
North Shields Library,North Tyneside Council,England,"Northumberland Square, North Shields",North Shields,NE30 1QU,55.0098489,-1.4458228,LAL,Yes,,https://www.northtyneside.gov.uk/libraries,way,344598696,,5
Shiremoor Library,North Tyneside Council,England,"Shiremoor Resource Centre, Earsdon Road, Shiremoor",Shiremoor,NE27 0HJ,55.0378072,-1.5069623,LAL,Yes,,https://www.northtyneside.gov.uk/libraries,way,348171107,Q54810774,1
Tynemouth Library,North Tyneside Council,England,"Front Street, Tynemouth",Tynemouth,NE30 4DZ,55.0178381,-1.4227386,LAL,Yes,,https://www.northtyneside.gov.uk/libraries,,,,
Wideopen Library,North Tyneside Council,England,"Canterbury Way , Wideopen",Wideopen,NE13 6JJ,55.0460496,-1.6294498,LAL,Yes,,https://www.northtyneside.gov.uk/libraries,way,386536557,Q54810792,1
Cleadon Park,South Tyneside Council,England,"10 Prince Edward Road, South Shields",South Shields,NE34 7QD,54.973178,-1.398698,LAL,Yes,,,,,,
Whitburn,South Tyneside Council,England,"Mill Lane, Whitburn",Whitburn,SR6 7EN,54.950997,-1.364648,CRL,No,,,way,764208368,Q54810933,22
City,Sunderland City Council,England,"Burdon Road, Sunderland",Sunderland,SR1 1PP,54.9041864,-1.3804642,LAL,Yes,,,,,,
Fulwell,Sunderland City Council,England,"Dene Lane, Sunderland",Sunderland,SR6 8EH,54.931113,-1.382596,ICL,No,,,way,952162278,,121
Houghton,Sunderland City Council,England,"74 Newbottle Street, Houghton-le-Spring",Houghton-le-Spring,DH4 4AF,54.844338,-1.471995,LAL,Yes,,,way,76280647,,80
Kayll Road,Sunderland City Council,England,"Kayll Road, Sunderland",Sunderland,SR4 7TW,54.901823,-1.410927,ICL,No,,,way,748710804,Q26503806,82
Washington Millennium,Sunderland City Council,England,"Washington Millennium Centre, The Oval, Washington",Washington,NE37 2QD,54.914436,-1.523211,ICL,No,,,node,4045758426,,35
Washington Town Centre,Sunderland City Council,England,"Independence Square, Washington",Washington,NE38 7RZ,54.8991823,-1.5313276,LAL,Yes,,,node,3975453426,,14
Bloomsbury Library,Birmingham City Council,England,"The POD Oliver Street, Nechells Parkway , Birmingham",Birmingham,B7 4NX,52.493239,-1.876649,LAL,Yes,,,,,,
Castle Vale Library,Birmingham City Council,England,"10 High Street, Birmingham",Birmingham,B35 7PR,52.52117,-1.784038,CRL,Yes,,,way,1154136208,,41
Aldermoor,Coventry City Council,England,"Acorn Street, Stoke Aldermoor",Stoke Aldermoor,CV3 1DP,52.398437,-1.475229,LAL,Yes,,https://www.coventry.gov.uk/libraries,,,,
Bell Green,Coventry City Council,England,"17-23 Riley Square, Bell Green",Bell Green,CV2 1LS,52.436635,-1.47304,LAL,Yes,,https://www.coventry.gov.uk/libraries,way,203529524,Q55173442,10
Caludon,Coventry City Council,England,"Caludon Castle School, Axholme Road, Coventry",Coventry,CV2 5BD,52.414683,-1.45363,LAL,Yes,,https://www.coventry.gov.uk/libraries,node,11195671064,,191
Canley,Coventry City Council,England,"Prior Deram Walk, Canley",Canley,CV4 8FT,52.394616,-1.559428,LAL,Yes,,https://www.coventry.gov.uk/libraries,way,64659430,,53
Cheylesmore,Coventry City Council,England,"Cheylesmore Community Centre, Poitiers Road, Cheylesmore",Cheylesmore,CV3 5JX,52.389011,-1.503603,CRL,No,,,,,,
Coundon,Coventry City Council,England,"Moseley Avenue, Coundon",Coundon,CV6 1HT,52.419998,-1.524865,LAL,Yes,,https://www.coventry.gov.uk/libraries,way,197906878,Q55173449,154
Coventry Central Library,Coventry City Council,England,"Smithford Way, Coventry",Coventry,CV1 1FY,52.40926,-1.513211,LAL,Yes,,https://www.coventry.gov.uk/libraries,way,25372841,Q47515106,60
Earlsdon Carnegie Community,Coventry City Council,England,"Earldon Avenue North, Earlsdon",Earlsdon,CV5 6FZ,52.400973,-1.530963,CRL,No,,https://earlsdonlibrary.org.uk/,way,153416600,Q55173450,95
Finham,Coventry City Council,England,"Finham Green Road, Finham",Finham,CV3 6EP,52.373048,-1.517363,CRL,No,,https://www.finhamlibrary.uk/,way,91112102,,91
Foleshill,Coventry City Council,England,"Broad Street, Foleshill",Foleshill,CV6 5BG,52.426805,-1.494944,LAL,Yes,,https://www.coventry.gov.uk/libraries,way,243446192,,83
Hillifields,Coventry City Council,England,"St. Peters' Community Centre, Charles Street, Hillfields",Hillfields,CV1 5NP,52.412816,-1.501037,LAL,Yes,,https://www.coventry.gov.uk/libraries,,,,
Jubilee Crescent,Coventry City Council,England,"Jubilee Crescent, Radford",Radford,CV6 3EX,52.431621,-1.51771,LAL,Yes,,https://www.coventry.gov.uk/libraries,way,445899185,,60
Stoke,Coventry City Council,England,"Kingsway, Stoke",Stoke,CV2 4EA,52.409638,-1.487327,LAL,Yes,,https://www.coventry.gov.uk/libraries,way,156265418,,4
Tile Hill,Coventry City Council,England,"Jardine Crescent, Tile Hill",West Midlands,CV4 9PL,52.40723,-1.579265,LAL,Yes,,https://www.coventry.gov.uk/libraries,way,108928534,Q55173462,96
Willenhall,Coventry City Council,England,"HAGARD Community Centre, Remembrance Road, Willenhall",Willenhall,CV3 3DP,52.388988,-1.463131,LAL,Yes,,https://www.coventry.gov.uk/libraries,node,14065937801,,45
Brierley Hill,Dudley Metropolitan Borough Council,England,"High Street, Brierley Hill",West Midlands,DY5 3ET,52.4821803,-2.1209868,CL,Yes,,https://www.better.org.uk/library/dudley/brierley-hill,node,12590119192,,3
Coseley,Dudley Metropolitan Borough Council,England,"Castle Street, Bilston",Bilston,WV14 9DW,52.5417596,-2.0875495,CL,Yes,,https://www.better.org.uk/library/dudley/coseley-library,way,260291318,Q55183564,11
Cradley,Dudley Metropolitan Borough Council,England,"Colley Lane, Halesowen",Halesowen,B63 2TL,52.4617412,-2.0857415,CL,Yes,,https://www.better.org.uk/library/dudley/cradley-library,way,73402532,Q55183566,12
Dudley,Dudley Metropolitan Borough Council,England,"St. James' Road, Dudley",Dudley,DY1 1HR,52.5117259,-2.0851764,CL,Yes,,https://www.better.org.uk/library/dudley/dudley,way,672429564,,6
Dudley Wood Library Link,Dudley Metropolitan Borough Council,England,"Dudley Wood Neighbourhood Learning Centre, Pavilion Gardens, Dudley",Dudley,DY2 0DB,52.4801184,-2.0837454,CL,Yes,,https://www.better.org.uk/library/dudley/dudley-wood-library-link,node,795589836,,21
Gornal,Dudley Metropolitan Borough Council,England,"Abbey Road, Dudley",Dudley,DY3 2PG,52.5177794,-2.1306801,CL,Yes,,https://www.better.org.uk/library/dudley/gornal-library,way,385553764,,4
Halesowen,Dudley Metropolitan Borough Council,England,"Queensway Mall, Halesowen",Halesowen,B63 4AZ,52.4486625,-2.0519036,CL,Yes,,https://www.better.org.uk/library/dudley/halesowen-library,node,390344177,Q55183572,4
Kingswinford,Dudley Metropolitan Borough Council,England,"Market Street, Kingswinford",Kingswinford,DY6 9LG,52.4956446,-2.1672168,CL,Yes,,https://www.better.org.uk/library/dudley/kingswinford-library,way,305893426,Q55183575,3
Long Lane,Dudley Metropolitan Borough Council,England,"Long Lane, Halesowen",Halesowen,B62 9JY,52.4670278,-2.0306409,CL,Yes,,https://www.better.org.uk/library/dudley/long-lane-library,way,324438168,Q55183576,4
Lye,Dudley Metropolitan Borough Council,England,"Chapel Street, Stourbridge",Stourbridge,DY9 8BT,52.4568983,-2.1138106,CL,Yes,,https://www.better.org.uk/library/dudley/lye-library,way,1351953573,,2
Quarry Bank Library Link,Dudley Metropolitan Borough Council,England,"Quarry Bank Community Centre & Library Link, Sheffield Street,  Quarry Bank",Quarry Bank,DY5 1EA,52.4724435,-2.1027508,CL,Yes,,https://www.better.org.uk/library/dudley/quarry-bank-library-link,way,305973601,,7
Sedgley,Dudley Metropolitan Borough Council,England,"Ladies Walk, Dudley",Dudley,DY3 3UA,52.5392695,-2.1224629,CL,Yes,,https://www.better.org.uk/library/dudley/sedgley,node,559537703,Q55183587,9
Stourbridge,Dudley Metropolitan Borough Council,England,"Crown Centre, Dudley",Dudley,DY8 1YE,52.45704,-2.1480122,CL,Yes,,https://www.better.org.uk/library/dudley/stourbridge-library,node,2830788132,Q55183589,15
Wordsley,Dudley Metropolitan Borough Council,England,"Wordsley Green, Dudley",Dudley,DY8 5PD,52.4801134,-2.1646102,CL,Yes,,https://www.better.org.uk/library/dudley/wordsley-library,,,,
Bleakhouse Library,Sandwell Metropolitan Borough Council,England,"Bleakhouse Road, Oldbury",Oldbury,B68 9DS,52.4747811,-1.9990961,LAL,Yes,,http://www.sandwell.gov.uk/info/200261/libraries_in_sandwell/808/bleakhouse_library,node,315886105,,12
Brandhall Library,Sandwell Metropolitan Borough Council,England,"Tame Road, Oldbury",Oldbury,B68 0JT,52.4685419,-2.005632,LAL,Yes,,http://www.sandwell.gov.uk/info/200261/libraries_in_sandwell/809/brandhall_library,way,250470448,,2
Glebefields Library,Sandwell Metropolitan Borough Council,England,"St. Marks Road, Tipton",Tipton,DY4 0SZ,52.5407173,-2.0575281,LAL,Yes,,http://www.sandwell.gov.uk/info/200261/libraries_in_sandwell/814/glebefields_library,way,314879102,,15
Great Barr Library,Sandwell Metropolitan Borough Council,England,"Birmingham Road, Great Barr",Great Barr,B43 6NW,52.5466731,-1.933091,LAL,Yes,,http://www.sandwell.gov.uk/info/200261/libraries_in_sandwell/815/great_barr_library,way,81041227,,6
Great Bridge Library,Sandwell Metropolitan Borough Council,England,"Sheepwash Lane, Tipton",Tipton,DY4 7JF,52.52753,-2.0315974,LAL,Yes,,http://www.sandwell.gov.uk/info/200261/libraries_in_sandwell/816/great_bridge_library,way,1303293570,,11
Hamstead Library,Sandwell Metropolitan Borough Council,England,"Hamstead Road, Birmingham",Birmingham,B43 5EL,52.535719,-1.9416439,LAL,Yes,,http://www.sandwell.gov.uk/info/200261/libraries_in_sandwell/817/hamstead_library,node,7632908557,,29
Hill Top Library,Sandwell Metropolitan Borough Council,England,"Hill Top, West Bromwich",West Bromwich,B70 0RZ,52.5397598,-2.0119529,LAL,Yes,,http://www.sandwell.gov.uk/info/200261/libraries_in_sandwell/818/hill_top_library,way,164335793,,1
Langley Library,Sandwell Metropolitan Borough Council,England,"Barrs Street, Oldbury",Oldbury,B68 8QT,52.4874207,-2.0097286,LAL,Yes,,http://www.sandwell.gov.uk/info/200261/libraries/819/langley_library,way,1411856122,Q55183987,5
Oakham Library,Sandwell Metropolitan Borough Council,England,"Poplar Rise, Oldbury",Oldbury,B69 1RD,52.5063546,-2.0441933,LAL,Yes,,http://www.sandwell.gov.uk/info/200261/libraries_in_sandwell/820/oakham_library,node,466096011,,5
Rounds Green Library,Sandwell Metropolitan Borough Council,England,"Martley Road, Oldbury",Oldbury,B69 1DZ,52.4928913,-2.0331038,LAL,Yes,,http://www.sandwell.gov.uk/info/200261/libraries_in_sandwell/823/rounds_green_library,node,360310222,,2
Smethwick Library,Sandwell Metropolitan Borough Council,England,"High Street, Smethwick",Smethwick,B66 1AA,52.4964349,-1.9726414,LAL,Yes,,http://www.sandwell.gov.uk/info/200261/libraries_in_sandwell/858/smethwick_library,way,227167447,Q38692793,3
Stone Cross Library,Sandwell Metropolitan Borough Council,England,"Beverley Road, West Bromwich",West Bromwich,B71 2LH,52.5445513,-1.9860758,LAL,Yes,,http://www.sandwell.gov.uk/info/200261/libraries_in_sandwell/825/stone_cross_library,,,,
Thimblemill Library,Sandwell Metropolitan Borough Council,England,"Thimblemill Road, Smethwick",Smethwick,B67 5RJ,52.4816113,-1.9765526,LAL,Yes,,http://www.sandwell.gov.uk/info/200261/libraries_in_sandwell/826/thimblemill_library,way,136487729,Q19203439,7
Balsall Common,Solihull Metropolitan Borough Council,England,"283 Kenilworth Road, Balsall Common",Balsall Common,CV7 7EL,52.3924558,-1.6503089,LAL,Yes,,https://www.solihull.gov.uk/Libraries/Balsall-Common-library,way,225371313,,2
Castle Bromwich,Solihull Metropolitan Borough Council,England,"Hurst Lane North, Castle Bromwich",Castle Bromwich,B36 0EY,52.5057561,-1.7624865,LAL,Yes,,https://www.solihull.gov.uk/Libraries/Castle-Bromwich-library,way,189539636,,12
Chelmsley Wood,Solihull Metropolitan Borough Council,England,"Chelmsley Wood Shopping Centre, Chelmsley Wood",Chelmsley Wood,B37 5TN,52.4796577,-1.7407918,LAL,Yes,,https://www.solihull.gov.uk/Libraries/Chelmsley-wood-library,way,37201383,,12
Dickens Heath,Solihull Metropolitan Borough Council,England,"Old Dickens Heath Road, Solihull ",Solihull,B90 1SD,52.3858116,-1.8373289,LAL,Yes,,,way,111555788,,2
Hampton-in-Arden,Solihull Metropolitan Borough Council,England,"Fentham Road, Hampton-in-Arden",Hampton-in-Arden,B92 0AY,52.4260467,-1.7011342,LAL,Yes,,https://www.solihull.gov.uk/Libraries/Hampton-in-arden-library,way,155779399,,2
Hobs Moat,Solihull Metropolitan Borough Council,England,"Ulleries Road, Solihull ",Solihull,B92 8EB,52.4441471,-1.7857702,LAL,Yes,,https://www.solihull.gov.uk/Libraries/Hobs-moat-library,way,89482032,,7
Kingshurst,Solihull Metropolitan Borough Council,England,"Marston Drive, Kingshurst",Kingshurst,B37 6BD,52.4938263,-1.7493099,LAL,Yes,,https://www.solihull.gov.uk/Libraries/Kingshurst-library,node,3720350577,,57
Knowle,Solihull Metropolitan Borough Council,England,"Chester House, 1667 High Street, Knowle",Knowle,B93 0LL,52.3894842,-1.7350445,LAL,Yes,,https://www.solihull.gov.uk/Libraries/Knowle-library,way,155169336,,9
Marston Green,Solihull Metropolitan Borough Council,England,"Land Lane, Marston Green",Marston Green,B37 7DQ,52.465916,-1.7468636,LAL,Yes,,https://www.solihull.gov.uk/Libraries/Marston-green-library,way,92410355,,10
Meriden,Solihull Metropolitan Borough Council,England,"The Green, Meriden",Meriden,CV7 7LN,52.4380863,-1.6492579,LAL,Yes,,https://www.solihull.gov.uk/Libraries/Meriden-library,way,197667720,,7
Olton,Solihull Metropolitan Borough Council,England,"Warwick Road, Olton",Olton,B92 7AR,52.43778,-1.8053213,LAL,Yes,,https://www.solihull.gov.uk/Libraries/Olton-library,way,62195942,,3
The Core Library,Solihull Metropolitan Borough Council,England,"Homer Road, Solihull",Solihull,B91 3RG,52.4118672,-1.7798593,LAL,Yes,,https://www.solihull.gov.uk/Libraries/The-Core-Library,way,298277723,,12
Aldridge Community Library,Walsall Metropolitan Borough Council,England,"Rookery Lane , Aldridge",Aldridge,WS9 8NP,52.6029935,-1.916312,LAL,Yes,,https://go.walsall.gov.uk/walsall-libraries/our-libraries/aldridge-district-library,way,88070141,Q55184263,3
Bloxwich Community Library,Walsall Metropolitan Borough Council,England,"Elmore Row, Bloxwich",Bloxwich,WS3 2HR,52.6161504,-2.0055147,LAL,Yes,,https://go.walsall.gov.uk/walsall-libraries/our-libraries/bloxwich-district-library,way,371739223,,9
Brownhills Community Library,Walsall Metropolitan Borough Council,England,"Park View Centre, Chester Road North, Brownhills",Brownhills,WS8 7JB,52.6491708,-1.9356545,LAL,Yes,,https://go.walsall.gov.uk/walsall-libraries/our-libraries/brownhills-district-library,node,1133095914,,16
Darlaston Community Library,Walsall Metropolitan Borough Council,England,"1 King Street, Darlaston",Darlaston,WS10 8DE,52.5671472,-2.0354505,LAL,Yes,,https://go.walsall.gov.uk/walsall-libraries/our-libraries/darlaston-district-library,way,57403409,,2
Lichfield Street Hub,Walsall Metropolitan Borough Council,England,"Lichfield Street, Walsall",Walsall,WS1 1TR,52.5861679,-1.9789847,LAL,Yes,,https://go.walsall.gov.uk/walsall-libraries/lichfield-street-hub,way,84529219,Q18394400,3
Streetly Community Library,Walsall Metropolitan Borough Council,England,"Blackwood Road, Streetly",Streetly,B74 3PL,52.5793284,-1.8909168,LAL,Yes,,https://go.walsall.gov.uk/walsall-libraries/our-libraries/streetly-community-library,way,190390414,,6
Willenhall Community Library,Walsall Metropolitan Borough Council,England,"Walsall Street , Willenhall",Willenhall,WV13 2EX,52.5829608,-2.0527099,LAL,Yes,,https://go.walsall.gov.uk/walsall-libraries/our-libraries/willenhall-district-library,way,259611047,,13
Bilston Library,City of Wolverhampton Council,England,"Mount Pleasant, Wolverhmapton",Wolverhmapton,WV14 7LU,52.5681468,-2.0714765,LAL,Yes,,https://www.wolverhampton.gov.uk/libraries,way,203601486,Q4913611,15
Blakenhall Library,City of Wolverhampton Council,England,"Bob Jones Community Hub, Bromley Street, Wolverhsmpton",Wolverhsmpton,WV2 3AS,52.572333,-2.1280532,LAL,Yes,,https://www.wolverhampton.gov.uk/libraries,,,,
Collingwood Library,City of Wolverhampton Council,England,"Broadway Gardens, Wolverhampton",Wolverhampton,WV10 8EA,52.6201911,-2.1143382,LAL,Yes,,https://www.wolverhampton.gov.uk/libraries,,,,
East Park Library,City of Wolverhampton Council,England,"Hurstbourne Crescent, Wolverhampton",Wolverhampton,WV1 2EE,52.5809869,-2.0933829,LAL,Yes,,https://www.wolverhampton.gov.uk/libraries,way,356206047,,4
Finchfield Library,City of Wolverhampton Council,England,"White Oak Drive, Wolverhampton",Wolverhampton,WV3 9AF,52.5793023,-2.1753274,LAL,Yes,,https://www.wolverhampton.gov.uk/libraries,,,,
Long Knowle Library,City of Wolverhampton Council,England,"Long Knowle Community Hub, Wood End Road, Wolverhampton",Wolverhampton,WV11 1YG,52.6120627,-2.084381,LAL,Yes,,https://www.wolverhampton.gov.uk/libraries,way,373187313,,9
Low Hill Library,City of Wolverhampton Council,England,"Showell Circus, Wolverhampton",Wolverhampton,WV10 9JJ,52.6114438,-2.1145515,LAL,Yes,,https://www.wolverhampton.gov.uk/libraries,way,321622919,,3
Pendeford Library,City of Wolverhampton Council,England,"Pendeford Community hub, Whitburn Close, Wolverhampton",Wolverhampton,WV9 5NJ,52.6226835,-2.1449974,LAL,Yes,,https://www.wolverhampton.gov.uk/libraries,,,,
Penn Library,City of Wolverhampton Council,England,"Coalway Road, Wolverhampton",Wolverhampton,WV3 7LT,52.5672963,-2.1455804,LAL,Yes,,https://www.wolverhampton.gov.uk/libraries,way,355236341,,3
Spring Vale Library,City of Wolverhampton Council,England,"Bevan Avenue, Wolverhampton",Wolverhampton,WV4 6SG,52.5617669,-2.1134924,LAL,Yes,,https://www.wolverhampton.gov.uk/libraries,,,,
Tettenhall Library,City of Wolverhampton Council,England,"St. Michael's Parish Centre, Upper Street, Wolverhampton",Wolverhampton,WV6 8QF,52.5902501,-2.1822454,LAL,Yes,,https://www.wolverhampton.gov.uk/libraries,,,,
Warstones Library,City of Wolverhampton Council,England,"Pinfold Grove, Wolverhampton",Wolverhampton,WV4 4PT,52.5686002,-2.1657387,LAL,Yes,,https://www.wolverhampton.gov.uk/libraries,way,813280365,,7
Wednesfield Library,City of Wolverhampton Council,England,"Wednesfield Community Hub, 2 Well Lane, Wolverhampton",Wolverhampton,WV11 1XT,52.5982634,-2.0841922,LAL,Yes,,https://www.wolverhampton.gov.uk/libraries,way,156821440,,3
Whitmore Reans Library,City of Wolverhampton Council,England,"Bargate Drive, Wolverhampton.",Wolverhampton.,WV6 0QW,52.5942792,-2.142083,LAL,Yes,,https://www.wolverhampton.gov.uk/libraries,way,297332075,,3
Wolverhampton Central Library,City of Wolverhampton Council,England,"Snow Hill, Wolverhampton",Wolverhampton,WV1 3AX,52.583187,-2.1250003,LAL,Yes,,https://www.wolverhampton.gov.uk/libraries,way,86881515,,10
Addingham Library,City of Bradford Metropolitan District Council,England,"Main Street , Ilkley",Ilkley,LS29 0NS,53.944738,-1.884665,CRL,No,,https://www.bradford.gov.uk/libraries/find-your-local-library/addingham-library/,,,,
Allerton Library,City of Bradford Metropolitan District Council,England,"Library @ Cafe West, Wanstead Crescent, Bradford ",Bradford,BD15 7PA,53.800961,-1.82035,CRL,No,,https://www.bradford.gov.uk/libraries/find-your-local-library/allerton-library/,node,10141644201,,70
Bingley Library,City of Bradford Metropolitan District Council,England,"5 Rise Shopping Centre, Bingley",Bingley,BD16 1GL,53.847206,-1.836707,LAL,Yes,,https://www.bradford.gov.uk/libraries/find-your-local-library/bingley-library/,node,718475905,Q53745621,50
Bolling Hall Library,City of Bradford Metropolitan District Council,England,"Bolling Hall, Bowling Hall Road, Bradford ",Bradford,BD4 7LP,53.779807,-1.739025,LAL,No,,https://www.bradford.gov.uk/libraries/find-your-local-library/bolling-hall-library/,node,1122562175,,87
Burley Library,City of Bradford Metropolitan District Council,England,"Grange Road, Ilkley",Ilkley,LS29 7HD,53.912685,-1.747758,CRL,No,,https://www.bradford.gov.uk/libraries/find-your-local-library/burley-library/,way,141040560,Q53746123,145
City Library,City of Bradford Metropolitan District Council,England,"Centenary Square, Bradford",Bradford,BD1 1SD,53.793062,-1.755094,LAL,Yes,,https://www.bradford.gov.uk/libraries/find-your-local-library/city-library/,way,1149961620,,15
Clayton Library,City of Bradford Metropolitan District Council,England,"Old School House, Clayton Lane, Bradford",Bradford,BD14 6AY,53.783299,-1.819757,LAL,Yes,,https://www.bradford.gov.uk/libraries/find-your-local-library/clayton-library/,way,72660875,Q53746250,10
Denholme Library,City of Bradford Metropolitan District Council,England,"Mechanics Institute, Bradford",Bradford,BD13 4BL,53.802403,-1.894244,CRL,No,,https://www.bradford.gov.uk/libraries/find-your-local-library/denholme-library/,node,1208023065,Q53746287,92
Eccleshill Library,City of Bradford Metropolitan District Council,England,"Bolton Road, Bradford",Bradford,BD2 4SR,53.817053,-1.730668,LAL,Yes,,https://www.bradford.gov.uk/libraries/find-your-local-library/eccleshill-library/,node,314451593,Q53746324,14
Great Horton Library,City of Bradford Metropolitan District Council,England,"69 Beldon Road, Bradford",Bradford,BD7 3PE,53.778102,-1.785576,CRL,No,,https://www.bradford.gov.uk/libraries/find-your-local-library/great-horton-library/,way,559797603,,53
Haworth Library,City of Bradford Metropolitan District Council,England,,,BD22 8EL,53.832061,-1.959213,CRL,No,,,,,,
Holme Wood Library,City of Bradford Metropolitan District Council,England,"Broadstone Way, Bradford",Bradford,BD4 9DY,53.777887,-1.710497,CRL,No,,https://www.bradford.gov.uk/libraries/find-your-local-library/holme-wood-library/,,,,
Idle Library,City of Bradford Metropolitan District Council,England,"Wright Watson Enterprise Centre, Thorpe Garth, Bradford",Bradford,BD10 9PY,53.834728,-1.728929,CRL,No,,https://www.bradford.gov.uk/libraries/find-your-local-library/idle-library/,node,423818290,,29
Ilkley Library,City of Bradford Metropolitan District Council,England,"Station Road, Ilkley",Ilkley,LS29 8HA,53.924139,-1.821805,LAL,Yes,,https://www.bradford.gov.uk/libraries/find-your-local-library/ilkley-library/,way,1388851385,Q100336518,70
Keighley Library,City of Bradford Metropolitan District Council,England,"North Street, Keighley",Keighley,BD21 3SX,53.8681977,-1.9099551,LAL,Yes,,https://www.bradford.gov.uk/libraries/find-your-local-library/keighley-library/,way,154045694,Q26427202,1
Laisterdyke Library,City of Bradford Metropolitan District Council,England,"Manse Street, Bradford",Bradford,BD3 8RP,53.793302,-1.720679,LAL,Yes,,https://www.bradford.gov.uk/libraries/find-your-local-library/laisterdyke-library/,,,,
Local Studies Library,City of Bradford Metropolitan District Council,England,"Margaret McMillan Tower, Princes Way, Bradford",Bradford,BD1 1NN,53.7904797,-1.7551278,LAL,Yes,,https://www.bradford.gov.uk/libraries/find-your-local-library/local-studies-library/,way,962761382,,10
Manningham Library,City of Bradford Metropolitan District Council,England,"Carlisle Road, Bradford ",Bradford,BD8 8BB,53.805697,-1.77186,LAL,Yes,,https://www.bradford.gov.uk/libraries/find-your-local-library/manningham-library/,node,6294485131,Q53746459,45
Menston Library,City of Bradford Metropolitan District Council,England,"Main Street , Ilkley",Ilkley,LS29 6LG,53.889538,-1.7392282,CRL,No,,https://www.bradford.gov.uk/libraries/find-your-local-library/menston-library/,way,60659998,Q53746470,17
Shipley Library,City of Bradford Metropolitan District Council,England,"2 Wellcroft, Shipley",Shipley,BD18 3QH,53.832841,-1.778812,LAL,Yes,,https://www.bradford.gov.uk/libraries/find-your-local-library/shipley-library/,node,529884864,Q53746529,31
Silsden Library,City of Bradford Metropolitan District Council,England,"Silsden Town Hall, Kirkgate, Keighley",Keighley,BD20 0AJ,53.912543,-1.937841,CRL,No,,https://www.bradford.gov.uk/libraries/find-your-local-library/silsden-library/,,,,
St. Augustine's Library,City of Bradford Metropolitan District Council,England,"St. Augustine's Centre, Otley Road, Bradford ",Bradford,BD3 0DN,53.802372,-1.741557,CRL,No,,https://www.bradford.gov.uk/libraries/find-your-local-library/st-augustines-library/,,,,
Thornbury Library,City of Bradford Metropolitan District Council,England,"The Thornbury Centre, Leeds Old Road, Bradford ",Bradford,BD3 8JX,53.799866,-1.715432,CRL,No,,https://www.bradford.gov.uk/libraries/find-your-local-library/thornbury-library/,,,,
Thornton Library,City of Bradford Metropolitan District Council,England,"Market Street, Bradford",Bradford,BD13 3HW,53.790841,-1.846122,CRL,No,,https://www.bradford.gov.uk/libraries/find-your-local-library/thornton-library/,way,1548992843,,60
Wibsey Library,City of Bradford Metropolitan District Council,England,"North Road , Bradford",Bradford,BD6 1TR,53.766168,-1.777141,LAL,Yes,,https://www.bradford.gov.uk/libraries/find-your-local-library/wibsey-library/,way,884934733,Q53746683,22
Wilsden Library,City of Bradford Metropolitan District Council,England,"Village Hall, Bradford",Bradford,BD15 0HT,53.821985,-1.861882,CRL,No,,https://www.bradford.gov.uk/libraries/find-your-local-library/wilsden-library/,,,,
Wyke Library,City of Bradford Metropolitan District Council,England,"Appleton Academy, Woodside Road, Bradford",Bradford,BD12 8AL,53.742492,-1.771384,LAL,Yes,,https://www.bradford.gov.uk/libraries/find-your-local-library/wyke-library/,,,,
Akroyd,Calderdale Metropolitan Borough Council,England,"Bankfield, Boothtown Road, Halifax",Halifax,HX3 6HG,53.733591,-1.864733,LAL,Yes,,http://www.calderdale.gov.uk/v2/residents/leisure-and-culture/libraries/your-local-library/akroyd-library,,,,
Beechwood Road,Calderdale Metropolitan Borough Council,England,"Beechwood Road, Halifax",Halifax,HX2 9BU,53.74757,-1.884113,LAL,Yes,,http://www.calderdale.gov.uk/v2/residents/leisure-and-culture/libraries/your-local-library/beechwood-road-library,,,,
Brighouse,Calderdale Metropolitan Borough Council,England,"Halifax Road, Brighouse",Brighouse,HD6 2AF,53.7039932,-1.7860456,LAL,Yes,,http://www.calderdale.gov.uk/v2/residents/leisure-and-culture/libraries/your-local-library/brighouse-library,way,479499007,Q26479236,2
Elland,Calderdale Metropolitan Borough Council,England,"Coronation Street, Elland",Elland,HX5 0DF,53.684878,-1.837711,LAL,Yes,,http://www.calderdale.gov.uk/v2/residents/leisure-and-culture/libraries/your-local-library/elland-library,way,456356784,Q45369401,44
Hebden Bridge,Calderdale Metropolitan Borough Council,England,"Cheetham Street, Hebden Bridge",Hebden Bridge,HX7 8EP,53.7412498,-2.0120627,LAL,Yes,,http://www.calderdale.gov.uk/v2/residents/leisure-and-culture/libraries/your-local-library/hebden-bridge-library,way,98854677,Q45369447,7
Northowram,Calderdale Metropolitan Borough Council,England,"Lydgate, Halifax",Halifax,HX3 7EJ,53.739902,-1.829979,LAL,Yes,,http://www.calderdale.gov.uk/v2/residents/leisure-and-culture/libraries/your-local-library/northowram-library,,,,
Rastrick,Calderdale Metropolitan Borough Council,England,"Crowtrees Lane, Brighouse",Brighouse,HD6 3NE,53.68961,-1.793582,LAL,Yes,,http://www.calderdale.gov.uk/v2/residents/leisure-and-culture/libraries/your-local-library/rastrick-library,way,421781058,Q26670677,120
Sowerby Bridge,Calderdale Metropolitan Borough Council,England,"Hollins Mill Lane, Sowerby Bridge",Sowerby Bridge,HX6 2QG,53.708943,-1.912702,LAL,Yes,,http://www.calderdale.gov.uk/v2/residents/leisure-and-culture/libraries/your-local-library/sowerby-bridge-library,way,1123240613,,48
Todmorden,Calderdale Metropolitan Borough Council,England,"Strand, Rochdale Road, Todmorden",Todmorden,OL14 7LB,53.7126991,-2.0988395,LAL,Yes,,http://www.calderdale.gov.uk/v2/residents/leisure-and-culture/libraries/your-local-library/todmorden-library,way,118085114,Q45369628,1
Almondbury Library,Kirklees Council,England,"Off Farfield Road, Almondbury, Huddersfield",Huddersfield,HD5 8TD,53.6342066,-1.7475066,LAL,Yes,,https://www.kirklees.gov.uk/Libraries,node,2090265567,,3
Batley Library,Kirklees Council,England,"14 Market Place, Batley",Batley,WF17 5DA,53.7138098,-1.6343155,LAL,Yes,,https://www.kirklees.gov.uk/Libraries,node,8050474759,Q26600148,10
Birstall Library,Kirklees Council,England,"Market Street, Birstall, Batley",Batley,WF17 9EN,53.7317011,-1.661081,CL,Yes,,https://www.kirklees.gov.uk/Libraries,way,191278832,Q45286893,6
Chestnut Centre Library,Kirklees Council,England,"The Chestnut Centre, 2a Chestnut Street, Sheepridge, Huddersfield",Huddersfield,HD2 1HJ,53.6681517,-1.7684427,CL,Yes,,https://www.kirklees.gov.uk/Libraries,,,,
Cleckheaton Library,Kirklees Council,England,"Whitcliffe Road, Cleckheaton",Cleckheaton,BD19 3DX,53.7260453,-1.7222343,LAL,Yes,,https://www.kirklees.gov.uk/Libraries,way,483677552,,2
Denby Dale Library,Kirklees Council,England,"364 Wakefield Road, Huddersfield",Huddersfield,HD8 8RX,53.5736534,-1.6541591,CL,Yes,,https://www.kirklees.gov.uk/Libraries,way,673949110,,4
Dewsbury Library,Kirklees Council,England,"Dewsbury Retail Park, Railway Street, Dewsbury",Dewsbury,WF12 8EQ,53.6899906,-1.6262848,LAL,Yes,,https://www.kirklees.gov.uk/Libraries,way,1421396859,,17
Golcar Library,Kirklees Council,England,"12 - 14 Town End, Huddersfield",Huddersfield,HD7 4QD,53.639463,-1.8558686,LAL,Yes,,https://www.kirklees.gov.uk/Libraries,way,661507314,,1
Heckmondwike Library,Kirklees Council,England,"Walkley Lane, Heckmondwike",Heckmondwike,WF16 0LY,53.7049332,-1.6727928,LAL,Yes,,https://www.kirklees.gov.uk/Libraries,node,265058367,,20
Holmfirth Library,Kirklees Council,England,"47 Huddersfield Road, Holmfirth",Holmfirth,HD9 3JH,53.5700189,-1.7881693,LAL,Yes,,https://www.kirklees.gov.uk/Libraries,way,474261266,,1
Honley Library,Kirklees Council,England,"West Avenue, Holmfirth",Holmfirth,HD9 6HF,53.602747,-1.7944135,LAL,Yes,,https://www.kirklees.gov.uk/Libraries,way,1348391699,,0
Kirkburton Library,Kirklees Council,England,"Turnshaws Road, Huddersfield",Huddersfield,HD8 0RT,53.6107585,-1.7016332,LAL,Yes,,https://www.kirklees.gov.uk/Libraries,way,156480978,,2
Kirkheaton Library,Kirklees Council,England,"Fields Rise, Huddersfield",Huddersfield,HD5 0LZ,53.6597461,-1.7291003,CL,Yes,,https://www.kirklees.gov.uk/Libraries,,,,
Lindley Library,Kirklees Council,England,"Lidget Street, Huddersfield",Huddersfield,HD3 3JP,53.6609197,-1.8235336,LAL,Yes,,https://www.kirklees.gov.uk/Libraries,way,1059296178,,1
Marsden Library,Kirklees Council,England,"Marsden Mechanics Hall, Peel Street, Huddersfield",Huddersfield,HD7 6BW,53.6009765,-1.9266422,CL,Yes,,https://www.kirklees.gov.uk/Libraries,node,1864320989,,8
Meltham Library,Kirklees Council,England,"Meltham Carlisle Institute, Huddersfield Road, Holmfirth",Holmfirth,HD9 4AE,53.5923281,-1.8486708,CL,Yes,,https://www.kirklees.gov.uk/Libraries,node,6316000168,,6
Mirfield Library,Kirklees Council,England,"Easthorpe Lodge, Huddersfield Road, Mirfield",Mirfield,WF14 8AN,53.6736723,-1.6933335,LAL,Yes,,https://www.kirklees.gov.uk/Libraries,way,37284950,,4
Rawthorpe & Dalton Library,Kirklees Council,England,"23 - 25 Ridgeway, Dlaton Grange,, Huddersfield",Huddersfield,HD5 9QJ,53.6514367,-1.7550579,LAL,Yes,,https://www.kirklees.gov.uk/Libraries,way,1418943461,,2
Shepley Library,Kirklees Council,England,"8 Marsh Lane, Huddersfield",Huddersfield,HD8 8AE,53.5840041,-1.7104157,LAL,Yes,,https://www.kirklees.gov.uk/Libraries,node,2140257937,Q45287683,6
Skelmanthorpe Library,Kirklees Council,England,"24, Commercial Road, Skelmanthorpe,, Huddersfield",Huddersfield,HD8 9DA,53.5914244,-1.6514763,CL,Yes,,https://www.kirklees.gov.uk/Libraries,way,631937607,,1
Slaithwaite Library,Kirklees Council,England,"Slaithwaite Town Hall, Cross Street, Huddersfield",Huddersfield,HD7 5AF,53.624291,-1.8775695,LAL,Yes,,https://www.kirklees.gov.uk/Libraries,way,494479055,,24
The Greenwood Centre,Kirklees Council,England,"Huddersfield Road, Ravensthorpe,, Dewsbury",Dewsbury,WF13 3JR,53.6784419,-1.66268,LAL,Yes,,https://www.kirklees.gov.uk/Libraries,node,413045640,Q45287516,3
Ardsley & Tingley Library,Leeds City Council,England,"213a Bradford Road, Tingley",Tingley,WF3 2DL,53.725495,-1.5508079,LAL,Yes,,http://leeds.gov.uk/libraries,,,,
Armley Library,Leeds City Council,England,"2 Stock's Hill, Armley",Armley,LS12 1UQ,53.7971427,-1.5882135,LAL,Yes,,http://leeds.gov.uk/libraries,way,516780596,Q26547522,17
Beeston Library,Leeds City Council,England,"Units 5 & 6 Beeston District Centre,Town Street, Beeston",Beeston,LS11 8PN,53.7724343,-1.5665447,LAL,Yes,,http://leeds.gov.uk/libraries,node,506820829,Q42891689,4
Boston Spa Library,Leeds City Council,England,"High Street, Boston Spa",Boston Spa,LS23 6BH,53.9052128,-1.3465738,LAL,Yes,,http://leeds.gov.uk/libraries,way,178780331,Q42892164,0
Bramley Library,Leeds City Council,England,"Hough lane, Bramley",Bramley,LS13 3ND,53.8104553,-1.6300893,LAL,Yes,,http://leeds.gov.uk/libraries,way,483466853,Q42892167,1
Calverley Library,Leeds City Council,England,"Thornhill Street, Calverley",Calverley,LS28 5PD,53.8292216,-1.6869601,LAL,Yes,,http://leeds.gov.uk/libraries,way,438772536,Q42892171,3
Chapel Allerton Library,Leeds City Council,England,"106 Harrogate Road, Chapel Allerton",Chapel Allerton,LS7 4LZ,53.8286315,-1.5374201,LAL,Yes,,http://leeds.gov.uk/libraries,node,6799166158,,6
Chapeltown Library,Leeds City Council,England,"The Reginald Centre, 263 Chapeltown Road, Leeds",Leeds,LS7 3EX,53.8175741,-1.53213,LAL,Yes,,http://leeds.gov.uk/libraries,node,12534572927,Q42892176,36
Compton Road Library,Leeds City Council,England,"The Compton Centre, Harehills Lane, Leeds",Leeds,LS9 7BG,53.8091972,-1.5097059,LAL,Yes,,http://leeds.gov.uk/libraries,node,13142468551,,29
Crossgates Library,Leeds City Council,England,"Farm Road, Crossgates, Leeds",Leeds,LS15 7LB,53.807587,-1.4531446,LAL,Yes,,http://leeds.gov.uk/libraries,way,902102948,,193
Dewsbury Road Library,Leeds City Council,England,"190 Dewsbury Road, Leeds",Leeds,LS11 6PF,53.7791686,-1.5456668,LAL,Yes,,http://leeds.gov.uk/libraries,node,5940856055,Q42891055,12
Drighlington,Leeds City Council,England,"Moorland Road, Bradford",Bradford,BD11 1JZ,53.753084,-1.662664,CRL,No,,,way,637206507,Q42892186,53
Farsley Library,Leeds City Council,England,"Old Road, Farsley",Farsley,LS28 5DH,53.8101577,-1.6732368,LAL,Yes,,http://leeds.gov.uk/libraries,way,415073761,Q42892191,5
Garforth Library,Leeds City Council,England,"Lidgett Lane , Garforth",Garforth,LS25 1EH,53.7919478,-1.3879829,LAL,Yes,,http://leeds.gov.uk/libraries,way,142269676,Q42892195,4
Gildersome Library,Leeds City Council,England,"Meeting Hall, Town Street, Gildersome",Gildersome,LS27 7AB,53.7580147,-1.6286841,LAL,Yes,,http://leeds.gov.uk/libraries,node,401769800,Q42892198,13
Halton Library,Leeds City Council,England,"273 Selby Road, Halton",Halton,LS15 7JR,53.7966384,-1.4689535,LAL,Yes,,http://leeds.gov.uk/libraries,way,681396803,Q42892209,4
Headingley Library,Leeds City Council,England,"North Lane, Leeds",Leeds,LS6 3HG,53.8209719,-1.5784109,LAL,Yes,,http://leeds.gov.uk/libraries,,,,
Holt Park Library,Leeds City Council,England,"Ralph Thoresby High School, Holtdale Approach, Leeds",Leeds,LS16 7RX,53.8550593,-1.6092804,LAL,Yes,,http://leeds.gov.uk/libraries,node,1628116332,Q42892217,12
Horsforth Library,Leeds City Council,England,"Town Street, Horsforth",Horsforth,LS18 5BL,53.8399773,-1.6378988,LAL,Yes,,http://leeds.gov.uk/libraries,way,385443407,Q42892220,1
Hunslet Library,Leeds City Council,England,"Waterloo Road, Hunslet",Hunslet,LS10 2NS,53.7795997,-1.5276242,LAL,Yes,,http://leeds.gov.uk/libraries,way,78500848,Q42892223,6
Kippax Library,Leeds City Council,England,"Westfield Lane, Kippax",Kippax,LS25 7LY,53.7674756,-1.3710282,LAL,Yes,,http://leeds.gov.uk/libraries,way,903648358,Q42892229,3
Leeds Central Library,Leeds City Council,England,"Municipal Buildings, Calverley Street, Leeds",Leeds,LS1 3AB,53.8002273,-1.5486791,LAL,Yes,,http://leeds.gov.uk/libraries,node,21468571,Q15242185,8
Middleton Library / St George's Centre,Leeds City Council,England,"St. George's Centre, St. George's Road, Middleton",Middleton,LS10 4UZ,53.7480182,-1.531977,LAL,Yes,,http://leeds.gov.uk/libraries,node,2295333373,Q42892231,36
Moor Allerton Library,Leeds City Council,England,"Moor Allerton Centre, Moor Allerton",Moor Allerton,LS17 5NY,53.8457106,-1.5497414,LAL,Yes,,http://leeds.gov.uk/libraries,way,1169660150,Q42892236,6
Morley Library,Leeds City Council,England,"Commercial Street, Morley",Morley,LS27 8HZ,53.7466377,-1.6013081,LAL,Yes,,http://leeds.gov.uk/libraries,node,1636343425,Q26428497,9
Oakwood Library,Leeds City Council,England,"1 Oakwood Lane, Oakwood",Oakwood,LS8 2PZ,53.8270947,-1.5036488,LAL,Yes,,http://leeds.gov.uk/libraries,node,1299655091,Q42892241,15
Otley Library,Leeds City Council,England,"Nelson Street, Otley",Otley,LS21 1EZ,53.9049649,-1.6914016,LAL,Yes,,http://leeds.gov.uk/libraries,way,42793239,Q42892245,1
Pudsey Library,Leeds City Council,England,"Church Lane, Pudsey",Pudsey,LS28 7TY,53.7956437,-1.6640433,LAL,Yes,,http://leeds.gov.uk/libraries,way,317012267,Q42892249,5
Rothwell Library,Leeds City Council,England,"Marsh Street, Rothwell",Rothwell,LS26 0AE,53.7472571,-1.4789471,LAL,Yes,,http://leeds.gov.uk/libraries,node,323935961,,2
Scholes Library,Leeds City Council,England,"3 Station Road, Scholes",Scholes,LS15 4BJ,53.8252287,-1.4294895,LAL,Yes,,http://leeds.gov.uk/libraries,way,146202886,Q42892257,1
Seacroft Library,Leeds City Council,England,"Seacroft Community Hub, Deacon House, Seacroft",Seacroft,LS14 6JD,53.82221,-1.460697,LAL,Yes,,http://leeds.gov.uk/libraries,node,5262528832,,165
Wetherby Library,Leeds City Council,England,"17 Westgate, Wetherby",Wetherby,LS22 6LL,53.9287072,-1.3875249,LAL,Yes,,http://leeds.gov.uk/libraries,way,262071387,Q42892266,2
Whinmoor Library,Leeds City Council,England,"Naburn Approach, Whinmoor",Whinmoor,LS14 2DF,53.8372031,-1.4551454,LAL,Yes,,http://leeds.gov.uk/libraries,way,80624799,Q42892270,3
Yeadon Library,Leeds City Council,England,"Town Hall Square, Yeadon",Yeadon,LS19 7PP,53.8660199,-1.6843128,LAL,Yes,,http://leeds.gov.uk/libraries,way,261520195,Q42892274,3
Ackworth,Wakefield Metropolitan District Council,England,"Bell Lane, Pontefract",Pontefract,WF7 7JH,53.6418256,-1.3426729,ICL,No,,,,,,
Havercroft,Wakefield Metropolitan District Council,England,"Havercroft community centre, Mulberry Place, Ryhill , Wakefield",Wakefield,WF4 2BD,53.6235365,-1.4134158,ICL,No,,,,,,
Birtley Library,Gateshead Metropolitan Borough Council,England,"Durham Road, Birtley",Birtley,DH3 1LE,54.896799,-1.577153,LAL,Yes,,http://www.gatesheadlibraries.com/,node,4019991206,Q54810687,15
Blaydon Library,Gateshead Metropolitan Borough Council,England,"Wesley Court, Blaydon",Blaydon,NE21 5BT,54.963884,-1.709471,LAL,Yes,,http://www.gatesheadlibraries.com/,node,1069692773,Q54810691,98
Chopwell Library,Gateshead Metropolitan Borough Council,England,"Derwent Street, Chopwell",Chopwell,NE17 7HS,54.918381,-1.817957,LAL,Yes,,http://www.gatesheadlibraries.com/,node,4488933127,Q54810701,49
Crawcrook Library,Gateshead Metropolitan Borough Council,England,"Main Street, Crawcrook",Crawcrook,NE40 4NB,54.966788,-1.789124,LAL,Yes,,http://www.gatesheadlibraries.com/,way,299340337,Q54810707,219
Dunston Library,Gateshead Metropolitan Borough Council,England,"Ellison Road, Dunston",Dunston,NE11 9SS,54.950617,-1.641025,CRL,No,,http://www.dunstonactivitycentre.co.uk/,,,,
Felling Library,Gateshead Metropolitan Borough Council,England,"Felling High Street Hub, 58 High Street, Felling",Felling,NE10 9LT,54.951414,-1.570741,CRL,No,,http://www.gatesheadlibraries.com/,node,4364353530,Q54810719,85
Gateshead Central Library,Gateshead Metropolitan Borough Council,England,"Prince Consort Road, Gateshed",Gateshed,NE8 4LN,54.9511925,-1.6013115,LAL,Yes,,http://www.gatesheadlibraries.com/,node,1837480690,,18
Leam Lane Library,Gateshead Metropolitan Borough Council,England,"129 Cotemede, Gateshead",Gateshead,NE10 8QH,54.939958,-1.546963,LAL,Yes,,http://www.gatesheadlibraries.com/,node,4361631924,,25
Low Fell,Gateshead Metropolitan Borough Council,England,"710 Durham Road, Gateshead",Gateshead,NE9 6HT,54.930415,-1.597603,CRL,No,,http://www.low-fell-library.org.uk/,way,439112022,Q54807363,2
Pelaw Library,Gateshead Metropolitan Borough Council,England,"Joicey Street, Gateshead",Gateshead,NE10 0QS,54.954178,-1.545057,LAL,Yes,,http://www.gatesheadlibraries.com/,way,513111499,Q54810758,42
Rowlands Gill Library,Gateshead Metropolitan Borough Council,England,"Norman Road, Rowlands Gill",Rowlands Gill,NE39 1JT,54.920317,-1.744965,CRL,No,,http://www.gatesheadlibraries.com/,way,449322749,,50
Whickham Library,Gateshead Metropolitan Borough Council,England,"St. Mary's Green, Newcastle-upon-Tyne",Newcastle-upon-Tyne,NE16 4DN,54.946197,-1.677513,CRL,No,,http://www.gatesheadlibraries.com/,node,877313382,,42
Winlaton,Gateshead Metropolitan Borough Council,England,"Church Street, Winlaton",Winlaton,NE21 6AW,54.953574,-1.727767,CRL,No,,http://www.winlatonlibrary.org.uk/,node,731447949,,59
Wrekenton Library,Gateshead Metropolitan Borough Council,England,"Wrekenton Hub, Gateshead",Gateshead,NE9 7JR,54.925368,-1.574841,LAL,Yes,,http://www.gatesheadlibraries.com/,,,,
Barbican Library,City of London Corporation,England,"Silk Street, London",London,EC2Y 8DS,51.5199608,-0.0941026,LAL,Yes,,,node,2018778545,Q55125385,6
Shoe Lane Library,City of London Corporation,England,"Little New Street, London",London,EC4A 3JR,51.5154413,-0.1065568,LAL,Yes,,,node,350370447,Q55125390,6
Barking Learning Centre Community Hub,London Borough of Barking and Dagenham,England,"2 Town Square, Barking",Barking,IG11 7NB,51.5363213,0.0798187,LAL,Yes,,,node,4173159466,Q4861037,47
Marks Gate Community Hub,London Borough of Barking and Dagenham,England,"Marks Gate Community Hub, Rose Lane, Marks Gate",Marks Gate,RM6 5NJ,51.5853118,0.1360142,LAL,Yes,,,way,93239649,Q55125292,5
Robert Jeyes Community Library,London Borough of Barking and Dagenham,England,"High Road, Chadwell Heath",Chadwell Heath,RM6 6AS,51.57263,0.143025,CRL,Yes,,,node,13765893171,,6
Thames Community Hub,London Borough of Barking and Dagenham,England,"Thames Community Hub, Bastable Avenue, Barking",Barking,IG11 0LG,51.527941,0.103861,LAL,Yes,,,node,1080790344,Q55125296,45
Valence Library,London Borough of Barking and Dagenham,England,"Becontree Avenue, Dagenham",Dagenham,RM8 3HT,51.558579,0.1338671,LAL,Yes,,,way,93239656,Q55125298,6
Burnt Oak,London Borough of Barnet,England,"Watling Avenue, Edgware",Edgware,HA8 0UB,51.6032649,-0.2632091,LAL,Yes,,https://www.barnet.gov.uk/citizen-home/libraries.html,,,,
Childs Hill,London Borough of Barnet,England,"320 Cricklewood Lane, London",London,NW2 2QE,51.5622412,-0.2007406,CRL,Yes,,https://www.barnet.gov.uk/citizen-home/libraries.html,way,1159276061,Q52955176,4
Chipping Barnet,London Borough of Barnet,England,"3 Stapylton Road, Barnet",Barnet,EN5 4QT,51.6561543,-0.2047443,LAL,Yes,,https://www.barnet.gov.uk/citizen-home/libraries.html,way,146908842,Q52954007,6
East Finchley,London Borough of Barnet,England,"226 High Road, London",London,N2 9BB,51.5939234,-0.167554,LAL,Yes,,https://www.barnet.gov.uk/citizen-home/libraries.html,way,87095829,Q27087017,1
Edgware,London Borough of Barnet,England,"Hale Lane, Edgware",Edgware,HA8 8NN,51.6162753,-0.2739982,LAL,Yes,,https://www.barnet.gov.uk/citizen-home/libraries.html,way,198992576,Q52954057,2
Friern Barnet Community Library,London Borough of Barnet,England,"Friern Barnet Road, London",London,N11 3DS,51.6135427,-0.1534231,ICL,No,,,way,187944977,Q52954084,1
Garden Suburb Community Library,London Borough of Barnet,England,"15 The Market Place, London",London,NW11 6LB,51.5863041,-0.1833196,ICL,No,,https://gardensuburblibrary.org.uk/,,,,
Golders Green,London Borough of Barnet,England,"156 Golders Green Road, London",London,NW11 8HE,51.5747583,-0.2017551,LAL,Yes,,https://www.barnet.gov.uk/citizen-home/libraries.html,way,75720860,Q52954142,2
Hendon,London Borough of Barnet,England,"The Burroughs, London",London,NW4 4BQ,51.5885939,-0.2289327,LAL,Yes,,https://www.barnet.gov.uk/citizen-home/libraries.html,node,765802909,Q27087003,4
Mill Hill,London Borough of Barnet,England,"Hartley Avenue, London",London,NW7 2HX,51.6153888,-0.2430634,CRL,Yes,,https://www.barnet.gov.uk/citizen-home/libraries.html,way,82489311,Q52954199,0
North Finchley,London Borough of Barnet,England,"Ravensdale Avenue, North Finchley",North Finchley,N12 9HP,51.618575,-0.1758911,LAL,Yes,,https://www.barnet.gov.uk/citizen-home/libraries.html,way,188084389,Q52954227,3
Osidge,London Borough of Barnet,England,"Brunswick Park Road, London",London,N11 1EY,51.6303191,-0.1490403,LAL,Yes,,https://www.barnet.gov.uk/citizen-home/libraries.html,way,146667432,Q52954252,2
South Friern,London Borough of Barnet,England,"Colney Hatch Lane, London",London,N10 1HD,51.6005157,-0.1479829,CRL,Yes,,,way,187715840,Q52954280,3
Bexley Community Library,London Borough of Bexley,England,"Bourne Road, Kent",Kent,DA5 1LU,51.443876,0.151442,CRL,No,,,way,232970648,Q55125696,131
Blackfen Community Library,London Borough of Bexley,England,"7-9 Blackfen Parade, Blackfen Road, Kent",Kent,DA15 9LU,51.450264,0.10423,CRL,No,,,,,,
Bostall Community Library,London Borough of Bexley,England,"King Harolds Way, Kent",Kent,DA7 5RE,51.476252,0.131162,CRL,No,,,,,,
Central Library,London Borough of Bexley,England,"Townley Road, Kent",Kent,DA6 7HJ,51.4559956,0.1437758,LAL,Yes,,,way,966050370,Q55125304,17
Erith Library,London Borough of Bexley,England,"100 High Street, Kent",Kent,DA8 1SL,51.479124,0.181384,LAL,Yes,,,,,,
North Heath Community Library,London Borough of Bexley,England,"Mill Road, Kent",Kent,DA8 1HW,51.473124,0.160606,CRL,No,,,way,643523223,Q55125308,54
Slade Green Community Library,London Borough of Bexley,England,"Chrome Road, Kent",Kent,DA8 2EL,51.473116,0.190587,CRL,No,,,,,,
Thamesmead Library,London Borough of Bexley,England,"Binsey Walk, London",London,SE2 9TR,51.500623,0.12227,LAL,Yes,,,,,,
Upper Belvedere Community Library,London Borough of Bexley,England,"Woolwich Road, Kent",Kent,DA17 5EQ,51.483835,0.145832,CRL,No,,,way,978209190,Q55125315,39
Welling Library,London Borough of Bexley,England,"Bellegrove Road, Kent ",Kent,DA16 3PA,51.462448,0.106779,LAL,Yes,,,way,991715082,Q55125318,40
Barham Community Library,London Borough of Brent,England,"660 Harrow Road, Wembley",Wembley,HA0 2HB,51.552133,-0.311225,ICL,No,,,node,12708375457,,16
Ealing Road,London Borough of Brent,England,"Coronet Parade, Ealing Road, Wembley",Wembley,HA0 4BA,51.549256,-0.297462,LAL,Yes,,,way,80154113,Q55125324,28
Harlesden,London Borough of Brent,England,"Craven Park Road, London",London,NW10 8SE,51.538097,-0.249942,LAL,Yes,,,way,86840428,Q55125326,75
Kilburn,London Borough of Brent,England,"42 Salusbury Road, London",London,NW6 6NN,51.53553,-0.205504,LAL,Yes,,,way,62111346,,46
Preston Community Library,London Borough of Brent,England,"Carlton Avenue East, Wembley",Wembley,HA9 8PL,51.570193,-0.295742,ICL,No,,https://brentlibraries.wordpress.com/,,,,
Beckenham Library,London Borough of Bromley,England,"Beckenham Road, Bromley",Bromley,BR3 4PE,51.4086299,-0.0369333,CL,Yes,,https://www.better.org.uk/library/london/bromley/beckenham-library,way,215120123,Q55125701,8
Biggin Hill Memorial Library & Pool,London Borough of Bromley,England,"Church Road, Bromley",Bromley,TN16 3LB,51.312236,0.0347294,CL,Yes,,https://www.better.org.uk/library/london/bromley/biggin-hill-library,way,145627679,Q55125334,4
Bromley Central Library,London Borough of Bromley,England,"High Street, Bromley",Bromley,BR1 1EX,51.403765,0.0144742,CL,Yes,,https://www.better.org.uk/library/london/bromley/bromley-central-library,node,354890228,Q26482037,21
Burnt Ash Library,London Borough of Bromley,England,"Burnt Ash Lane, Bromley",Bromley,BR1 5AF,51.4198174,0.0196967,CL,Yes,,https://www.better.org.uk/library/london/bromley/burnt-ash-library,way,1134952098,Q55125337,4
Chislehurst Library,London Borough of Bromley,England,"Red Hill, Bromley",Bromley,BR7 6DA,51.4200398,0.0647535,CL,Yes,,https://www.better.org.uk/library/london/bromley/chislehurst-library,way,26622519,Q55125339,9
Hayes Library,London Borough of Bromley,England,"Hayes Street, Bromley",Bromley,BR2 7LH,51.3773905,0.018088,CL,Yes,,https://www.better.org.uk/library/london/bromley/hayes-library,way,713921340,Q55125340,9
Mottingham Library,London Borough of Bromley,England,"31 Mottingham Road, Bromley",Bromley,SE9 4QZ,51.4374611,0.0436117,CL,Yes,,https://www.better.org.uk/library/london/bromley/mottingham-library,way,256991059,Q55125342,3
Orpington Library,London Borough of Bromley,England,"The Walnuts, Bromley",Bromley,BR6 0TW,51.376137,0.1011727,CL,Yes,,https://www.better.org.uk/library/london/bromley/orpington-library,way,144475029,Q55125343,3
Petts Wood Library,London Borough of Bromley,England,"Frankswood Avenue, Bromley",Bromley,BR5 1BP,51.3900118,0.0709333,CL,Yes,,https://www.better.org.uk/library/london/bromley/petts-wood-library,way,1204104029,Q55125348,3
Shortlands Library,London Borough of Bromley,England,"110 Shortlands Road, Bromley",Bromley,BR2 0JP,51.3997735,-0.0071795,CL,Yes,,https://www.better.org.uk/library/london/bromley/shortlands-library,node,249562682,Q55125351,9
Southborough Library,London Borough of Bromley,England,"Southborough Lane, Bromley",Bromley,BR2 8AP,51.3899104,0.0434036,CL,Yes,,https://www.better.org.uk/library/london/bromley/southborough-library,way,1104392336,Q55125355,3
St Pauls Cray Library,London Borough of Bromley,England,"Mickleham Road, Bromley",Bromley,BR5 2RW,51.4045433,0.1032653,CL,Yes,,https://www.better.org.uk/library/london/bromley/st-pauls-cray-library,node,430313769,Q55125357,3
West Wickham Library,London Borough of Bromley,England,"Glebe Way, Bromley",Bromley,BR4 0SH,51.3758593,-0.0138928,CL,Yes,,https://www.better.org.uk/library/london/bromley/west-wickham-library,way,544155349,Q55125358,5
Belsize Community Library,London Borough of Camden,England,"Antrim Road, London",London,NW3 3NR,51.543432,-0.172701,CRL,No,,,way,124266830,Q7658861,127
Camden Town Library,London Borough of Camden,England,"218 Eversholt Street, London",London,NW1 1BD,51.534248,-0.137769,LAL,Yes,,https://www.camden.gov.uk/ccm/navigation/leisure/libraries-and-online-learning-centres/camden-town-library/;jsessionid=3DA4417033978CC186FA166E4C8DE700?context=live,node,2345394803,Q55125703,11
Highgate Library,London Borough of Camden,England,"Chester Road, London",London,N19 5DH,51.563391,-0.145062,LAL,Yes,,https://www.camden.gov.uk/ccm/navigation/leisure/libraries-and-online-learning-centres/highgate-library/,way,77339745,Q27083524,81
Holborn Library,London Borough of Camden,England,"32 Theobolds Road, London",London,WC1X 8PA,51.521182,-0.1157026,LAL,Yes,,https://www.camden.gov.uk/ccm/navigation/leisure/libraries-and-online-learning-centres/holborn-library/,node,13799212,Q20870267,13
Keats Community Library,London Borough of Camden,England,"10A Keats Grove, London",London,NW3 2RR,51.555482,-0.168233,ICL,No,,http://www.keatscommunitylibrary.org.uk,way,65272909,Q27087696,5
Kentish Town Library,London Borough of Camden,England,"262-266 Kentish Town Road, London",London,NW5 2AA,51.550103,-0.140557,LAL,Yes,,https://www.camden.gov.uk/ccm/navigation/leisure/libraries-and-online-learning-centres/kentish-town-library/,way,188037928,Q55125367,15
Kilburn Library Centre,London Borough of Camden,England,"12-22 Kilburn High Road, London",London,NW6 5UH,51.536387,-0.191148,LAL,Yes,,https://www.camden.gov.uk/ccm/navigation/leisure/libraries-and-online-learning-centres/kilburn-library-centre/,way,34832022,Q6406615,1
Primrose Hill Community Library,London Borough of Camden,England,"Sharpleshall Street, London",London,NW1 8YN,51.541187,-0.156813,CRL,No,,http://www.phcl.org,way,1016910899,Q55125362,12
Queens Crescent Library,London Borough of Camden,England,"165 Queens Crescent, London",London,NW5 4HH,51.550487,-0.1511718,LAL,Yes,,https://www.camden.gov.uk/ccm/navigation/leisure/libraries-and-online-learning-centres/queens-crescent-library/,way,85719814,Q55125376,7
Swiss Cottage Library,London Borough of Camden,England,"88 Avenue Road, London",London,NW3 3HA,51.5422891,-0.1732084,LAL,Yes,,https://www.camden.gov.uk/ccm/navigation/leisure/libraries-and-online-learning-centres/swiss-cottage-library/,,,,
West Hampstead Library,London Borough of Camden,England,"Dennington Park Road, London",London,NW6 1AU,51.550314,-0.191634,LAL,Yes,,https://www.camden.gov.uk/ccm/navigation/leisure/libraries-and-online-learning-centres/west-hampstead-library/,way,496458344,Q55125378,2
Acton Town Hall Library,London Borough of Ealing,England,"Everyone Active Acton Centre, High Street, Acton",Acton,W3 6NE,51.506405,-0.267915,LAL,Yes,,,node,3207892870,Q55125708,29
Ealing Central Library,London Borough of Ealing,England,"103 Ealing Broadway Centre, The Broadway, London",London,W5 5JY,51.512522,-0.303164,LAL,Yes,,,node,293397147,Q55125417,53
Greenford Library,London Borough of Ealing,England,"Oldfield Lane South, Greenford",Greenford,UB6 9LG,51.529811,-0.3552361,LAL,Yes,,,node,2299893795,Q55125420,10
Hanwell Library,London Borough of Ealing,England,"Cherington Road, London",London,W7 3HL,51.510226,-0.335493,CRL,Yes,,,node,3213255777,Q55125423,54
Jubilee Gardens Library,London Borough of Ealing,England,"Jubilee Gardens Health Centre, Jubilee Gardens, Southall",Southall,UB1 2TJ,51.521097,-0.368739,LAL,Yes,,,way,222637514,Q55125425,41
Northfields Library,London Borough of Ealing,England,"Northfield Avenue, London",London,W5 4UA,51.498266,-0.313533,CRL,Yes,,,way,44047155,Q55125427,97
Northolt Leisure Centre Library,London Borough of Ealing,England,"Northolt Leisure Centre, Eastcote Lane North, Northolt",Northolt,UB5 4AB,51.549107,-0.369296,LAL,Yes,,,node,2252345321,Q55125429,121
Northolt Library,London Borough of Ealing,England,"Church Road, Northolt",Northolt,UB5 5AS,51.539262,-0.386454,LAL,Yes,,,way,223326425,Q55125431,85
Perivale Library,London Borough of Ealing,England,"Horsenden Lane South, Greenford",Greenford,UB6 7NT,51.539933,-0.323933,LAL,Yes,,,node,2285517615,Q55125433,72
Southall Library (Dominion Centre & Library),London Borough of Ealing,England,"112 The Green, Southall",Southall,UB2 4BQ,51.502484,-0.381796,LAL,Yes,,,node,2325471301,Q55125436,41
West Ealing Library,London Borough of Ealing,England,"Melbourne Avenue, London",London,W13 9BT,51.508706,-0.324835,CRL,Yes,,,node,250807406,Q55125440,74
Wood End Library,London Borough of Ealing,England,"Whitton Avenue West, Greenford",Greenford,UB6 0EE,51.552661,-0.348253,LAL,No,,,way,794699605,,103
Angel Raynham,London Borough of Enfield,England,"Raynham Primary School, Raynham Avenue, Edmonton",Edmonton,N18 2JQ,51.6130928,-0.0609708,LAL-,Yes,,https://libraries.enfield.gov.uk/client/en_GB/enfield,,,,
Bowes Road,London Borough of Enfield,England,"Bowes Road, New Southgate",New Southgate,N11 1BD,51.6154287,-0.1306233,LAL,Yes,,https://libraries.enfield.gov.uk/client/en_GB/enfield,way,79372537,,9
Bullsmoor,London Borough of Enfield,England,"Kempe Road, Enfield",Enfield,EN1 4QS,51.6764169,-0.049486,LAL,Yes,,https://libraries.enfield.gov.uk/client/en_GB/enfield,,,,
Edmonton Green,London Borough of Enfield,England,"36-44 South Mall, Edmonton",Edmonton,N9 0TN,51.6238987,-0.058054,LAL,Yes,,https://libraries.enfield.gov.uk/client/en_GB/enfield,node,1139414884,Q55125453,29
Enfield Highway,London Borough of Enfield,England,"First Floor, Enfield Business Centre, 201 Hertford Road, Enfield",Enfield,EN3 5JH,51.6589291,-0.047461,LAL,Yes,,https://libraries.enfield.gov.uk/client/en_GB/enfield,way,102028970,Q55125457,2
Enfield Island Village,London Borough of Enfield,England,"Unit 44-46 Island Centre Way, Enfield",Enfield,EN3 6GS,51.668246,-0.0164169,LAL,Yes,,https://libraries.enfield.gov.uk/client/en_GB/enfield,,,,
Enfield Town,London Borough of Enfield,England,"66 Church Street, Enfield",Enfield,EN2 6AX,51.6516897,-0.0862106,LAL,Yes,,https://libraries.enfield.gov.uk/client/en_GB/enfield,node,333300780,,6
Fore Street,London Borough of Enfield,England,"109-111 Fore Street, Edmonton",Edmonton,N18 2XF,51.6121662,-0.0653,LAL,Yes,,https://libraries.enfield.gov.uk/client/en_GB/enfield,node,2453732830,Q55125468,12
John Jackson,London Borough of Enfield,England,"Agricola Place, Enfield",Enfield,EN1 1DW,51.6454318,-0.0664988,LAL,Yes,,https://libraries.enfield.gov.uk/client/en_GB/enfield,node,326122794,,12
Millfield House,London Borough of Enfield,England,"Millfield Arts Centre, Silver Street, Edmonton",Edmonton,N18 1PJ,51.6163952,-0.0813273,LAL-,Yes,,https://libraries.enfield.gov.uk/client/en_GB/enfield,,,,
Oakwood,London Borough of Enfield,England,"185-187 Bramley Road, Oakwood",Oakwood,N14 4XA,51.6488388,-0.129147,LAL,Yes,,https://libraries.enfield.gov.uk/client/en_GB/enfield,node,1314263144,Q55125474,9
Ordnance Unity Centre,London Borough of Enfield,England,"645 Hertford Road, Enfield",Enfield,EN3 6ND,51.6720751,-0.0393174,LAL,Yes,,https://libraries.enfield.gov.uk/client/en_GB/enfield,node,3906585772,Q55125476,15
Palmers Green,London Borough of Enfield,England,"Broomfield Lane, Palmers Green",Palmers Green,N13 4EY,51.6155845,-0.1105985,LAL,Yes,,https://libraries.enfield.gov.uk/client/en_GB/enfield,way,166394444,Q55125478,6
Ridge Avenue,London Borough of Enfield,England,"Ridge Avenue, Winchmore Hill",Greater London,N21 2RH,51.63618,-0.081951,LAL,Yes,,https://libraries.enfield.gov.uk/client/en_GB/enfield,node,435554216,Q55125484,6
Southgate,London Borough of Enfield,England,"High Street, Southgate",Southgate,N14 6BP,51.6303912,-0.128317,LAL,Yes,,https://libraries.enfield.gov.uk/client/en_GB/enfield,node,330270870,,3
Winchmore Hill,London Borough of Enfield,England,"Green Lanes, Winchmore Hill",Greater London,N21 3AP,51.6284088,-0.0984183,LAL,Yes,,https://libraries.enfield.gov.uk/client/en_GB/enfield,way,339708924,Q55125490,10
Abbey Wood Library,Royal Borough of Greenwich,England,"Eynsham Drive, Abbey Wood",Abbey Wood,SE2 9PT,51.493754,0.110167,CL,Yes,,http://www.better.org.uk/venues/abbey-wood-library,node,2114877777,Q55125804,10
Blackheath Library,Royal Borough of Greenwich,England,"Old Dover Road, Blackheath",Blackheath,SE3 7BT,51.47667,0.021299,CL,Yes,,http://www.better.org.uk/areas/greenwich/venues/blackheath-library,way,352548343,Q55125493,36
Charlton Library,Royal Borough of Greenwich,England,"Charlton House, Charlton Road, Greenwich",Greenwich,SE7 8RE,51.480477,0.037155,CL,Yes,,http://www.better.org.uk/areas/greenwich/venues/charlton-house-library,way,162578780,Q55125494,5
Coldharbour Library,Royal Borough of Greenwich,England,"William Barefoot Drive, Eltham",Eltham,SE9 3AY,51.430431,0.057339,CL,Yes,,http://www.better.org.uk/areas/greenwich/venues/coldharbour-library,way,947167657,Q55125497,3
Eltham Centre Library,Royal Borough of Greenwich,England,"2 Archery Road, Eltham",Eltham,SE9 1HA,51.451538,0.057772,CL,Yes,,http://www.better.org.uk/areas/greenwich/venues/eltham-library,node,1708956913,Q27083458,40
New Eltham Library,Royal Borough of Greenwich,England,"Southwood Road, New Eltham",New Eltham,SE9 3QT,51.436508,0.069209,CL,Yes,,http://www.better.org.uk/areas/greenwich/venues/new-eltham-library,way,431242864,Q55125504,183
Plumstead Library,Royal Borough of Greenwich,England,"232 Plumstead High Street, Greenwich",Greenwich,SE18 1JL,51.486362,0.09666,CL,Yes,,,way,1087950135,Q27087693,31
Slade Centre Library,Royal Borough of Greenwich,England,"Erindale, Plumstead",Plumstead,SE18 2QQ,51.479033,0.085552,CL,Yes,,http://www.better.org.uk/areas/greenwich/venues/slade-centre-library,,,,
Thamesmere Library,Royal Borough of Greenwich,England,"Thamesmere Drive, Thamesmead",Thamesmead,SE28 8DT,51.508015,0.113247,CL,Yes,,http://www.better.org.uk/areas/greenwich/venues/thamesmere-library,,,,
West Greenwich Library,Royal Borough of Greenwich,England,"Greenwich High Road, West Greenwich",West Greenwich,SE10 8NN,51.478,-0.011301,CL,Yes,,http://www.better.org.uk/areas/greenwich/venues/west-greenwich-library,node,12890502870,Q27085795,16
Clapton Library,London Borough of Hackney,England,"Northwold Road , London",London,E5 8RA,51.562604,-0.06016,LAL,Yes,,http://www.hackney.gov.uk/clapton-library,way,384956801,Q26669954,23
Dalston CLR James Library,London Borough of Hackney,England,"Dalston Square, London ",London,E8 3BQ,51.545724,-0.073856,LAL,Yes,,http://www.hackney.gov.uk/dalston-library,way,51271820,Q55125713,36
Hackney Central Library,London Borough of Hackney,England,"Hackney Technology & Learning Centre, 1 Reading Lane, London ",London,E8 1GQ,51.544596,-0.056065,LAL,Yes,,,node,443939768,Q55125513,27
Homerton Library,London Borough of Hackney,England,"Homerton High Street, London ",London,E9 6AS,51.548896,-0.040577,LAL,Yes,,http://www.hackney.gov.uk/homerton-library,way,73580151,Q55125516,87
Shoreditch Library,London Borough of Hackney,England,"Shoreditch High Street, London",London,N1 6LP,51.530297,-0.079974,LAL,Yes,,http://www.hackney.gov.uk/shoreditch-library,node,252524762,Q55125518,16
Stamford Hill Library,London Borough of Hackney,England,"Portland Avenue, London ",London,N16 6SB,51.570367,-0.072439,LAL,Yes,,http://www.hackney.gov.uk/stamford-hill-library,way,42635571,Q55125521,16
Stoke Newington Library,London Borough of Hackney,England,"Church Street, London ",London,N16 0JS,51.5616189,-0.0827958,LAL,Yes,,http://www.hackney.gov.uk/stoke-newington-library,way,58711061,Q26669953,7
Woodberry Down Library,London Borough of Hackney,England,"Redmond Community Centre, London ",London,N4 2HF,51.570535,-0.091523,LAL,Yes,,http://www.hackney.gov.uk/woodberry-down-library,,,,
Askew Road,London Borough of Hammersmith & Fulham,England,"87-91 Askew Road, London",London,W12 9AS,51.50312,-0.242954,LAL,Yes,,https://www.lbhf.gov.uk/libraries,node,8777045357,,56
Avonmore Library & Neighbourhood Centre,London Borough of Hammersmith & Fulham,England,"North End Crescent, London",London,W14 8TG,51.492578,-0.207144,CRL,Yes,,https://www.lbhf.gov.uk/libraries,way,142410031,,4
Fulham,London Borough of Hammersmith & Fulham,England,"598 Fulham Road, London",London,SW6 5NX,51.4772689,-0.2026802,LAL,Yes,,https://www.lbhf.gov.uk/libraries,way,391021126,Q15978992,3
Hammersmith Library (including Local Studies & Archives),London Borough of Hammersmith & Fulham,England,"Shepherds Bush Road, London",London,W6 7AT,51.4945847,-0.2236663,LAL,Yes,,https://www.lbhf.gov.uk/libraries,way,61812032,Q18160113,4
Shepherds Bush,London Borough of Hammersmith & Fulham,England,"6 Wood Lane, London",London,W12 7BF,51.4945847,-0.2236663,LAL,Yes,,https://www.lbhf.gov.uk/libraries,,,,
Alexandra Park Library,London Borough of Haringey,England,"Alexandra Park Road, London",London,N22 7UJ,51.5988369,-0.1367914,LAL,Yes,,http://www.haringey.gov.uk/alexandra-park-library,way,509405001,Q55125717,1
Coombes Croft Library,London Borough of Haringey,England,"4 High Road, London",London,N17 8AG,51.6036546,-0.06829,LAL,Yes,,http://www.haringey.gov.uk/coombes-croft-library,node,1514581508,Q55125536,11
Highgate Library,London Borough of Haringey,England,"1 Shepherds Hill, London",London,N6 5QJ,51.5772217,-0.1437657,LAL,Yes,,http://www.haringey.gov.uk/highgate-library,way,190344390,,11
Hornsey Library,London Borough of Haringey,England,"Haringey Park, London",London,N8 9JA,51.5783698,-0.1215359,LAL,Yes,,http://www.haringey.gov.uk/hornsey-library,way,128803643,Q27082175,31
Marcus Garvey Library,London Borough of Haringey,England,"Tottenham Green Pools & Fitness, 1 Philip Lane, London",London,N15 4JA,51.5881831,-0.0740276,LAL,Yes,,http://www.haringey.gov.uk/marcus-garvey-library,node,1514530038,Q55125537,21
Muswell Hill Library,London Borough of Haringey,England,"Queens Avenue, London",London,N10 3PE,51.5911268,-0.1433723,LAL,Yes,,http://www.haringey.gov.uk/muswell-hill-library,way,1068579996,Q27082187,7
St Ann's Library,London Borough of Haringey,England,"Cissbury Road, London",London,N15 5PU,51.5809198,-0.0829658,LAL,Yes,,http://www.haringey.gov.uk/st-anns-library,way,81351260,,15
Stroud Green & Harringay Library,London Borough of Haringey,England,"Quernmore Road, London",London,N4 4QR,51.5775506,-0.1063869,LAL,Yes,,http://www.haringey.gov.uk/stroud-green-and-harringay-library,way,81353283,Q55125544,9
Wood Green Library,London Borough of Haringey,England,"187-197a High Road, London",London,N22 6XD,51.595525,-0.1096391,LAL,Yes,,http://www.haringey.gov.uk/wood-green-central-library,way,191447441,,14
Kenton,London Borough of Harrow,England,"141 Kenton Lane, Kenton",Kenton,HA3 8UJ,51.5926453,-0.3112442,LAL,Yes,,https://www.harrow.gov.uk/libraries/harrow-library-branches#kenton,way,508289850,Q26407189,4
Pinner,London Borough of Harrow,England,"78 Marsh Road, Pinner",Pinner,HA5 5NQ,51.5913996,-0.3804714,LAL,Yes,,https://www.harrow.gov.uk/libraries/harrow-library-branches#pinner,node,1290646407,Q55125585,13
Roxeth,London Borough of Harrow,England,"Northolt Road, South Harrow",South Harrow,HA2 8EQ,51.562615,-0.3565205,LAL,Yes,,https://www.harrow.gov.uk/libraries/harrow-library-branches#roxeth,node,31437646,Q55125587,13
Stanmore,London Borough of Harrow,England,"8 Stanmore Hill, Stanmore",Stanmore,HA7 3BQ,51.6183273,-0.3118311,LAL,Yes,,https://www.harrow.gov.uk/libraries/harrow-library-branches#stanmore,node,249565800,Q55125589,23
Wealdstone,London Borough of Harrow,England,"The Wealdstone Centre, Wealdstone",Wealdstone,HA3 7AE,51.594144,-0.3349385,LAL,Yes,,https://www.harrow.gov.uk/libraries/harrow-library-branches#wealdstone,node,60779761,Q55125590,9
Rainham Library,London Borough of Havering,England,"6 Celtic Farm Road, Rainham",Rainham,RM13 9GP,51.51701,0.191152,LAL,Yes,,https://www.havering.gov.uk/libraries,way,353945214,Q55125606,31
Charville Library,London Borough of Hillingdon,England,"Bury Avenue, Hayes",Hayes,UB4 8LF,51.536048,-0.428541,LAL,Yes,,,,,,
Eastcote Library,London Borough of Hillingdon,England,"Field End Road, Eastcote",Eastcote,HA5 1RL,51.580017,-0.400382,LAL,Yes,,,node,1319526001,Q55125617,46
Harefield Library,London Borough of Hillingdon,England,"Park Lane, Harefield",Harefield,UB9 6BJ,51.604554,-0.483577,LAL,Yes,,,,,,
Harlington Library,London Borough of Hillingdon,England,"Pinkwell Lane, Hayes",Hayes,UB3 1PB,51.4971116,-0.4365013,LAL,Yes,,,way,319422864,,72
Hayes End Library,London Borough of Hillingdon,England,"Uxbridge Road, Hayes",Hayes,UB4 8QJ,51.525501,-0.42122,LAL,Yes,,,,,,
Ickenham Library,London Borough of Hillingdon,England,"Long Lane, Ickenham",Ickenham,UB10 8RE,51.563298,-0.442995,LAL,Yes,,,way,166072518,Q55125628,41
Manor Farm Library,London Borough of Hillingdon,England,"Bury Street, Ruislip",Ruislip,HA4 7SU,51.578445,-0.429627,LAL,Yes,,,node,336335585,Q55125631,106
Northwood Hills Library,London Borough of Hillingdon,England,"Oaklands Gate, Northwood",Northwood,HA6 1QQ,51.602794,-0.408303,LAL,Yes,,,way,79405064,Q55125633,10
Northwood Library,London Borough of Hillingdon,England,"Potter Street, Northwood",Northwood,HA6 3AA,51.612426,-0.425139,LAL,Yes,,,,,,
Oak Farm Library,London Borough of Hillingdon,England,"Sutton Court Road, Hillingdon",Hillingdon,UB10 9PB,51.544536,-0.449476,LAL,Yes,,,,,,
Ruislip Manor Library,London Borough of Hillingdon,England,"Linden Avenue, Ruislip Manor",Ruislip Manor,HA4 8TW,51.572885,-0.410906,LAL,Yes,,,way,166164828,Q55125640,78
Uxbridge Library,London Borough of Hillingdon,England,"13-14 High Street, Uxbridge",Uxbridge,UB8 1HD,51.5451852,-0.4782767,LAL,Yes,,,,,,
West Drayton Library,London Borough of Hillingdon,England,"Station Road, West Drayton",West Drayton,UB7 7JS,51.505357,-0.469971,LAL,Yes,,,way,319491957,Q55125643,42
Yeading Library,London Borough of Hillingdon,England,"Yeading Lane, Hayes",Hayes,UB4 0EW,51.521239,-0.403321,LAL,Yes,,,way,1549211616,Q55125646,69
Yiewsley Library,London Borough of Hillingdon,England,"High Street, Yiewsley",Yiewsley,UB7 7BE,51.514786,-0.473727,LAL,Yes,,,,,,
Beavers Library,London Borough of Hounslow,England,"105 Salisbury Road, Hounslow",Hounslow,TW4 7NW,51.469452,-0.396678,LAL,Yes,,https://www.hounslow.gov.uk/directory_record/2976/beavers_library,,,,
Bedfont Library,London Borough of Hounslow,England,"Staines Road, Hounslow",Hounslow,TW14 8DB,51.452056,-0.434233,LAL,Yes,,https://www.hounslow.gov.uk/directory_record/2977/bedfont_library,way,694697115,Q55125649,30
Brentford Library,London Borough of Hounslow,England,"Boston Manor Road, Hounslow",Hounslow,TW8 8DW,51.486763,-0.308412,LAL,Yes,,https://www.hounslow.gov.uk/directory_record/2978/brentford_library,way,254134636,Q15461207,63
Chiswick Library,London Borough of Hounslow,England,"Duke's Avenue, Hounslow",Hounslow,W4 2AB,51.491691,-0.261111,LAL,Yes,,https://www.hounslow.gov.uk/directory_record/2979/chiswick_library,node,268521790,Q55083366,7
Cranford Library,London Borough of Hounslow,England,"Bath Road, Hounslow",Hounslow,TW5 9TL,51.478001,-0.405724,LAL,Yes,,https://www.hounslow.gov.uk/directory_record/2980/cranford_library,way,62278306,Q55125652,51
Feltham Library,London Borough of Hounslow,England,"The Centre Feltham, Hounslow",Hounslow,TW13 4GU,51.446367,-0.411086,LAL,Yes,,https://www.hounslow.gov.uk/directory_record/2981/feltham_library,node,7041666991,Q55125654,7
Hanworth Library,London Borough of Hounslow,England,"Uxbridge Road , Hounslow",Hounslow,TW13 5EG,51.441285,-0.390585,LAL,Yes,,https://www.hounslow.gov.uk/directory_record/2982/hanworth_library,way,360736519,,143
Heston Library,London Borough of Hounslow,England,"New Heston Road, Hounslow",Hounslow,TW5 0LW,51.485877,-0.375427,LAL,Yes,,https://www.hounslow.gov.uk/directory_record/2983/heston_library,way,1256947789,Q55125658,6
Hounslow Library,London Borough of Hounslow,England,"Treaty Centre, Hounslow",Hounslow,TW3 1ES,51.468133,-0.363049,LAL,Yes,,https://www.hounslow.gov.uk/directory_record/2984/hounslow_library,,,,
Isleworth Library,London Borough of Hounslow,England,"Twickenham Road, Hounslow",Hounslow,TW7 7EU,51.466649,-0.330507,LAL,Yes,,https://www.hounslow.gov.uk/directory_record/2985/isleworth_library,way,5230708,Q55125662,30
Osterley Library,London Borough of Hounslow,England,"St. Mary's Crescent, Hounslow",Hounslow,TW7 4NB,51.48236,-0.346452,LAL,Yes,,https://www.hounslow.gov.uk/directory_record/2986/osterley_library,way,5123537,Q55125663,37
Archway Library,London Borough of Islington,England,"Hamlyn House, Highgate Hill, London",London,N19 5PH,51.565681,-0.1356072,LAL,Yes,,https://www.islington.gov.uk/libraries,way,70595044,Q55125725,7
Islington Central Library,London Borough of Islington,England,"2 Fieldway Crescent, London",London,N5 1PF,51.5492361,-0.1071295,LAL,Yes,,https://www.islington.gov.uk/libraries,way,27815146,Q26580587,12
Lewis Carroll Children's Library,London Borough of Islington,England,"166 Copenhagen Street, London",London,N1 0ST,51.537101,-0.119339,LAL,Yes,,https://www.islington.gov.uk/libraries,node,434565670,Q55125670,27
Mildmay Library,London Borough of Islington,England,"21 Mildmay Park, London",London,N1 4NA,51.54811,-0.084457,LAL,Yes,,https://www.islington.gov.uk/libraries,way,58703879,Q55125674,60
N4 Library,London Borough of Islington,England,"26 Blackstock Road, London",London,N4 2DW,51.563629,-0.102997,LAL,Yes,,https://www.islington.gov.uk/libraries,way,1029163617,Q55125676,47
North Library,London Borough of Islington,England,"Manor Gardens, London",London,N7 6JX,51.560344,-0.121958,LAL,Yes,,https://www.islington.gov.uk/libraries,way,239266445,Q26490251,22
South Library,London Borough of Islington,England,"115 Essex Road, London",London,N1 2SL,51.538948,-0.098902,LAL,Yes,,https://www.islington.gov.uk/libraries,way,68422893,Q26585584,13
West Library,London Borough of Islington,England,"Bridgeman Road, London",London,N1 1BD,51.540743,-0.11655,LAL,Yes,,https://www.islington.gov.uk/libraries,way,1075717263,Q26570049,21
Brompton Library,Royal Borough of Kensington and Chelsea,England,"210 Old Brompton Road, London",London,SW5 0BS,51.4900796,-0.1884056,LAL,Yes,,,node,300425890,Q52955060,9
Chelsea Library,Royal Borough of Kensington and Chelsea,England,"Chelsea Old Town Hall, King's Road, London",London,SW3 5EZ,51.487471,-0.16818,LAL,Yes,,,node,1210268273,Q47528805,26
Kensal Library,Royal Borough of Kensington and Chelsea,England,"20 Golborne Road, London",London,W10 5PF,51.523753,-0.206986,LAL,Yes,,,node,7255009410,Q52955089,18
Kensington Central Library,Royal Borough of Kensington and Chelsea,England,"12 Phillimore Walk, London",London,W8 7RX,51.501412,-0.194435,LAL,Yes,,,way,75110977,Q15979028,3
North Kensington Library,Royal Borough of Kensington and Chelsea,England,"108 Ladbroke Grove, London",London,W11 1PZ,51.5166665,-0.2092008,LAL,Yes,,,way,772671774,Q27083340,3
Notting Hill Gate Library,Royal Borough of Kensington and Chelsea,England,"1 Pembridge Square, London",London,W2 4EW,51.511238,-0.197203,LAL,Yes,,,node,7126677078,Q52955115,20
Brixton,London Borough of Lambeth,England,"Brixton Oval, London",London,SW2 1JQ,51.4611038,-0.1147231,LAL,Yes,,https://www.lambeth.gov.uk/libraries,node,703286426,Q27086853,20
Durning,London Borough of Lambeth,England,"167 Kennington Lane, London",London,SE11 4HF,51.4887896,-0.1100816,LAL,Yes,,https://www.lambeth.gov.uk/libraries,way,1162589119,Q27085482,12
Streatham,London Borough of Lambeth,England,"63, Streatham High Road, London",London,SW16 1PN,51.4315778,-0.1291454,LAL,Yes,,https://www.lambeth.gov.uk/libraries,node,3018191671,Q7622734,4
Tate South Lambeth,London Borough of Lambeth,England,"180 South Lambeth Road, London",London,SW8 1QP,51.4792014,-0.1239577,LAL,Yes,,https://www.lambeth.gov.uk/libraries,way,1007093220,Q50735533,8
Upper Norwood,London Borough of Lambeth,England,"39 Westow Hill, London",London,SE19 1TQ,51.42004,-0.0813336,LAL,Yes,,https://www.uppernorwoodlibraryhub.org,way,32349222,Q7898831,10
Waterloo,London Borough of Lambeth,England,"Oasis Centre, 1 Kennington Road, London",London,SE1 7QP,51.4981805,-0.1119118,LAL,Yes,,https://www.lambeth.gov.uk/libraries,,,,
West Norwood,London Borough of Lambeth,England,"1-5 Norwood High Street, London",London,SE27 9NS,51.4332035,-0.1032977,LAL,Yes,,https://www.lambeth.gov.uk/libraries,node,6589760001,Q55125692,13
Blackheath Village Community Library,London Borough of Lewisham,England,"The Reminiscence Centre, 11 Blackheath Village, London",London,SE3 9LA,51.465613,0.009469,CRL,Yes,,http://www.lewisham.gov.uk/libraries,,,,
Crofton Park Community Library,London Borough of Lewisham,England,"Brockley Road, London",London,SE4 2AG,51.455827,-0.036044,CRL,Yes,,http://www.lewisham.gov.uk/libraries,node,616836517,Q55111298,51
Downham Library,London Borough of Lewisham,England,"7-9 Moorside Road, Bromley",Bromley,BR1 5EP,51.426849,0.009836,LAL,Yes,,http://www.lewisham.gov.uk/libraries,node,11532690655,Q55111299,188
Forest Hill Community Library,London Borough of Lewisham,England,"Dartmouth Road, London",London,SE23 3HZ,51.435309,-0.056736,CRL,Yes,,http://www.lewisham.gov.uk/libraries,node,1706341532,Q27082873,69
Grove Park Community Library,London Borough of Lewisham,England,"Somertrees Avenue, London",London,SE12 0BX,51.435782,0.022662,CRL,Yes,,http://www.lewisham.gov.uk/libraries,way,408016859,Q55111301,63
Lewisham Library,London Borough of Lewisham,England,"199-201 Lewisham High Street, London",London,SE13 6LG,51.4592745,-0.0116572,LAL,Yes,,http://www.lewisham.gov.uk/libraries,,,,
Manor House Community Library,London Borough of Lewisham,England,"34 Old Road, London",London,SE13 5SY,51.457318,0.004509,CRL,Yes,,http://www.lewisham.gov.uk/libraries,way,430361226,Q17553094,2
New Cross Community Library,London Borough of Lewisham,England,"283-285 New Cross Road, London",London,SE14 6AS,51.47563,-0.038177,CRL,Yes,,http://www.lewisham.gov.uk/libraries,node,1686474526,Q55111305,33
Pepys Community Library,London Borough of Lewisham,England,"Old Library, London",London,SE8 3BA,51.48993,-0.030749,CRL,No,,http://www.lewisham.gov.uk/libraries,node,1735689367,Q55111308,6
Sydenham Community Library,London Borough of Lewisham,England,"Sydenham Road, London",London,SE26 5SE,51.426431,-0.04149,CRL,Yes,,http://www.lewisham.gov.uk/libraries,node,848850621,,80
Torridon Road Community Library,London Borough of Lewisham,England,"Torridon Road, London",London,SE6 1RQ,51.443658,-0.001842,CRL,Yes,,http://www.lewisham.gov.uk/libraries,way,382781277,Q27082529,150
Mitcham Library,London Borough of Merton,England,"157 London Road, Mitcham",Mitcham,CR4 2YR,51.4086161,-0.1624418,LAL,Yes,,https://libraries.merton.gov.uk/client/en_GB/merton/?rm=MITCHAM+LIBRARY0%7C%7C%7C1%7C%7C%7C0%7C%7C%7Ctrue,way,1226199044,,1
Morden Library,London Borough of Merton,England,"Merton Civic Centre, London Road, Morden",Morden,SM4 5DX,51.4015286,-0.1960175,LAL,Yes,,https://libraries.merton.gov.uk/client/en_GB/merton/?rm=MORDEN+LIBRARY0%7C%7C%7C1%7C%7C%7C0%7C%7C%7Ctrue,node,2337237311,Q55125763,4
Pollards Hill Library,London Borough of Merton,England,"South Lodge Avenue, Mitcham",Mitcham,CR4 1LT,51.400097,-0.1318546,LAL,Yes,,https://libraries.merton.gov.uk/client/en_GB/merton/?rm=POLLARDS+HILL+0%7C%7C%7C1%7C%7C%7C0%7C%7C%7Ctrue,way,143324189,Q55125766,5
Raynes Park Library,London Borough of Merton,England,"Approach Road, Raynes Park",Surrey,SW20 8BA,51.4091004,-0.2277887,LAL,Yes,,https://libraries.merton.gov.uk/client/en_GB/merton/?rm=RAYNES+PARK+LI0%7C%7C%7C1%7C%7C%7C0%7C%7C%7Ctrue,way,427033467,Q55125768,8
West Barnes Library,London Borough of Merton,England,"Station Road, New Malden",New Malden,KT3 6JF,51.3950716,-0.2391523,LAL,Yes,,https://libraries.merton.gov.uk/client/en_GB/merton/?rm=WEST+BARNES+LI0%7C%7C%7C1%7C%7C%7C0%7C%7C%7Ctrue,node,9601834897,,2
Wimbledon Library,London Borough of Merton,England,"35 Wimbledon Hill Road, Wimbledon",Wimbledon,SW19 7NB,51.4224034,-0.2079156,LAL,Yes,,https://libraries.merton.gov.uk/client/en_GB/merton/?rm=WIMBLEDON+LIBR0%7C%7C%7C1%7C%7C%7C0%7C%7C%7Ctrue,way,481262546,Q55125771,30
Beckton Library,London Borough of Newham,England,"1 Kingsford Way, Beckton",Beckton,E6 5JQ,51.515034,0.0553991,LAL,Yes,,https://www.newham.gov.uk/Pages/ServiceChild/Beckton-Library.aspx,node,8333293412,Q55125729,19
Custom House Library,London Borough of Newham,England,"Prince Regent Lane, Custom House",Custom House,E16 3JJ,51.5151823,0.0314082,LAL,Yes,,https://www.newham.gov.uk/Pages/ServiceChild/Custom-House-Library.aspx,way,868617836,Q55125773,3
Green Street Library,London Borough of Newham,England,"337-341 Green Street, Upton Park",London,E13 9AR,51.5363917,0.0353082,LAL,Yes,,https://www.newham.gov.uk/Pages/ServiceChild/Green-Street-Library.aspx,way,597114986,Q55125777,0
North Woolwich Library,London Borough of Newham,England,"5 Pier Parade, North Woolwich",North Woolwich,E16 2LJ,51.5010664,0.0626662,LAL,Yes,,https://www.newham.gov.uk/Pages/ServiceChild/North-Woolwich-Library.aspx,node,8489972074,Q55125782,7
Plaistow Library,London Borough of Newham,England,"North Street, Plaistow",Plaistow,E13 9HL,51.5296978,0.0256385,LAL,Yes,,https://www.newham.gov.uk/Pages/ServiceChild/Plaistow-Library.aspx,way,118650972,Q26660438,2
Stratford Library,London Borough of Newham,England,"3 The Grove, Stratford",Stratford,E15 1EL,51.5427705,0.004356,LAL,Yes,,https://www.newham.gov.uk/Pages/ServiceChild/Stratford-Library.aspx,node,2481551409,Q55120991,12
The Gate Library,London Borough of Newham,England,"2-6 Woodgrange Road, Forest Gate",Forest Gate,E7 0QH,51.546917,0.025754,LAL,Yes,,https://www.newham.gov.uk/Pages/ServiceChild/The-gate-library.aspx,node,1579157122,Q55125775,0
Aldersbrook Library,London Borough of Redbridge,England,"2a Park Road , London",London,E12 5HQ,51.564021,0.032951,CL,Yes,,,way,1038103852,Q55125731,72
Fullwell Cross Library,London Borough of Redbridge,England,"140 High Street, Ilford",Ilford,IG6 2EA,51.592681,0.08476,CL,Yes,,,way,29584573,Q27087112,61
Gants Hill Library,London Borough of Redbridge,England,"490 Cranbrook Road, Ilford",Ilford,IG2 6LA,51.5776355,0.0700711,CL,Yes,,,way,1135490944,Q55183879,13
Goodmayes Library,London Borough of Redbridge,England,"76 Goodmayes Lane, Ilford",Ilford,IG3 9QB,51.559405,0.108963,CL,Yes,,,way,772429603,Q55183881,3
Hainault Library,London Borough of Redbridge,England,"100 Manford Way, Chigwell",Chigwell,IG7 4DD,51.608044,0.104125,CL,Yes,,,way,408862465,Q55183883,14
Keith Axon Library,London Borough of Redbridge,England,"160-170 Grove Road, Chadwell Heath",Chadwell Heath,RM6 4XB,51.575184,0.121614,CL,Yes,,,,,,
Redbridge Central Library,London Borough of Redbridge,England,"Clements Road, Ilford",Ilford,IG1 1EA,51.5580644,0.0753281,CL,Yes,,,node,2326355315,Q55183887,2
South Woodford Library & Gym,London Borough of Redbridge,England,"116 High Road, London",London,E18 2QS,51.597471,0.022226,CL,Yes,,,way,116768480,Q55183897,21
Wanstead Library,London Borough of Redbridge,England,"Spratt Hall Road, London",London,E11 2RQ,51.576409,0.023805,CL,Yes,,,way,1299953062,Q55183904,121
Woodford Green Library,London Borough of Redbridge,England,"Snakes Lane West, Woodford Green",Woodford Green,IG8 0DX,51.607592,0.032326,CL,Yes,,,way,75125377,Q55183906,7
Castelnau,London Borough of Richmond upon Thames,England,"75 Castelnau, Barnes",Barnes,SW13 9RT,51.479475,-0.237886,LAL,Yes,,https://richmond.spydus.co.uk/,way,633322861,Q55125735,91
East Sheen,London Borough of Richmond upon Thames,England,"Sheen Lane Centre, Sheen Lane, East Sheen",East Sheen,SW14 8LP,51.465848,-0.267239,LAL,Yes,,https://richmond.spydus.co.uk/,way,454554286,Q55125784,46
Ham,London Borough of Richmond upon Thames,England,"Ham Street, Ham",Ham,TW10 7HR,51.436458,-0.312033,LAL,Yes,,https://richmond.spydus.co.uk/,way,298830747,Q55125785,178
Hampton,London Borough of Richmond upon Thames,England,"Rosehill, Hampton",Hampton,TW12 2AB,51.41431,-0.370566,LAL,Yes,,https://richmond.spydus.co.uk/,way,92267202,Q55125787,48
Hampton Wick,London Borough of Richmond upon Thames,England,"Bennet Close, Hampton Wick",Hampton Wick,KT1 4AT,51.41414,-0.313352,LAL,Yes,,https://richmond.spydus.co.uk/,way,963584394,Q55125791,37
Kew,London Borough of Richmond upon Thames,England,"106 North Road, Kew",Kew,TW9 4HJ,51.476553,-0.284633,LAL,Yes,,https://richmond.spydus.co.uk/,way,1059420285,Q55125794,3
Local Studies Library,London Borough of Richmond upon Thames,England,"Old Town Hall, Whittaker Avenue, Richmond",Richmond,TW9 1TP,51.4588322,-0.3065148,LAL,Yes,,https://richmond.spydus.co.uk/,node,2319413647,,10
Richmond Information & Reference Library,London Borough of Richmond upon Thames,England,"Old Town Hall, Whittaker Avenue, Richmond",Richmond,TW9 1TP,51.4588322,-0.3065148,LAL,Yes,,https://richmond.spydus.co.uk/,,,,
Richmond Lending Library,London Borough of Richmond upon Thames,England,"Little Green, Richmond",Richmond,TW9 1QL,51.4622985,-0.3036946,LAL,Yes,,https://richmond.spydus.co.uk/,way,645074084,Q26388362,8
Teddington,London Borough of Richmond upon Thames,England,"Waldegrave Road, Teddington",Teddington,TW11 8NY,51.429477,-0.335775,LAL,Yes,,https://richmond.spydus.co.uk/,way,469029192,Q27087427,217
Twickenham,London Borough of Richmond upon Thames,England,"Garfield Road, Twickenham",Twickenham,TW1 3JS,51.447559,-0.327404,LAL,Yes,,https://richmond.spydus.co.uk/,way,285484771,Q27087525,32
Whitton,London Borough of Richmond upon Thames,England,"141 Nelson Road, Whitton",Whitton,TW2 7BB,51.45279,-0.360295,LAL,Yes,,https://richmond.spydus.co.uk/,way,413922537,Q55125801,83
Kingswood Order and Collect Library,London Borough of Southwark,England,"Kingswood House, 31 Seeley Drive, Southwark",Southwark,SE21 8QR,51.4304418,-0.0817035,LAL,Yes,,https://www.southwark.gov.uk/libraries/find-a-library?chapter=10,,,,
Cheam Library,London Borough of Sutton,England,"Church Road, Cheam",Cheam,SM3 8QH,51.360528,-0.216901,LAL,Yes,,https://llc.ent.sirsidynix.net.uk/client/en_GB/sutton/?,node,36969174,Q55125744,47
Library @ the Phoenix Centre,London Borough of Sutton,England,"Mollison Drive, Wallington",Wallington,SM6 9NZ,51.353218,-0.133284,LAL,Yes,,,node,248042425,Q55184162,18
Sutton Central Library,London Borough of Sutton,England,"St Nicholas Way, Sutton",Sutton,SM1 1EA,51.3616288,-0.1948992,LAL,Yes,,,way,25498026,Q55184164,50
Wallington Library,London Borough of Sutton,England,"Shotfield, Wallington",Wallington,SM6 0HY,51.357264,-0.150861,LAL,Yes,,,way,23269123,Q55184167,68
Worcester Park Library,London Borough of Sutton,England,"Stone Place, Windsor Road, Worcester",Worcester,KT4 8ES,51.377818,-0.241208,LAL,Yes,,,way,901272224,Q55184168,36
Local History Library,London Borough of Tower Hamlets,England,"277 Bancroft Road, London",London,E1 4DQ,51.52382,-0.0423472,LAL,Yes,,http://www.ideastore.co.uk/,way,612390091,Q22313136,4
Chingford Library,London Borough of Waltham Forest,England,"The Green, Chingford",Chingford,E4 7EN,51.631651,0.0028662,LAL,Yes,,https://www.walthamforest.gov.uk/libraries/local-libraries/chingford-library,way,928846348,Q55125891,3
Hale End Library,London Borough of Waltham Forest,England,"Castle Avenue, Highams Park",London,E4 9QD,51.6092076,0.0011703,LAL,Yes,,https://www.walthamforest.gov.uk/libraries/local-libraries/hale-end-library,way,79015959,,4
Harrow Green Community Library,London Borough of Waltham Forest,England,"The Junction, 2-4 Cathall Road, Leytonstone",Leytonstone,E11 4LF,51.558112,0.0064586,ICL,No,,,node,279547975,,5
Higham Hill Library,London Borough of Waltham Forest,England,"North Countess Road, Walthamstow",Walthamstow,E17 5HS,51.5957814,-0.0274737,LAL,Yes,,https://www.walthamforest.gov.uk/libraries/local-libraries/higham-hill-library,way,216573139,Q55125886,6
Lea Bridge Library,London Borough of Waltham Forest,England,"Lea Bridge Road, Leyton",Leyton,E10 7HU,51.5707448,-0.0236209,LAL,Yes,,https://www.walthamforest.gov.uk/libraries/local-libraries/lea-bridge-library,way,582690478,Q26485877,5
Leyton Library,London Borough of Waltham Forest,England,"High Road Leyton, Leyton",Leyton,E10 5QH,51.5585166,-0.0072431,LAL,Yes,,https://www.walthamforest.gov.uk/libraries/local-libraries/leyton-library,way,240678704,Q26485743,6
Leytonstone Library,London Borough of Waltham Forest,England,"6 Church Lane, Leytonstone",Leytonstone,E11 1HG,51.5681706,0.0103788,LAL,Yes,,https://www.walthamforest.gov.uk/libraries/local-libraries/leytonstone-library,way,28808110,Q17531944,3
South Chingford Community Library,London Borough of Waltham Forest,England,"265 Chingford Mount Road, London",London,E4 8LP,51.616514,-0.0170987,CRL,No,,https://www.walthamforest.gov.uk/libraries/local-libraries/south-chingford-community-library,way,919706702,,50
Walthamstow Library,London Borough of Waltham Forest,England,"High Street, Walthamstow",Walthamstow,E17 7JN,51.5844777,-0.0210336,LAL,Yes,,https://www.walthamforest.gov.uk/libraries/local-libraries/walthamstow-library,node,249239141,Q26485794,11
Charing Cross Library,City of Westminster,England,"4 Charing Cross Road, London",London,WC2H 0HF,51.510274,-0.1281,LAL,Yes,,,way,96237024,Q55125392,16
Church Street Library,City of Westminster,England,"67 Church Street, London",London,NW8 8EU,51.523215,-0.170393,LAL,Yes,,,way,360942512,Q55125920,28
Express Library,City of Westminster,England,"10 St. Ann's Street, London",London,SW1P 2DE,51.497243,-0.130374,LAL,Yes,,,way,524539979,,41
Little Venice Sports Centre Library Satellite library,City of Westminster,England,"10 Crompton Street, London",London,W2 1ND,51.523763,-0.176757,LAL,Yes,,,,,,
Maida Vale Library,City of Westminster,England,"Sutherland Avenue, London",London,W9 2QT,51.5246697,-0.1904345,LAL,Yes,,,way,58759623,,8
Marylebone Library,City of Westminster,England,"Macintosh House, 54 Beaumont Street, London",London,W1G 6DW,51.52063,-0.150663,LAL,Yes,,,node,6235003792,Q55125929,198
Mayfair Library,City of Westminster,England,"25 South Audley Street, London",London,W1K 2PB,51.50937,-0.151148,LAL,Yes,,,way,224892997,Q55125931,3
Paddington Library,City of Westminster,England,"Porchester Road, London",London,W2 5DU,51.517419,-0.188642,LAL,Yes,,,node,7048842980,,11
Pimlico Library,City of Westminster,England,"Lupus Street, London",London,SW1V 3EY,51.48789,-0.13874,LAL,Yes,,,node,275402349,Q55125936,60
Queen's Park Library,City of Westminster,England,"666 Harrow Road, London",London,W10 4NE,51.5270251,-0.2109134,LAL,Yes,,,way,466432889,Q55125938,9
St. John's Wood Library,City of Westminster,England,"20 Circus Road, London",London,NW8 6PD,51.533656,-0.172603,LAL,Yes,,,node,293741403,Q55125940,12
Victoria Library,City of Westminster,England,"160 Buckingham Palace Road, London",London,SW1W 9UD,51.4929082,-0.1478419,LAL,Yes,,,node,618694098,Q27087104,16
Arbury Court Library,Cambridgeshire County Council,England,"Arbury Road, Cambridge",Cambridge,CB4 2JQ,52.224574,0.128334,LAL,Yes,,https://www.cambridgeshire.gov.uk/directory/listings/arbury-court-library-cambridge,way,160135081,Q55163471,78
Bar Hill Library,Cambridgeshire County Council,England,"Gladeside, Cambridge",Cambridge,CB23 8DY,52.253307,0.021757,LAL,Yes,,https://www.cambridgeshire.gov.uk/directory/listings/bar-hill-library,node,26661336,Q55163426,87
Barnwell Road Library,Cambridgeshire County Council,England,"Barnwell Road, Cambridge",Cambridge,CB5 8RG,52.211164,0.163366,LAL,Yes,,https://www.cambridgeshire.gov.uk/directory/listings/barnwell-road-library,way,169992655,Q55163428,33
Buckden Library,Cambridgeshire County Council,England,"Community Hall & Sports Centre, Burberry Road, St. Neots",St. Neots,PE19 5UY,52.292701,-0.246409,LAL,Yes,,https://www.cambridgeshire.gov.uk/directory/listings/buckden-library,node,1460376229,Q55163431,84
Cambridge Central Library,Cambridgeshire County Council,England,"7 Lion Yard, Cambridge",Cambridge,CB2 3QD,52.2046083,0.1205449,LAL,Yes,,https://www.cambridgeshire.gov.uk/directory/listings/Cambridge-Central-Library,way,1539794544,Q55163433,16
Cherry Hinton Library,Cambridgeshire County Council,England,"High Street, Cambridge",Cambridge,CB1 9HZ,52.18575,0.173015,LAL,Yes,,https://www.cambridgeshire.gov.uk/directory/listings/cherry-hinton-library,node,18183110,Q55163436,145
Comberton Library,Cambridgeshire County Council,England,"Comberton Village Centre, West Street, Comberton",Comberton,CB23 7DU,52.1847477,0.0104688,LAL,Yes,,https://www.cambridgeshire.gov.uk/directory/listings/comberton-library,node,1925551190,Q55163437,63
Cottenham Library,Cambridgeshire County Council,England,"Margett Square, Cottenham",Cottenham,CB24 8QY,52.289028,0.127567,LAL,Yes,,https://www.cambridgeshire.gov.uk/directory/listings/cottenham-library,way,136455489,Q55163438,62
Ely Library,Cambridgeshire County Council,England,"6 The Cloisters, Ely",Ely,CB7 4ZH,52.399791,0.266679,LAL,Yes,,https://www.cambridgeshire.gov.uk/directory/listings/ely-library,node,29864948,Q55163439,12
Great Shelford Library,Cambridgeshire County Council,England,"Woodlards Lane, Cambridge",Cambridge,CB22 5LZ,52.146597,0.134978,LAL,Yes,,https://www.cambridgeshire.gov.uk/directory/listings/great-shelford-library,node,20081388,Q55163442,107
Histon Library,Cambridgeshire County Council,England,"School Hill, Cambridge",Cambridge,CB24 9JE,52.253165,0.104679,LAL,Yes,,https://www.cambridgeshire.gov.uk/directory/listings/histon-library,way,978128530,,27
Huntingdon Library,Cambridgeshire County Council,England,"Huntingdon Library & Archives Centre, Princes Street, Huntingdon",Huntingdon,PE29 3PA,52.329651,-0.184449,LAL,Yes,,https://www.cambridgeshire.gov.uk/directory/listings/huntingdon-library-and-archives,way,611763009,Q55163445,2
Linton Library,Cambridgeshire County Council,England,"Cathodean Centre, Horseheath Road, Linton",Linton,CB21 4LU,52.097934,0.290062,LAL,Yes,,https://www.cambridgeshire.gov.uk/directory/listings/linton-library,node,30152352,Q55163446,237
Little Downham Library,Cambridgeshire County Council,England,"Village Centre, Main Street, Ely",Ely,CB6 2ST,52.432786,0.240987,CRL,No,,https://www.cambridgeshire.gov.uk/directory/listings/little-downham-library-access-pont,node,10860376581,,165
March Library,Cambridgeshire County Council,England,"City Road, March",March,PE15 9LT,52.548865,0.084788,LAL,Yes,,https://www.cambridgeshire.gov.uk/directory/listings/march-library,way,190610247,Q55163450,144
Milton Road Library,Cambridgeshire County Council,England,"Ascham Road, Cambridge",Cambridge,CB4 2BD,52.218476,0.127911,LAL,Yes,,https://www.cambridgeshire.gov.uk/directory/listings/milton-road-library,way,95211355,Q55163452,82
Papworth Library,Cambridgeshire County Council,England,"Lower Pendrill Court, Ermine Street North, Papworth Everard",Papworth Everard,CB23 3UY,52.251091,-0.118647,LAL,Yes,,https://www.cambridgeshire.gov.uk/directory/listings/papworth-library,node,240108014,Q55163453,38
Rock Road Library,Cambridgeshire County Council,England,"69 Rock Road, Cambridge",Cambridge,CB1 7UG,52.186906,0.142029,LAL,Yes,,https://www.cambridgeshire.gov.uk/directory/listings/rock-road-library,way,171422730,Q55163456,67
Sawtry Library,Cambridgeshire County Council,England,"Sawtry Community Centre, Green End Road, Sawtry",Sawtry,PE28 5UX,52.437225,-0.283752,LAL,Yes,,https://www.cambridgeshire.gov.uk/directory/listings/sawtry-library,way,167528997,Q55163460,117
Soham Library,Cambridgeshire County Council,England,"Clay Street, Soham",Soham,CB7 5HJ,52.332254,0.334485,LAL,Yes,,https://www.cambridgeshire.gov.uk/directory/listings/soham-library,way,221049315,Q55163461,149
St Ives Library,Cambridgeshire County Council,England,"4 Library Row, Station Road, St. Ives",St. Ives,PE27 5BW,52.322643,-0.068892,LAL,Yes,,https://www.cambridgeshire.gov.uk/directory/listings/st-ives-library,way,273800828,Q55163457,14
St Neots Library,Cambridgeshire County Council,England,"Priory Lane, St. Neots",St. Neots,PE19 2BH,52.228551,-0.27195,LAL,Yes,,https://www.cambridgeshire.gov.uk/directory/listings/st-neots-library,way,362850350,Q55163458,26
Warboys Library,Cambridgeshire County Council,England,"High Street, Huntingdon",Huntingdon,PE28 2TA,52.403653,-0.079204,LAL,Yes,,https://www.cambridgeshire.gov.uk/directory/listings/warboys-library,way,231913025,Q55163465,65
Willingham Library,Cambridgeshire County Council,England,"Church Street, Willingham",Willingham,CB24 5HS,52.314588,0.061333,LAL,Yes,,https://www.cambridgeshire.gov.uk/directory/listings/willingham-library,way,676921301,Q55163468,199
Wisbech Library,Cambridgeshire County Council,England,"Ely Place, Wisbech",Wisbech,PE13 1EU,52.664425,0.160886,LAL,Yes,,https://www.cambridgeshire.gov.uk/directory/listings/wisbech-library,way,400481039,,16
Yaxley Library,Cambridgeshire County Council,England,"Landsowne Road, Yaxley",Yaxley,PE7 3JL,52.516866,-0.251101,LAL,Yes,,https://www.cambridgeshire.gov.uk/directory/listings/yaxley-library,node,1794159384,Q55163470,200
Alfreton,Derbyshire County Council,England,"Severn Square, Alfreton",Alfreton,DE55 7BQ,53.096679,-1.388164,LAL,Yes,,https://www.derbyshire.gov.uk/leisure/libraries/find-your-local-library/alfreton-library.aspx,way,281228881,,63
Bakewell,Derbyshire County Council,England,"Granby Road, Bakewell",Bakewell,DE45 1ES,53.212657,-1.674093,LAL,Yes,,https://www.derbyshire.gov.uk/leisure/libraries/find-your-local-library/bakewell-library.aspx,node,905475632,,26
Bolsover,Derbyshire County Council,England,"Church Street, Bolsover",Bolsover,S44 6HB,53.228255,-1.291379,LAL,Yes,,https://www.derbyshire.gov.uk/leisure/libraries/find-your-local-library/bolsover-library.aspx,way,754855078,Q54810805,24
Borrowash,Derbyshire County Council,England,"Victoria Avenue, Borrowash",Borrowash,DE72 3HE,52.90802,-1.38113,LAL,Yes,,https://www.derbyshire.gov.uk/leisure/libraries/find-your-local-library/borrowash-library.aspx,way,399319499,,5
Brimington,Derbyshire County Council,England,"Church Street, Brimington",Brimington,S43 1JG,53.257173,-1.395708,LAL,Yes,,https://www.derbyshire.gov.uk/leisure/libraries/find-your-local-library/brimington-library.aspx,,,,
Buxton,Derbyshire County Council,England,"Kents Bank Road, Buxton",Buxton,SK17 9HW,53.2523457,-1.9078877,LAL,Yes,,https://www.derbyshire.gov.uk/leisure/libraries/find-your-local-library/buxton-library.aspx,way,1234611034,Q54810808,12
Chapel en le Frith,Derbyshire County Council,England,"Town Hall, Market Street, High Peak",High Peak,SK23 0HP,53.323534,-1.913892,LAL,Yes,,https://www.derbyshire.gov.uk/leisure/libraries/find-your-local-library/chapel-en-le-frith-library.aspx,way,397509476,,59
Chesterfield,Derbyshire County Council,England,"New Beetwell Street, Chesterfield",Chesterfield,S40 1QN,53.23459,-1.4280143,LAL,Yes,,https://www.derbyshire.gov.uk/leisure/libraries/find-your-local-library/chesterfield-library.aspx,way,139478382,,5
Clay Cross,Derbyshire County Council,England,"Kenning Park, Holmgate Road, Chesterfield",Chesterfield,S45 9PH,53.167842,-1.423142,LAL,Yes,,https://www.derbyshire.gov.uk/leisure/libraries/find-your-local-library/clay-cross-library.aspx,,,,
Clowne,Derbyshire County Council,England,"Recreation Close, Chesterfield",Chesterfield,S43 4PL,53.27774,-1.265531,LAL,Yes,,https://www.derbyshire.gov.uk/leisure/libraries/find-your-local-library/clowne-library.aspx,,,,
Creswell,Derbyshire County Council,England,"Elmton Road, Creswell",Creswell,S80 4EY,53.263623,-1.214228,LAL,Yes,,https://www.derbyshire.gov.uk/leisure/libraries/find-your-local-library/creswell-library.aspx,node,1265624093,,27
Dronfield,Derbyshire County Council,England,"Manor House, High Street, Dronfield",Dronfield,S18 1PY,53.302357,-1.475084,LAL,Yes,,https://www.derbyshire.gov.uk/leisure/libraries/find-your-local-library/dronfield-library.aspx,way,165845135,,83
Duffield,Derbyshire County Council,England,"Wirksworth Road, Belper",Belper,DE56 4GH,52.985202,-1.490624,LAL,Yes,,https://www.derbyshire.gov.uk/leisure/libraries/find-your-local-library/duffield-library.aspx,way,62065909,,95
Eckington,Derbyshire County Council,England,"Market Street, Eckington",Eckington,S21 4JG,53.309245,-1.356345,LAL,Yes,,https://www.derbyshire.gov.uk/leisure/libraries/find-your-local-library/eckington-library.aspx,way,363773495,,61
Etwall,Derbyshire County Council,England,"Egginton Road, Etwall",Etwall,DE65 6NB,52.881315,-1.602521,LAL,Yes,,https://www.derbyshire.gov.uk/leisure/libraries/find-your-local-library/etwall-library.aspx,way,471501014,,151
Gamesley,Derbyshire County Council,England,"Gamesley Primary School, Grindleford Grove, Glossop",Glossop,SK13 6HW,53.447543,-1.985868,LAL,Yes,,https://www.derbyshire.gov.uk/leisure/libraries/find-your-local-library/gamesley-library.aspx,,,,
Hadfield,Derbyshire County Council,England,"Station Road, Glossop",Glossop,SK13 1AA,53.461867,-1.96654,LAL,Yes,,https://www.derbyshire.gov.uk/leisure/libraries/find-your-local-library/hadfield-library.aspx,node,2104230824,Q54810817,56
Hayfield,Derbyshire County Council,England,"Kinder Road, High Peak",High Peak,SK22 2HS,53.379326,-1.943364,LAL,Yes,,https://www.derbyshire.gov.uk/leisure/libraries/find-your-local-library/hayfield-library.aspx,way,666120912,Q54810818,24
Holmewood,Derbyshire County Council,England,"Heath Road, Chesterfield",Chesterfield,S42 5RB,53.188256,-1.353399,LAL,Yes,,https://www.derbyshire.gov.uk/leisure/libraries/find-your-local-library/holmewood-library.aspx,way,243530213,,8
Ilkeston,Derbyshire County Council,England,"Market Place, Ilkeston",Ilkeston,DE7 5RN,52.970128,-1.3090641,LAL,Yes,,https://www.derbyshire.gov.uk/leisure/libraries/find-your-local-library/ilkeston-library.aspx,way,66738299,,7
Long Eaton,Derbyshire County Council,England,"Tamworth Road, Long Eaton",Long Eaton,NG10 1JG,52.8956681,-1.2728917,LAL,Yes,,https://www.derbyshire.gov.uk/leisure/libraries/find-your-local-library/long-eaton-library.aspx,way,145610887,,5
Matlock,Derbyshire County Council,England,"Steep Turnpike, Matlock",Matlock,DE4 3DP,53.138625,-1.549982,LAL,Yes,,https://www.derbyshire.gov.uk/leisure/libraries/find-your-local-library/matlock-library.aspx,node,2399148324,,135
Melbourne,Derbyshire County Council,England,"High Street, Melbourne",Melbourne,DE73 8GF,52.822188,-1.42951,LAL,Yes,,https://www.derbyshire.gov.uk/leisure/libraries/find-your-local-library/melbourne-library.aspx,node,1924363140,,2
Newbold,Derbyshire County Council,England,"Windermere Road, Chesterfield",Chesterfield,S41 8DU,53.256108,-1.450706,LAL,Yes,,https://www.derbyshire.gov.uk/leisure/libraries/find-your-local-library/newbold-library.aspx,node,604008578,,148
New Mills,Derbyshire County Council,England,"Hall Street, High Peak",High Peak,SK22 3BR,53.367804,-2.003296,LAL,Yes,,https://www.derbyshire.gov.uk/leisure/libraries/find-your-local-library/new-mills-library.aspx,way,1210995228,Q54810824,77
Old Whittington,Derbyshire County Council,England,"Swanwick Memorial Hall, High Street, Old Whittington",Old Whittington,S41 9JZ,53.270109,-1.425277,LAL,Yes,,https://www.derbyshire.gov.uk/leisure/libraries/find-your-local-library/old-whittington-library.aspx,way,376658373,,5
Pinxton,Derbyshire County Council,England,"Kirkstead Road, Pinxton",Pinxton,NG16 6NA,53.091486,-1.319102,LAL,Yes,,https://www.derbyshire.gov.uk/leisure/libraries/find-your-local-library/pinxton-library.aspx,,,,
Ripley,Derbyshire County Council,England,"Grosvenor Road , Ripley",Ripley,DE5 3JE,53.050572,-1.405419,LAL,Yes,,https://www.derbyshire.gov.uk/leisure/libraries/find-your-local-library/ripley-library.aspx,,,,
Sandiacre,Derbyshire County Council,England,"Doncaster Avenue, Sandiacre",Sandiacre,NG10 5FJ,52.924574,-1.293252,LAL,Yes,,https://www.derbyshire.gov.uk/leisure/libraries/find-your-local-library/sandiacre-library.aspx,way,58892965,,186
Shirebrook,Derbyshire County Council,England,"19 Patchwork Row, Shirebrook",Shirebrook,NG20 8AL,53.202988,-1.21399,LAL,Yes,,https://www.derbyshire.gov.uk/leisure/libraries/find-your-local-library/shirebrook-library.aspx,node,1265517156,,78
Somercotes,Derbyshire County Council,England,"Somerlea Park Junior School, Bank Street, Somercotes",Somercotes,DE55 4JE,53.078218,-1.367945,LAL,Yes,,https://www.derbyshire.gov.uk/leisure/libraries/find-your-local-library/somercotes-library.aspx,,,,
South Normanton,Derbyshire County Council,England,"The Hub,  Shiners Way, South Normanton ",South Normanton,DE55 2AA,53.104495,-1.343137,LAL,Yes,,https://www.derbyshire.gov.uk/leisure/libraries/find-your-local-library/south-normanton-library.aspx,,,,
Staveley,Derbyshire County Council,England,"Hall Lane, Staveley",Staveley,S43 3TP,53.270039,-1.350322,LAL,Yes,,https://www.derbyshire.gov.uk/leisure/libraries/find-your-local-library/staveley-library.aspx,way,145313223,,42
Swadlincote,Derbyshire County Council,England,"Civic Way, Swadlincote",Swadlincote,DE11 0AD,52.773277,-1.560829,LAL,Yes,,https://www.derbyshire.gov.uk/leisure/libraries/find-your-local-library/swadlincote-library.aspx,way,544298962,,217
Tideswell,Derbyshire County Council,England,"St. John's Institute, St John's Road, Tideswell",Tideswell,SK17 8NE,53.279393,-1.772285,LAL,Yes,,https://www.derbyshire.gov.uk/leisure/libraries/find-your-local-library/tideswell-library.aspx,,,,
Whaley Bridge,Derbyshire County Council,England,"Mechanics' Institute, 21 Market Street, Whaley Bridge",Whaley Bridge,SK23 7AA,53.32917,-1.984089,LAL,Yes,,https://www.derbyshire.gov.uk/leisure/libraries/find-your-local-library/whaley-bridge-library.aspx,node,26421379,Q54810839,32
Whitwell,Derbyshire County Council,England,"Community Centre, Portland Street, Whitwell",Whitwell,S80 4NN,53.284201,-1.207596,LAL,Yes,,https://www.derbyshire.gov.uk/leisure/libraries/find-your-local-library/whitwell-library.aspx,,,,
Wingerworth,Derbyshire County Council,England,"Parish Rooms, New Road, Wingerworth",Wingerworth,S42 6TB,53.202013,-1.442864,LAL,Yes,,https://www.derbyshire.gov.uk/leisure/libraries/find-your-local-library/wingerworth-library.aspx,node,5645744650,,65
Wirksworth,Derbyshire County Council,England,"Town Hall, Wirksworth",Wirksworth,DE4 4EU,53.082599,-1.573066,LAL,Yes,,https://www.derbyshire.gov.uk/leisure/libraries/find-your-local-library/wirksworth-library.aspx,way,160510469,Q54810842,9
Woodville,Derbyshire County Council,England,"1 Hartshorne Road, Woodville",Woodville,DE11 7JB,52.770305,-1.533513,CRL,Yes,,,way,79513566,,85
Chulmleigh,Devon County Council,England,"Chulmleigh Community College, Fourways Cross, Chulmleigh",Chulmleigh,EX18 7AA,50.91626,-3.869953,CL,Yes,,https://www.devonlibraries.org.uk/web/arena/chulmleighlibrary,,,,
Clyst Vale,Devon County Council,England,"Clyst Vale Community College, Station Road, Broadclyst",Broadclyst,EX5 3AJ,50.7585195,-3.4398676,CL,Yes,,https://www.devonlibraries.org.uk/web/arena/clystvalelibrary,way,290151644,,72
Dawlish,Devon County Council,England,"Lawn Terrace, Dawlish",Dawlish,EX7 9PY,50.580788,-3.471051,CL,Yes,,https://www.devonlibraries.org.uk/web/arena/dawlishlibrary,node,6035297850,Q55121712,29
Kingskerswell,Devon County Council,England,"1 Newton Road, Kingskerswell",Kingskerswell,TQ12 5EH,50.499793,-3.579054,CL,Yes,,https://www.devonlibraries.org.uk/web/arena/kingskerswelllibrary,way,216731355,Q55121720,10
Salcombe,Devon County Council,England,"Cliff House, Cliff Road, Salcombe",Salcombe,TQ8 8JQ,50.235468,-3.768457,CL,Yes,,https://www.devonlibraries.org.uk/web/arena/seatonlibrary,way,654056101,Q55121730,69
Battle Library,East Sussex County Council,England,"7 Market Square, Battle",Battle,TN33 0XB,50.9181855,0.4822654,LAL,Yes,,https://new.eastsussex.gov.uk/libraries/locations/battle/,node,3105264416,Q55173526,13
Bexhill Library,East Sussex County Council,England,"Western Road, Bexhill on Sea",Bexhill on Sea,TN40 1DY,50.8402118,0.4701138,LAL,Yes,,https://new.eastsussex.gov.uk/libraries/locations/bexhill/,way,248048610,Q55173529,12
Crowborough Library,East Sussex County Council,England,"Pine Grove, Crowborough",Crowborough,TN6 1DH,51.0584609,0.1587725,LAL,Yes,,https://new.eastsussex.gov.uk/libraries/locations/crowborough/,node,1148064129,,20
Eastbourne Library,East Sussex County Council,England,"Grove Road, Eastbourne",Eastbourne,BN21 4TL,50.7686637,0.2792841,LAL,Yes,,https://new.eastsussex.gov.uk/libraries/locations/eastbourne/,way,1021694469,,6
Forest Row Library,East Sussex County Council,England,"The Community Centre, Hartfield Road, Forest Row",East Sussex,RH18 5DZ,51.0961017,0.0362227,LAL,Yes,,https://new.eastsussex.gov.uk/libraries/locations/forestrow/,,,,
Hailsham Library,East Sussex County Council,England,"Western Road, Hailsham",Hailsham,BN27 3DN,50.8625746,0.2554241,LAL,Yes,,https://new.eastsussex.gov.uk/libraries/locations/hailsham/,way,1021653669,Q55173534,2
Hampden Park Library,East Sussex County Council,England,"Brodrick Close, Eastbourne",Eastbourne,BN22 9NQ,50.7979171,0.2776558,LAL,Yes,,https://new.eastsussex.gov.uk/libraries/locations/hampdenpark/,way,502965859,Q55173535,10
Hastings Library,East Sussex County Council,England,"Brassey Institute, 13 Clarmont, Hastings",Hastings,TN34 1HE,50.8552296,0.5762833,LAL,Yes,,https://new.eastsussex.gov.uk/libraries/locations/hastings/,node,745163356,Q55173563,5
Heathfield Library,East Sussex County Council,England,"21 High Street, Heathfield",Heathfield,TN21 8LU,50.9713905,0.2516952,LAL,Yes,,https://new.eastsussex.gov.uk/libraries/locations/heathfield/,way,494013896,Q55173564,4
Hollington Library,East Sussex County Council,England,"96 Battle Road, St. Leonards-on-Sea",St. Leonards-on-Sea,TN37 7AG,50.8741309,0.5532885,LAL,Yes,,https://new.eastsussex.gov.uk/libraries/locations/hollington/,way,1412681894,,17
Lewes Library,East Sussex County Council,England,"Styles Field, Friars Walk, Lewes",Lewes,BN7 2LZ,50.8728897,0.0135312,LAL,Yes,,https://new.eastsussex.gov.uk/libraries/locations/lewes/,way,285305377,Q55173569,2
Newhaven Library,East Sussex County Council,England,"36-38 High Street, Newhaven",Newhaven,BN9 9PD,50.7940545,0.0484822,LAL,Yes,,https://new.eastsussex.gov.uk/libraries/locations/newhaven/,way,775085717,Q55173571,13
Northiam Village Library,East Sussex County Council,England,"Village Hall, Frewen Close, Rye",Rye,TN31 6AF,50.995766,0.601121,CRL,No,,,node,1471053679,,130
Ore Library,East Sussex County Council,England,"Old London Road, Hastings",Hastings,TN35 5BP,50.874722,0.608347,ICL,No,,https://orecommunitylibrary.org.uk/,way,1088775293,,30
Peacehaven Library,East Sussex County Council,England,"Meridian Centre, Peacehaven",Peacehaven,BN10 8BB,50.7960417,0.0018968,LAL,Yes,,https://new.eastsussex.gov.uk/libraries/locations/peacehaven/,node,1894646266,,3
Pevensey Bay Library,East Sussex County Council,England,"Wallsend House, Richmond Road , Eastbourne",Eastbourne,BN24 6AU,50.8129624,0.3510482,ICL,No,,,,,,
Ringmer Library,East Sussex County Council,England,"The Village Hall, Lewes Road, Lewes",Lewes,BN8 5QH,50.8932914,0.0566298,ICL,No,,,node,5971910206,,9
Rye Library,East Sussex County Council,England,"30 High Street, Rye",Rye,TN31 7JG,50.9508152,0.7320025,LAL,Yes,,https://new.eastsussex.gov.uk/libraries/locations/rye/,node,2520495071,Q55173583,10
Sedlescombe Village Library,East Sussex County Council,England,"Church Hill, Battle",Battle,TN33 0QW,50.934612,0.5327729,CRL,No,,,,,,
Uckfield Library,East Sussex County Council,England,"Library Way, High Street, Uckfield",Uckfield,TN22 1AR,50.9721456,0.0964365,LAL,Yes,,https://new.eastsussex.gov.uk/libraries/locations/uckfield/,way,420010947,,5
Wadhurst Library,East Sussex County Council,England,"High Street, Wadhurst",Wadhurst,TN5 6AP,51.0617836,0.3393507,LAL,Yes,,https://new.eastsussex.gov.uk/libraries/locations/wadhurst/,node,12645046550,,13
Willingdon Library,East Sussex County Council,England,"Coppice Avenue, Eastbourne",Eastbourne,BN20 9PN,50.8086135,0.2473877,ICL,No,,https://www.willingdonlibrary.org/,node,4929590437,Q55173589,10
Basildon Library,Essex County Council,England,"The Basildon Centre, St. Martin's Square, Basildon",Basildon,SS14 1EE,51.57091,0.454689,LAL,Yes,,,way,93400271,Q53347811,43
Billericay Library,Essex County Council,England,"143 High Street, Billericay",Billericay,CM12 9AB,51.623103,0.41601,LAL,Yes,,,way,93400265,Q53348835,32
Braintree Library,Essex County Council,England,"Fairfield Road, Braintree",Braintree,CM7 3YL,51.8777589,0.5536523,LAL,Yes,,,way,93660203,Q53351822,2
Brentwood Library,Essex County Council,England,"New Road, Brentwood",Brentwood,CM14 4BP,51.618961,0.303106,LAL,Yes,,,way,93403952,Q53357002,6
Brightlingsea Library,Essex County Council,England,"New Street, Colchester",Colchester,CO7 0BZ,51.810033,1.025669,LAL,Yes,,,way,93655839,Q53360211,43
Broomfield Library,Essex County Council,England,"180 Main Road, Chelmsford",Chelmsford,CM1 7AH,51.762338,0.473481,LAL,Yes,,,way,374685277,Q53361583,92
Buckhurst Hill Library,Essex County Council,England,"165 Queens Road, Buckhurst Hill",Essex,IG9 5AZ,51.626127,0.036896,LAL,Yes,,,node,1084359801,Q53437458,35
Burnham-on-Crouch Library,Essex County Council,England,"103 Station Road, Burnham-on-Crouch",Burnham-on-Crouch,CM0 8HQ,51.628159,0.814497,LAL,Yes,,,way,93404677,Q53438467,57
Canvey Island Library,Essex County Council,England,"3 High Street, Canvey Island",Canvey Island,SS8 7RB,51.523105,0.59448,LAL,Yes,,,way,93402588,Q53439340,95
Chelmsford Library,Essex County Council,England,"PO Box 882, Market Road, Chelmsford",Chelmsford,CM1 1GE,51.7424991,0.5006276,LAL,Yes,,,,,,
Chigwell Library,Essex County Council,England,"Hainault Road, Chigwell",Chigwell,IG7 6QX,51.618109,0.077751,LAL,Yes,,,way,93525291,Q53454364,170
Chipping Ongar Library,Essex County Council,England,"The Pleasance, High Street, Chipping Ongar",Chipping Ongar,CM5 9AB,51.705649,0.245745,LAL,Yes,,,way,93525290,Q53458349,1
Clacton Library,Essex County Council,England,"Station Road, Clacton-on-Sea",Clacton-on-Sea,CO15 1SF,51.792214,1.1544334,LAL,Yes,,,way,72855157,Q53470714,4
Coggeshall Library,Essex County Council,England,"The Friends' Meeting House, Stoneham Street, Coggeshall",Coggeshall,CO6 1UH,51.872936,0.684952,LAL,Yes,,,node,1086893553,Q53529348,56
Colchester Library,Essex County Council,England,"Trinity Square, Colchester",Colchester,CO1 1JB,51.8884963,0.8997492,LAL,Yes,,,way,93523934,Q44288122,13
Danbury Library,Essex County Council,England,"18 Main Road, Danbury, Chelmsford",Chelmsford,CM3 4NQ,51.717446,0.578298,LAL,Yes,,,way,650748485,Q53530909,59
Debden Library,Essex County Council,England,"Epping Forest College, Borders Lane , Loughton",Loughton,IG10 3SA,51.648394,0.0754758,LAL,Yes,,,,,,
Dunmow Library,Essex County Council,England,"47 White Hart Way, Dunmow",Dunmow,CM6 1FS,51.871527,0.364382,LAL,Yes,,,way,97956023,,35
Earls Colne Library,Essex County Council,England,"William Hunt Reading Room & Library, 38 High Street, Earls Colne",Earls Colne,CO6 2PA,51.927882,0.698836,LAL,Yes,,,node,316993450,Q53620187,42
Epping Library,Essex County Council,England,"St. John's Road, Epping",Epping,CM16 5DN,51.699355,0.109647,LAL,Yes,,,way,490695288,,28
Frinton Library,Essex County Council,England,"59 Old Road, Frinton-on-Sea",Frinton-on-Sea,CO13 9DA,51.830454,1.244625,LAL,Yes,,,way,93654602,Q53621320,172
Fryerns library,Essex County Council,England,"Whitmore Way, Basildon",Basildon,SS14 2NN,51.57862,0.476799,LAL,Yes,,,way,93400262,Q53621773,116
Galleywood Library,Essex County Council,England,"Watchouse Road, Chelmsford",Chelmsford,CM2 8PU,51.700412,0.470522,LAL,Yes,,,way,93536291,Q53622214,41
Great Baddow Library,Essex County Council,England,"27 High Street, Chelmsford",Chelmsford,CM2 7HH,51.716043,0.500948,LAL,Yes,,,way,93536292,Q53622761,119
Great Parndon Library,Essex County Council,England,"Parnall Road, Staple Tye, Harlow",Harlow,CM18 7PP,51.753001,0.093209,LAL,Yes,,,way,93521275,Q53625538,3
Great Tarpots library,Essex County Council,England,"127 London Road, Benfleet",Benfleet,SS7 5UH,51.5676,0.551614,LAL,Yes,,,way,93402585,Q53626137,10
Great Wakering Library,Essex County Council,England,"16 High Street, Southend-on-Sea",Southend-on-Sea,SS3 0EQ,51.553179,0.808421,LAL,Yes,,,way,93402590,Q53626545,42
Greenstead Library,Essex County Council,England,"Hawthorne Avenue, Colchester",Colchester,CO4 3QE,51.891385,0.936913,LAL,Yes,,,way,93523945,Q53626896,35
Hadleigh Library,Essex County Council,England,"180 London Road, Benfleet",Benfleet,SS7 2PD,51.553651,0.608467,LAL,Yes,,,way,93402589,Q53627883,95
Halstead Library,Essex County Council,England,"Bridge Street, Halstead",Halstead,CO9 1HU,51.94346,0.634464,LAL,Yes,,,way,93660747,Q26415607,28
Harlow Library,Essex County Council,England,"Cross Street, Harlow",Harlow,CM20 1HA,51.7687468,0.0945882,LAL,Yes,,,way,29209780,Q53629809,1
Harwich Library,Essex County Council,England,"Upper Kingsway, Harwich",Harwich,CO12 3JT,51.936383,1.281662,LAL,Yes,,,way,87201530,Q53630752,25
Hatfield Peverel Library,Essex County Council,England,"The Street, Chelmsford",Chelmsford,CM3 2DP,51.775352,0.593155,LAL,Yes,,,way,93661339,Q53631251,2
Hockley Library,Essex County Council,England,"Southend Road, Hockley",Hockley,SS5 4PZ,51.600376,0.656272,LAL,Yes,,,way,93402580,Q53631735,102
Holland Library,Essex County Council,England,"Public Hall, Frinton Road, Clacton-on-Sea",Clacton-on-Sea,CO15 5UR,51.805273,1.189656,LAL,Yes,,,way,57854127,Q53632179,72
Hullbridge Library,Essex County Council,England,"Ferry Road, Hockley",Hockley,SS5 6ET,51.622641,0.61271,LAL,Yes,,,way,93402583,Q53639743,99
Ingatestone Library,Essex County Council,England,"High Street, Ingatestone",Ingatestone,CM4 9EU,51.668613,0.381912,LAL,Yes,,,way,82134938,Q53640100,60
Jaywick Library,Essex County Council,England,"Golf Green Public Hall, Golf Green Road, Clacton-On-Sea",Clacton-On-Sea,CO15 2RH,51.779481,1.121236,CRL,No,,,node,1086718514,,84
Kelvedon Library,Essex County Council,England,"Aylett's Foundation School, Maldon Road, Kelvedon",Kelvedon,CO5 9BA,51.832471,0.697698,LAL,Yes,,,node,1086939130,Q26416899,29
Laindon Library,Essex County Council,England,"5-7 New Century Road, Basildon",Basildon,SS15 6AG,51.573699,0.419552,LAL,Yes,,,way,93400272,Q53640459,135
Loughton Library,Essex County Council,England,"Traps Hill, Loughton",Loughton,IG10 1HD,51.6491603,0.059017,LAL,Yes,,,way,93529414,Q53642701,7
Maldon Library,Essex County Council,England,"Carmelite House, White Horse Lane, Maldon",Maldon,CM9 5FW,51.730752,0.677875,LAL,Yes,,,way,48828472,Q53643148,2
Manningtree Library,Essex County Council,England,"High Street, Manningtree",Manningtree,CO11 1AD,51.94537,1.063473,LAL,Yes,,,way,93654609,Q26545874,24
Mark Hall Library,Essex County Council,England,"The Stow, Harlow",Harlow,CM20 3AP,51.775069,0.114815,LAL,Yes,,,node,2378755207,Q53672763,19
North Melbourne Library,Essex County Council,England,"Dickens Place, Copperfield Road, Chelmsford",Chelmsford,CM1 4UU,51.754677,0.445546,LAL,Yes,,,node,1084455398,Q53672796,4
North Weald Library,Essex County Council,England,"138 High Road, Epping",Epping,CM16 6BZ,51.71802,0.172017,LAL,Yes,,,way,93529409,Q53672825,127
Old Harlow Library,Essex County Council,England,"30 High Street, Old Harlow",Old Harlow,CM17 0DW,51.783336,0.133931,LAL,Yes,,,node,2197083034,Q53672849,12
Pitsea Library,Essex County Council,England,"Community Centre, Off Maydells, Pitsea",Pitsea,SS13 3DU,51.566237,0.504061,LAL,Yes,,,way,93400266,Q53673410,55
Prettygate Library,Essex County Council,England,"44 Prettygate Road, Colchester",Colchester,CO3 4EQ,51.879917,0.864771,LAL,Yes,,,way,93523929,Q53673429,41
Rayleigh Library,Essex County Council,England,"132-134 High Street, Rayleigh",Rayleigh,SS6 7BX,51.585325,0.603655,LAL,Yes,,,way,93402582,Q53674991,7
Rochford Library,Essex County Council,England,"8 Roche Close, Rochford",Rochford,SS4 1PX,51.583098,0.705892,LAL,Yes,,,node,1082941697,Q53675397,24
Saffron Walden Library,Essex County Council,England,"2 King Street, Saffron Walden",Saffron Walden,CB10 1ES,52.023473,0.239871,LAL,Yes,,,way,93519993,Q26501560,68
Shenfield Library,Essex County Council,England,"Bishops Hall Adult Community Learning Centre, Rayleigh Road, Hutton",Hutton,CM13 1BD,51.632146,0.338789,LAL,Yes,,,,,,
Sible Hedingham Library,Essex County Council,England,"169 Swan Street, Halstead",Halstead,CO9 3PX,51.980492,0.589932,LAL,Yes,,,way,93662353,Q53678581,60
Silver End Library,Essex County Council,England,"10 The Broadway, Witham",Witham,CM8 3RQ,51.846567,0.622468,LAL,Yes,,,node,1693859154,,80
South Benfleet Library,Essex County Council,England,"264 High Road, Benfleet",Benfleet,SS7 5HD,51.553671,0.560226,LAL,Yes,,,way,93402591,Q53679204,3
Southminster Library,Essex County Council,England,"Queenborough Road, Southminster",Southminster,CM0 7AB,51.663645,0.82883,LAL,Yes,,,way,161522658,,231
South Woodham Ferrers Library,Essex County Council,England,"Trinity Square, Chelmsford",Chelmsford,CM3 5JU,51.6458975,0.6199887,LAL,Yes,,,node,1464442760,Q53702294,81
Stansted Library,Essex County Council,England,"Crafton Green House, 72 Chapel Hill, Stansted Mountfitchet",Stansted Mountfitchet,CM24 8AQ,51.903373,0.194756,LAL,Yes,,,node,435194363,Q53708049,57
Stanway Library,Essex County Council,England,"10 Villa Road, Colchester",Colchester,CO3 0RH,51.885511,0.837832,LAL,Yes,,,way,93523955,Q53708921,104
Stock Library,Essex County Council,England,"Swan Lane, Ingatestone",Ingatestone,CM4 9BQ,51.664849,0.442353,LAL,Yes,,,way,500693616,Q53709604,91
Thaxted Library,Essex County Council,England,"7 Town Street, Dunmow",Dunmow,CM6 2LD,51.953205,0.344227,LAL,Yes,,,node,1084230811,Q26406901,12
Tiptree Library,Essex County Council,England,"Rectory Road, Colchester",Colchester,CO5 0SX,51.811124,0.747262,LAL,Yes,,,way,93523937,Q53726501,146
Tye Green Library,Essex County Council,England,"Bush Fair, Harlow",Harlow,CM18 6LU,51.758682,0.113455,LAL,Yes,,,way,93521271,Q53726924,28
Vange Library,Essex County Council,England,"Southview Road, Basildon",Basildon,SS16 4ET,51.56669,0.48299,LAL,Yes,,,way,93400263,Q53727330,61
Waltham Abbey Library,Essex County Council,England,"37 Sun Street, Waltham Abbey",Waltham Abbey,EN9 1EL,51.686628,-0.000232,LAL,Yes,,,way,93529417,Q53734293,28
Walton Library,Essex County Council,England,"52 High Street, Walton-on-the-Naze",Walton-on-the-Naze,CO14 8AE,51.849082,1.271541,LAL,Yes,,,way,93654607,Q53758806,31
West Clacton Library,Essex County Council,England,"Jaywick Lane, Clacton-on-Sea",Clacton-on-Sea,CO16 8BE,51.7922994,1.1199196,LAL,Yes,,,node,1086718523,Q53761297,28
West Mersea Library,Essex County Council,England,"13 High Street, Colchester",Colchester,CO5 8QA,51.776878,0.911243,LAL,Yes,,,way,93523939,Q53844416,75
Wickham Bishops Library,Essex County Council,England,"School Road, Witham",Witham,CM8 3NU,51.776914,0.673954,LAL,Yes,,,way,93404679,Q53844447,104
Witham Library,Essex County Council,England,"18 Newland Street, Witham",Witham,CM8 2AQ,51.801089,0.641294,LAL,Yes,,,way,93663512,Q26415724,13
Wivenhoe Library,Essex County Council,England,"104-6 High Street, Wivenhoe",Wivenhoe,CO7 9AB,51.857617,0.959346,LAL,Yes,,,way,93523948,Q53844502,51
Writtle Library,Essex County Council,England,"45 The Green, Chelmsford",Chelmsford,CM1 3DT,51.730026,0.426384,LAL,Yes,,,way,111318629,Q53844512,48
Berkeley Community Library,Gloucestershire County Council,England,"School Lane, Berkeley",Berkeley,GL13 9DQ,51.692234,-2.459978,CRL,No,,http://berkeleybooks.co.uk/,way,201507878,,49
Bishops Cleeve,Gloucestershire County Council,England,"Tobyfield Road, Bishops Cleeve",Bishops Cleeve,GL52 8NN,51.946648,-2.059487,LAL,Yes,,https://www.gloucestershire.gov.uk/libraries/find-a-library/bishops-cleeve-library/,way,605086891,Q55163473,39
Bourton on Water,Gloucestershire County Council,England,"Old Moore Cottage Hospital, Moore Road, Bourton-On-The-Water",Bourton-On-The-Water,GL54 2AZ,51.886317,-1.75678,LAL,Yes,,https://www.gloucestershire.gov.uk/libraries/find-a-library/bourton-on-the-water-library/,way,137649111,,170
Bream Community Library,Gloucestershire County Council,England,"High Street, Bream",Bream,GL15 6JW,51.751079,-2.573756,CRL,No,,,node,9379533752,Q55163475,2
Brockworth Community Library,Gloucestershire County Council,England,"Moorfield Road, Brockworth",Brockworth,GL3 4EX,51.847748,-2.157157,CRL,No,,,way,1062672552,Q55163476,66
Charlton Kings,Gloucestershire County Council,England,"Church Street, Charlton Kings",Charlton Kings,GL53 8AR,51.882053,-2.050728,LAL,Yes,,https://www.gloucestershire.gov.uk/libraries/find-a-library/charlton-kings-library/,way,627540392,,17
Cheltenham Local & Family History & Children's library,Gloucestershire County Council,England,"Chester Walk, Cheltenham",Cheltenham,GL50 3JZ,51.902025,-2.07764,LAL,Yes,,https://www.gloucestershire.gov.uk/libraries/find-a-library/cheltenham-including-childrens-library-local-studies/,way,165991871,,63
Cheltenham Main Library,Gloucestershire County Council,England,"Clarence Street, Cheltenham",Cheltenham,GL50 3JT,51.901368,-2.07806,LAL,Yes,,https://www.gloucestershire.gov.uk/libraries/find-a-library/cheltenham-including-childrens-library-local-studies/,way,165991834,,7
Chipping Campden,Gloucestershire County Council,England,"High Street, Chipping Campden",Chipping Campden,GL55 6AT,52.050037,-1.78201,LAL,Yes,,https://www.gloucestershire.gov.uk/libraries/find-a-library/chipping-campden-library/,way,600468580,,28
Churchdown,Gloucestershire County Council,England,"Parton Road, Churchdown",Churchdown,GL3 2AF,51.887013,-2.181195,LAL,Yes,,https://www.gloucestershire.gov.uk/libraries/find-a-library/churchdown-library/,way,210060426,Q55163479,99
Cinderford,Gloucestershire County Council,England,"Belle Vue Road, Cinderford",Cinderford,GL14 2BZ,51.8228766,-2.4965516,LAL,Yes,,https://www.gloucestershire.gov.uk/libraries/find-a-library/cinderford-library/,way,1289196245,,1
Cirencester Bingham,Gloucestershire County Council,England,"The Waterloo, Cirencester",Cirencester,GL7 2PZ,51.717528,-1.965652,LAL,Yes,,https://www.gloucestershire.gov.uk/libraries/find-a-library/cirencester-library/,way,865629697,,30
Coleford,Gloucestershire County Council,England,"The Main Place, Old Station Way, Coleford",Coleford,GL16 8RH,51.79146,-2.615344,LAL,Yes,,https://www.gloucestershire.gov.uk/libraries/find-a-library/coleford-library/,way,870438448,Q55163481,36
Dursley,Gloucestershire County Council,England,"May Lane, Dursley",Dursley,GL11 4JH,51.681164,-2.357029,LAL,Yes,,https://www.gloucestershire.gov.uk/libraries/find-a-library/dursley-library/,way,217496189,,29
Fairford,Gloucestershire County Council,England,"London Road, Fairford",Fairford,GL7 4AQ,51.707325,-1.779921,LAL,Yes,,https://www.gloucestershire.gov.uk/libraries/find-a-library/fairford-library/,way,48514570,Q55163483,94
Gloucester,Gloucestershire County Council,England,"Brunswick Road, Gloucester",Gloucester,GL1 1HT,51.8630511,-2.2450639,LAL,Yes,,https://www.gloucestershire.gov.uk/libraries/find-a-library/gloucester-library-including-music-and-performing-arts/,way,1034092126,Q26538423,7
Hesters Way,Gloucestershire County Council,England,"Goldsmith Road, Cheltenham",Cheltenham,GL51 7RT,51.901771,-2.112696,LAL,Yes,,https://www.gloucestershire.gov.uk/libraries/find-a-library/hesters-way-library/,way,77276043,Q55163484,67
Hucclecote,Gloucestershire County Council,England,"Hucclecote Road, Gloucester",Gloucester,GL3 3RT,51.856938,-2.192661,LAL,Yes,,https://www.gloucestershire.gov.uk/libraries/find-a-library/hucclecote-library/,way,1034892972,Q55163486,32
Lechlade Community Library,Gloucestershire County Council,England,"Market Place, Lechlade",Lechlade,GL7 3AB,51.693916,-1.690981,CRL,No,,http://www.lechladelibrary.co.uk/,way,995009113,,1
Longlevens,Gloucestershire County Council,England,"Church Road, Gloucester",Gloucester,GL2 0AJ,51.875911,-2.212032,LAL,Yes,,https://www.gloucestershire.gov.uk/libraries/find-a-library/longlevens-library/,node,10650388916,Q26538423,118
Lydney,Gloucestershire County Council,England,"Hill Street, Lydney",Lydney,GL15 5HW,51.726233,-2.533669,LAL,Yes,,https://www.gloucestershire.gov.uk/libraries/find-a-library/lydney-library/,way,1241386598,Q55163490,40
Matson,Gloucestershire County Council,England,"Winsley Road, Gloucester",Gloucester,GL4 6NG,51.839771,-2.215114,LAL,Yes,,https://www.gloucestershire.gov.uk/libraries/find-a-library/matson-library/,way,243355444,Q55163492,50
Minchinhampton Community Library,Gloucestershire County Council,England,"School Road, Minchinhampton",Minchinhampton,GL6 9BP,51.705744,-2.187458,CRL,No,,https://mclt.org.uk/,node,336002424,Q55163493,70
Mitcheldean Community Library,Gloucestershire County Council,England,"High Street, Mitcheldean",Mitcheldean,GL17 0HN,51.864978,-2.489057,CRL,No,,https://www.gl17hub.org/,,,,
Moreton in Marsh,Gloucestershire County Council,England,"Stow Road, Moreton-in-Marsh",Moreton-in-Marsh,GL56 0DR,51.986982,-1.703299,LAL,Yes,,https://www.gloucestershire.gov.uk/libraries/find-a-library/moreton-in-marsh-library/,way,71445209,,33
Nailsworth,Gloucestershire County Council,England,"Old Market, Nailsworth",Nailsworth,GL6 0DU,51.694723,-2.219195,LAL,Yes,,https://www.gloucestershire.gov.uk/libraries/find-a-library/nailsworth-library/,way,1081592771,Q55163496,38
Newent,Gloucestershire County Council,England,"High Street, Newent",Newent,GL18 1AN,51.931772,-2.406532,LAL,Yes,,https://www.gloucestershire.gov.uk/libraries/find-a-library/newent-library/,way,105297880,Q55163497,55
Newnham Community Library,Gloucestershire County Council,England,"High Street, Newnham-on-Severn",Newnham-on-Severn,GL14 1AD,51.802553,-2.450587,CRL,No,,,,,,
Prestbury,Gloucestershire County Council,England,"The Burgage, Prestbury",Prestbury,GL52 3DN,51.914888,-2.04857,LAL,Yes,,https://www.gloucestershire.gov.uk/libraries/find-a-library/prestbury-library/,way,169199456,,167
Quedgeley,Gloucestershire County Council,England,"Bristol Road, Gloucester",Gloucester,GL2 4PE,51.826807,-2.278998,LAL,Yes,,https://www.gloucestershire.gov.uk/libraries/find-a-library/quedgeley-library/,way,609765371,Q55163499,67
Stow on Wold,Gloucestershire County Council,England,"St. Edwards Hall, The Square, Stow-on-the-Wold",Stow-on-the-Wold,GL54 1AF,51.930423,-1.722451,LAL,Yes,,https://www.gloucestershire.gov.uk/libraries/find-a-library/stow-on-the-wold-library/,way,118720738,,28
Stroud,Gloucestershire County Council,England,"Lansdown, Stroud",Stroud,GL5 1BB,51.746532,-2.215988,LAL,Yes,,https://www.gloucestershire.gov.uk/libraries/find-a-library/stroud-library/,node,11810136107,,216
Tetbury,Gloucestershire County Council,England,"Close Gardens, Tetbury",Tetbury,GL8 8DU,51.637098,-2.161975,LAL,Yes,,https://www.gloucestershire.gov.uk/libraries/find-a-library/tetbury-library/,way,547941804,Q55163503,77
Tewkesbury,Gloucestershire County Council,England,"Sun Street, Tewkesbury",Tewkesbury,GL20 5NX,51.996081,-2.155433,LAL,Yes,,https://www.gloucestershire.gov.uk/libraries/find-a-library/tewkesbury-library/,way,221998538,Q55163504,3
Tuffley,Gloucestershire County Council,England,"Windsor Drive, Tuffley",Tuffley,GL4 0RT,51.8305946,-2.2610536,LAL,Yes,,https://www.gloucestershire.gov.uk/libraries/find-a-library/tuffley-library/,node,4357991300,Q55163505,6
Up Hatherley,Gloucestershire County Council,England,"Hulbert Crescent, Caernarvon Road, Cheltenham",Cheltenham,GL51 3BW,51.880573,-2.107871,LAL,Yes,,https://www.gloucestershire.gov.uk/libraries/find-a-library/up-hatherley-library/,node,2188767967,,65
Winchcombe,Gloucestershire County Council,England,"Back Lane, Winchcombe",Winchcombe,GL54 5PZ,51.954678,-1.96732,LAL,Yes,,https://www.gloucestershire.gov.uk/libraries/find-a-library/winchcombe-library/,way,114814091,Q55163507,3
Wotton-Under-Edge,Gloucestershire County Council,England,"Ludgate Hill, Wotton-under-Edge",Wotton-under-Edge,GL12 7JJ,51.637246,-2.349575,LAL,Yes,,https://www.gloucestershire.gov.uk/libraries/find-a-library/wotton-under-edge-library/,way,187020423,,25
Aldershot,Hampshire County Council,England,"109 High Street, Aldershot",Aldershot,GU11 1DQ,51.2496353,-0.7616749,LAL,Yes,,https://www.hants.gov.uk/library,way,439360758,Q55121742,3
Alresford,Hampshire County Council,England,"20 Broad Street, New Alresford",New Alresford,SO24 9AQ,51.091187,-1.161179,LAL,Yes,,https://www.hants.gov.uk/library,node,7855418823,Q55121743,15
Alton,Hampshire County Council,England,"Vicarage Hill, Alton",Alton,GU34 1HT,51.149629,-0.976144,LAL,Yes,,https://www.hants.gov.uk/library,way,44572128,Q55121744,29
Andover,Hampshire County Council,England,"Chantry Centre, Andover",Andover,SP10 1LT,51.208326,-1.479972,LAL,Yes,,https://www.hants.gov.uk/library,way,1380279796,Q55121745,16
Basingstoke Discovery Centre,Hampshire County Council,England,"Festival Place, Shopping Centre, Basingstoke",Basingstoke,RG21 7LS,51.263879,-1.08752,LAL,Yes,,https://www.hants.gov.uk/library,way,701335795,Q55121746,19
Bishops Waltham,Hampshire County Council,England,"Free Street, Southampton",Southampton,SO32 1EE,50.956405,-1.208286,LAL,Yes,,https://www.hants.gov.uk/library,way,55363699,Q55121747,173
Bordon,Hampshire County Council,England,"Forest Centre, Pinehill Road, Bordon",Bordon,GU35 0TN,51.108858,-0.858164,LAL,Yes,,https://www.hants.gov.uk/library,way,244801564,Q55121749,67
Bridgemary,Hampshire County Council,England,"74 Brewers Lane, Gosport",Gosport,PO13 0LA,50.821183,-1.170625,LAL,Yes,,https://www.hants.gov.uk/library,way,365716371,,51
Chandlers Ford,Hampshire County Council,England,"Oakmount Road, Eastleigh",Eastleigh,SO53 2LH,50.987188,-1.372861,LAL,Yes,,https://www.hants.gov.uk/library,way,75767284,Q26677166,73
Chineham,Hampshire County Council,England,"Chineham District Centre, Basingstoke",Basingstoke,RG24 8BQ,51.284188,-1.059706,LAL,Yes,,https://www.hants.gov.uk/library,way,23627958,Q55121752,56
Eastleigh,Hampshire County Council,England,"1st Floor Swan Centre, Eastleigh",Eastleigh,SO50 5SF,50.966847,-1.353155,LAL,Yes,,https://www.hants.gov.uk/library,node,1555721680,Q55121753,59
Elson,Hampshire County Council,England,"136 Chantry Road, Gosport",Gosport,PO12 4NG,50.808447,-1.146737,ICL,No,,https://www.hants.gov.uk/library,way,244948312,Q55121754,66
Fair Oak,Hampshire County Council,England,"Campbell Way, Eastleigh",Eastleigh,SO50 7AX,50.965901,-1.301329,ICL,No,,https://www.hants.gov.uk/library,way,234183831,Q55121756,123
Fareham,Hampshire County Council,England,"Osborn Road, Fareham",Fareham,PO16 7EN,50.85399,-1.177303,LAL,Yes,,https://www.hants.gov.uk/library,way,38622710,Q55121757,10
Farnborough,Hampshire County Council,England,"Pinehurst, Farnborough",Farnborough,GU14 7JZ,51.289896,-0.755749,LAL,Yes,,https://www.hants.gov.uk/library,way,50160050,Q55121758,2
Fleet,Hampshire County Council,England,"236 Fleet Road, Fleet",Fleet,GU51 4BX,51.278674,-0.845488,LAL,Yes,,https://www.hants.gov.uk/library,node,130009487,Q55121759,81
Fordingbridge,Hampshire County Council,England,"Roundhill, Fordingbridge",Fordingbridge,SP6 1AQ,50.927553,-1.790567,LAL,Yes,,https://www.hants.gov.uk/library,way,186988909,Q55121760,75
Gosport Discovery Centre,Hampshire County Council,England,"High Street, Gosport",Gosport,PO12 1BT,50.7946334,-1.1249264,LAL,Yes,,https://www.hants.gov.uk/library,node,347537755,Q55121761,14
Gosport Naval & Local Studies,Hampshire County Council,England,"High Street, Gosport",Gosport,PO12 1BT,50.7946334,-1.1249264,LAL,Yes,,https://www.hants.gov.uk/library,,,,
Havant,Hampshire County Council,England,"Havant Meridian Centre, Havant",Havant,PO9 1UN,50.852508,-0.982449,LAL,Yes,,https://www.hants.gov.uk/library,node,1073026576,Q55121763,45
Hayling Island,Hampshire County Council,England,"Elm Grove, Hayling Island",Hayling Island,PO11 9EE,50.791539,-0.977502,LAL,Yes,,https://www.hants.gov.uk/library,way,92889732,,5
Hedge End,Hampshire County Council,England,"11 Upper Northam Road, Hedge End",Hedge End,SO30 4DY,50.913621,-1.304732,LAL,Yes,,https://www.hants.gov.uk/library,way,99057609,Q55121765,74
Hythe,Hampshire County Council,England,"Pylewell Road, Southampton",Southampton,SO45 6AQ,50.86913,-1.399473,LAL,Yes,,https://www.hants.gov.uk/library,way,44598419,,45
Kingsclere,Hampshire County Council,England,"35 George Street, Kingsclere",Kingsclere,RG20 5NH,51.32487,-1.245129,ICL,No,,https://www.hants.gov.uk/library,node,262422909,Q55121768,94
Lee-on-the-Solent,Hampshire County Council,England,"14 High Street, Lee-on-the-Solent",Lee-on-the-Solent,PO13 9BZ,50.7998,-1.199499,ICL,No,,https://www.hants.gov.uk/library,node,1794098950,,113
Leigh Park,Hampshire County Council,England,"50 Park Parade, Leigh Park",Hampshire,PO9 5AB,50.866666,-0.985864,LAL,Yes,,https://www.hants.gov.uk/library,way,110690775,Q55121770,9
Liphook,Hampshire County Council,England,"London Road, Liphook",Liphook,GU30 7AN,51.078942,-0.800912,LAL,Yes,,https://www.hants.gov.uk/library,way,831373641,Q55121771,79
Lockswood,Hampshire County Council,England,"Locks Heath District Centre, Southampton",Southampton,SO31 6DX,50.863576,-1.27498,LAL,Yes,,https://www.hants.gov.uk/library,node,320079137,Q55121773,42
Lymington,Hampshire County Council,England,"North Close, Lymington",Lymington,SO41 9BW,50.761504,-1.541755,LAL,Yes,,https://www.hants.gov.uk/library,way,161863216,Q55121775,98
Lyndhurst,Hampshire County Council,England,"Community Centre, Lyndhurst",Lyndhurst,SO43 7NY,50.871906,-1.57467,ICL,No,,https://www.hants.gov.uk/library,node,291175417,Q55121776,93
Milford-on-Sea,Hampshire County Council,England,"Village Hall, Park Road, Milford-on-Sea",Milford-on-Sea,SO41 0QU,50.726054,-1.587233,ICL,No,,https://www.hants.gov.uk/library,node,493733422,,87
Netley,Hampshire County Council,England,"Station Road, Netley Abbey, Southampton",Southampton,SO31 5DT,50.87289,-1.352533,LAL,Yes,,https://www.hants.gov.uk/library,way,1129713958,Q55121778,39
New Milton,Hampshire County Council,England,"Gore Road, New Milton",New Milton,BH25 6RW,50.752257,-1.659149,LAL,Yes,,https://www.hants.gov.uk/library,way,467766665,Q55121779,1
Odiham,Hampshire County Council,England,"The Bury, Odiham",Odiham,RG29 1NB,51.252942,-0.939906,ICL,No,,https://www.hants.gov.uk/library,node,10219529115,,2
Overton,Hampshire County Council,England,"High Street , Basingstoke",Basingstoke,RG25 3HB,51.24384,-1.264493,LAL,Yes,,https://www.hants.gov.uk/library,node,1667022537,Q55121781,59
Petersfield,Hampshire County Council,England,"27 The Square, Petersfield",Petersfield,GU32 3HH,51.003767,-0.938254,LAL,Yes,,https://www.hants.gov.uk/library,node,381120306,Q55121782,23
Portchester,Hampshire County Council,England,"West Street, Portchester",Portchester,PO16 9TX,50.8464795,-1.1263988,LAL,Yes,,https://www.hants.gov.uk/library,node,10934511,Q55121783,22
Ringwood,Hampshire County Council,England,"Christchurch Road, Ringwood",Ringwood,BH24 1DW,50.844485,-1.788539,LAL,Yes,,https://www.hants.gov.uk/library,way,191470379,Q55121784,74
Romsey,Hampshire County Council,England,"Station Road, Romsey",Romsey,SO51 8DN,50.991364,-1.496618,LAL,Yes,,https://www.hants.gov.uk/library,way,683222129,Q26566506,5
South Ham,Hampshire County Council,England,"Paddock Road , Basingstoke",Basingstoke,RG22 6QB,51.258744,-1.117979,ICL,No,,https://www.hants.gov.uk/library,way,190659404,Q55121785,102
Stanmore Community Library,Hampshire County Council,England,"Somers Close, Winchester",Winchester,SO22 4EJ,51.051795,-1.336689,ICL,No,,https://www.hants.gov.uk/library,node,4584316662,Q55121786,107
Stubbington,Hampshire County Council,England,"Stubbington Lane, Fareham",Fareham,PO14 2PP,50.823173,-1.214135,LAL,Yes,,https://www.hants.gov.uk/library,way,23817292,Q55121787,122
Tadley,Hampshire County Council,England,"Mulfords Hill, Basingstoke",Basingstoke,RG26 3JE,51.355214,-1.141504,LAL,Yes,,https://www.hants.gov.uk/library,,,,
Totton,Hampshire County Council,England,"Library Road, Southampton",Southampton,SO40 3RS,50.920033,-1.489478,LAL,Yes,,https://www.hants.gov.uk/library,way,23134482,Q55121789,45
Waterlooville,Hampshire County Council,England,"The Precinct, Waterlooville",Waterlooville,PO7 7DT,50.880037,-1.030291,LAL,Yes,,https://www.hants.gov.uk/library,way,201826453,,44
West End,Hampshire County Council,England,"Parish Centre, Chapel Road, West End",West End,SO30 3FE,50.929161,-1.335748,LAL,Yes,,https://www.hants.gov.uk/library,node,2143335197,,113
Whitchurch,Hampshire County Council,England,"Gill Nethercott Centre, Winchester Road, Whitchurch",Whitchurch,RG28 7HP,51.226485,-1.338249,LAL,Yes,,https://www.hants.gov.uk/library,node,347524927,Q55121793,172
Winchester Library,Hampshire County Council,England,"Jewry Street, Winchester",Winchester,SO23 8SB,51.065947,-1.316051,LAL,Yes,,https://www.hants.gov.uk/library,node,9498481240,,83
Yateley,Hampshire County Council,England,"School Lane, Yateley",Yateley,GU46 6NL,51.33822,-0.839013,LAL,Yes,,https://www.hants.gov.uk/library,way,221401052,Q55121794,62
Abbots Langley Library,Hertfordshire County Council,England,"High Street, Abbots Langley",Abbots Langley,WD5 0AP,51.7082578,-0.4162762,LAL,Yes,,https://www.hertfordshire.gov.uk/services/libraries-and-archives/library-opening-hours/abbots-langley-library.aspx,way,220078366,Q55111237,1
Adeyfield Library (Hemel Hempstead),Hertfordshire County Council,England,"1a Queen's Square, Hemel Hempstead",Hemel Hempstead,HP2 4EW,51.7558144,-0.4528422,LAL,Yes,,https://www.hertfordshire.gov.uk/services/libraries-and-archives/library-opening-hours/adeyfield-library.aspx,node,5737607075,Q55111238,2
Baldock Library,Hertfordshire County Council,England,"Simpson Drive, Baldock",Baldock,SG7 6DH,51.9886001,-0.1870685,LAL,Yes,,https://www.hertfordshire.gov.uk/services/libraries-and-archives/library-opening-hours/baldock-library.aspx,way,136294579,Q55111239,2
Bishops Stortford Library,Hertfordshire County Council,England,"The Causeway, Bishop's Stortford",Bishop's Stortford,CM23 2EJ,51.870924,0.1613186,LAL,Yes,,https://www.hertfordshire.gov.uk/services/libraries-and-archives/library-opening-hours/bishops-stortford-library.aspx,way,79058414,Q55111241,13
Bovingdon Community Library,Hertfordshire County Council,England,"High Street, Bovingdon",Bovingdon,HP3 0HJ,51.7233324,-0.5322274,CRL,Yes,,https://www.hertfordshire.gov.uk/services/libraries-and-archives/library-opening-hours/bovingdon-community-library.aspx,way,418994323,Q55111244,6
Brookmans Park Community Library,Hertfordshire County Council,England,"31 Bradmore Green, Brookmans Park",Hertfordshire,AL9 7QR,51.7221569,-0.2018763,CRL,Yes,,https://www.hertfordshire.gov.uk/services/libraries-and-archives/library-opening-hours/brookmans-park-community-library.aspx,node,8199841068,Q55111245,5
Buntingford Library,Hertfordshire County Council,England,"77 High Street, Buntingford",Buntingford,SG9 9AE,51.9485656,-0.0205421,LAL,Yes,,https://www.hertfordshire.gov.uk/services/libraries-and-archives/library-opening-hours/buntingford-library.aspx,node,10996958708,,14
Bushey Library,Hertfordshire County Council,England,"Sparrows Herne, Bushey",Bushey,WD23 1FA,51.638551,-0.3529222,LAL,Yes,,https://www.hertfordshire.gov.uk/services/libraries-and-archives/library-opening-hours/bushey-library.aspx,way,583712558,Q55111249,4
Cheshunt Library,Hertfordshire County Council,England,"Turners Hill, Cheshunt",Cheshunt,EN8 8LB,51.6999397,-0.0331784,LAL,Yes,,https://www.hertfordshire.gov.uk/services/libraries-and-archives/library-opening-hours/cheshunt-library.aspx,node,265667683,Q26393023,8
Chorleywood Community Library,Hertfordshire County Council,England,"Lower Road, Chorleywood",Chorleywood,WD3 5LB,51.6530615,-0.518843,CRL,Yes,,https://www.hertfordshire.gov.uk/services/libraries-and-archives/library-opening-hours/chorleywood-community-library.aspx,way,619265529,Q55111251,8
Croxley Green Library,Hertfordshire County Council,England,"Barton Way, Croxley Green",Croxley Green,WD3 3HB,51.6483788,-0.4465508,LAL,Yes,,https://www.hertfordshire.gov.uk/services/libraries-and-archives/library-opening-hours/croxley-green-library.aspx,way,924963182,Q55111252,7
Cuffley Community Library,Hertfordshire County Council,England,"Maynards Place, Station Road, Cuffley",Cuffley,EN6 4JA,51.7084434,-0.1130557,CRL,Yes,,https://www.hertfordshire.gov.uk/services/libraries-and-archives/library-opening-hours/cuffley-community-library.aspx,node,13615855687,,12
Goffs Oak Community Library,Hertfordshire County Council,England,"Goffs Lane, Goffs Oak",Goffs Oak,EN7 5ET,51.7103095,-0.0850269,CRL,Yes,,https://www.hertfordshire.gov.uk/services/libraries-and-archives/library-opening-hours/goffs-oak-community-library.aspx,,,,
Hertfordshire Archives & Local Studies,Hertfordshire County Council,England,"Register Office Block, County Hall, Pegs Lane, Hertford",Hertford,SG13 8EJ,51.790951,-0.0814649,LAL,Yes,,https://www.hertfordshire.gov.uk/services/libraries-and-archives/library-opening-hours/hertfordshire-archives-and-local-studies.aspx,,,,
Hitchin Library,Hertfordshire County Council,England,"Paynes Park, Hitchin",Hitchin,SG5 1EW,51.9482608,-0.2817813,LAL,Yes,,https://www.hertfordshire.gov.uk/services/libraries-and-archives/library-opening-hours/hitchin-library.aspx,way,30495182,Q55111259,7
Hoddesdon Library,Hertfordshire County Council,England,"98a High Street, Hoddesdon",Hoddesdon,EN11 8HD,51.7605173,-0.0114619,LAL,Yes,,https://www.hertfordshire.gov.uk/services/libraries-and-archives/library-opening-hours/hoddesdon-library.aspx,way,122971662,Q55111261,24
Kings Langley Community Library,Hertfordshire County Council,England,"The Nap, Kings Langley",Kings Langley,WD4 8ET,51.7141244,-0.4488882,CRL,Yes,,https://www.hertfordshire.gov.uk/services/libraries-and-archives/library-opening-hours/kings-langley-community-library.aspx,way,103127927,Q55111262,5
Letchworth Library,Hertfordshire County Council,England,"Broadway, Letchworth",Letchworth,SG6 3PF,51.9768259,-0.2293757,LAL,Yes,,https://www.hertfordshire.gov.uk/services/libraries-and-archives/library-opening-hours/letchworth-library.aspx,way,135858880,,5
Leverstock Green Community Library (Hemel Hempstead),Hertfordshire County Council,England,"Village Centre, Leverstock Green Road, Hemel Hempstead",Hemel Hempstead,HP3 8QG,51.7481375,-0.4309911,CRL,Yes,,https://www.hertfordshire.gov.uk/services/libraries-and-archives/library-opening-hours/leverstock-green-community-library-hemel-hempstead.aspx,way,182529717,Q55111266,9
London Colney Community Library,Hertfordshire County Council,England,"Community Centre,  Caledon Road, London Colney",London Colney,AL2 1PU,51.7229263,-0.299387,CRL,Yes,,https://www.hertfordshire.gov.uk/services/libraries-and-archives/library-opening-hours/london-colney-community-library.aspx,way,519963732,,2
Marshalswick Library (St. Albans),Hertfordshire County Council,England,"The Ridgeway, St. Albans",St. Albans,AL4 9TU,51.7632475,-0.3056534,LAL,Yes,,https://www.hertfordshire.gov.uk/services/libraries-and-archives/library-opening-hours/marshalswick-library.aspx,node,9595884612,Q55111270,17
North Watford Library,Hertfordshire County Council,England,"St Albans Road, Watford",Watford,WD24 7RW,51.6803186,-0.3943529,LAL,Yes,,https://www.hertfordshire.gov.uk/services/libraries-and-archives/library-opening-hours/north-watford-library.aspx,way,1067559446,Q55111271,1
Oakmere Library (Potters Bar),Hertfordshire County Council,England,"High Street, Oakmere",Oakmere,EN6 5BZ,51.6980476,-0.1732675,LAL,Yes,,https://www.hertfordshire.gov.uk/services/libraries-and-archives/library-opening-hours/oakmere-library.aspx,way,59612436,Q55111272,4
Oxhey Library (South Oxhey),Hertfordshire County Council,England,"Bridlington Road, South Oxhey",South Oxhey,WD19 7FD,51.6274546,-0.3892138,LAL,Yes,,https://www.hertfordshire.gov.uk/services/libraries-and-archives/library-opening-hours/oxhey-library.aspx,node,308507359,,181
Radlett Library,Hertfordshire County Council,England,"Aldenham Avenue, Radlett",Radlett,WD7 8HL,51.6820092,-0.3173087,LAL,Yes,,https://www.hertfordshire.gov.uk/services/libraries-and-archives/library-opening-hours/radlett-library.aspx,,,,
Rickmansworth Library,Hertfordshire County Council,England,"High Street, Rickmansworth",Rickmansworth,WD3 1EH,51.6390486,-0.4688071,LAL,Yes,,https://www.hertfordshire.gov.uk/services/libraries-and-archives/library-opening-hours/rickmansworth-library.aspx,way,924558392,Q55111276,2
Royston Library,Hertfordshire County Council,England,"Market Hill, Royston",Royston,SG8 9JN,52.0468042,-0.0221572,LAL,Yes,,https://www.hertfordshire.gov.uk/services/libraries-and-archives/library-opening-hours/royston-library.aspx,way,157903368,Q55111278,27
Sawbridgeworth Community Library,Hertfordshire County Council,England,"The Forebury, Sawbridgeworth",Sawbridgeworth,CM21 9BD,51.813421,0.1524137,CRL,Yes,,https://www.hertfordshire.gov.uk/services/libraries-and-archives/library-opening-hours/sawbridgeworth-community-library.aspx,way,928440555,Q55111281,2
St. Albans Library,Hertfordshire County Council,England,"The Maltings, St. Albans",St. Albans,AL1 3JQ,51.7510038,-0.3373759,LAL,Yes,,https://www.hertfordshire.gov.uk/services/libraries-and-archives/library-opening-hours/st-albans-library.aspx,node,661632388,Q55111279,21
Stevenage Central Library,Hertfordshire County Council,England,"Southgate, Stevenage",Stevenage,SG1 1HD,51.8997009,-0.2014673,LAL,Yes,,https://www.hertfordshire.gov.uk/services/libraries-and-archives/library-opening-hours/stevenage-central-library.aspx,way,141255319,Q55111283,5
Stevenage Old Town Library,Hertfordshire County Council,England,"38 High Street, Stevenage",Stevenage,SG1 3EF,51.9129486,-0.209313,LAL,Yes,,https://www.hertfordshire.gov.uk/services/libraries-and-archives/library-opening-hours/stevenage-old-town-library.aspx,node,598293857,Q55111285,8
Tring Library,Hertfordshire County Council,England,"High Street, Tring",Tring,HP23 4AF,51.7935862,-0.6637157,LAL,Yes,,https://www.hertfordshire.gov.uk/services/libraries-and-archives/library-opening-hours/tring-library.aspx,way,167220856,Q55111287,2
Waltham Cross Library,Hertfordshire County Council,England,"123 High Street, Waltham Cross",Waltham Cross,EN8 7AN,51.6865221,-0.0337022,LAL,Yes,,https://www.hertfordshire.gov.uk/services/libraries-and-archives/library-opening-hours/waltham-cross-library.aspx,way,866730652,,10
Ware Library,Hertfordshire County Council,England,"87 High Street, Ware",Ware,SG12 9AD,51.8113647,-0.0336245,LAL,Yes,,https://www.hertfordshire.gov.uk/services/libraries-and-archives/library-opening-hours/ware-library.aspx,node,13754500201,Q17554041,190
Watford Central Library,Hertfordshire County Council,England,"Hempstead Road, Watford",Watford,WD17 3EU,51.6602143,-0.4030739,LAL,Yes,,https://www.hertfordshire.gov.uk/services/libraries-and-archives/library-opening-hours/watford-library.aspx,way,88510561,Q55111290,14
Welwyn Community Library,Hertfordshire County Council,England,"Civic Centre, Prospect Place, Welwyn",Welwyn,AL6 9ER,51.8293573,-0.2133119,CRL,Yes,,https://www.hertfordshire.gov.uk/services/libraries-and-archives/library-opening-hours/welwyn-community-library.aspx,node,5236636814,Q55111291,4
Woodhall Library,Hertfordshire County Council,England,"Cole Green Lane, Welwyn Garden City",Hertfordshire,AL7 3JA,51.7913243,-0.1917727,LAL,Yes,,https://www.hertfordshire.gov.uk/services/libraries-and-archives/library-opening-hours/woodhall-library.aspx,way,309433466,Q55111295,3
Allington Library,Kent County Council,England,"Castle Road, Maidstone",Maidstone,ME16 0PR,51.287269,0.49753,LAL,Yes,,http://www.kent.gov.uk/leisure-and-community/libraries,node,364807102,Q54888845,55
Ashen Drive Library,Kent County Council,England,"Ashen Drive, Dartford",Dartford,DA1 3LY,51.444417,0.191157,LAL,Yes,,http://www.kent.gov.uk/leisure-and-community/libraries,way,1497825836,,69
Ash Library,Kent County Council,England,"Ash Village Hall, 10 Queens Road, Canterbury",Canterbury,CT3 2BG,51.27988,1.280531,LAL,Yes,,http://www.kent.gov.uk/leisure-and-community/libraries,node,769125048,,70
Aylesham Library,Kent County Council,England,"Aylesham Community Centre, Ackholt Road, Canterbury",Canterbury,CT3 3AJ,51.225662,1.209385,LAL,Yes,,http://www.kent.gov.uk/leisure-and-community/libraries,node,769830521,,61
Bearsted Library,Kent County Council,England,"The Green, Bearsted",Bearsted,ME14 4DN,51.274595,0.580107,LAL,Yes,,http://www.kent.gov.uk/leisure-and-community/libraries,,,,
Birchington Library,Kent County Council,England,"Alpha Road, Birchington",Birchington,CT7 9EG,51.377306,1.305391,LAL,Yes,,http://www.kent.gov.uk/leisure-and-community/libraries,way,279827943,Q54888858,110
Borough Green Library,Kent County Council,England,"High Street, Borough Green",Borough Green,TN15 8BJ,51.292341,0.306459,LAL,Yes,,http://www.kent.gov.uk/leisure-and-community/libraries,way,253971425,Q54888860,69
Boughton-under-Blean Library,Kent County Council,England,"Village Hall Bull Lane, Boughton-under-Blean",Boughton-under-Blean,ME13 9AH,51.297991,0.947111,LAL,Yes,,http://www.kent.gov.uk/leisure-and-community/libraries,node,1241699930,,201
Broadstairs Library,Kent County Council,England,"The Broadway, Broadstairs",Broadstairs,CT10 2BS,51.360642,1.432481,LAL,Yes,,http://www.kent.gov.uk/leisure-and-community/libraries,way,101835208,Q54888863,2
Canterbury Library,Kent County Council,England,"18 High Street, Canterbury",Canterbury,CT1 2RA,51.279627,1.079225,LAL,Yes,,http://www.kent.gov.uk/leisure-and-community/libraries,way,759789295,Q26370404,24
Charing Library,Kent County Council,England,"Market Place, Charing",Charing,TN27 0LR,51.210531,0.795018,LAL,Yes,,http://www.kent.gov.uk/leisure-and-community/libraries,way,1219003544,Q54888865,34
Cheriton Library,Kent County Council,England,"64 Cheriton High Street, Folkestone",Folkestone,CT19 4HB,51.088305,1.142359,LAL,Yes,,http://www.kent.gov.uk/leisure-and-community/libraries,way,947493850,,1
Cliftonville Library,Kent County Council,England,"Queen Elizabeth Avenue, Margate",Margate,CT9 3JX,51.384165,1.417998,LAL,Yes,,http://www.kent.gov.uk/leisure-and-community/libraries,way,322203325,Q54888868,2
Coldharbour Library,Kent County Council,England,"Coldharbour Road Northfleet, Gravesend",Gravesend,DA11 8AE,51.431022,0.347881,LAL,Yes,,http://www.kent.gov.uk/leisure-and-community/libraries,way,42373979,Q54888869,56
Coxheath Library,Kent County Council,England,"Heath Road, Coxheath",Coxheath,ME17 4EH,51.233414,0.492936,LAL,Yes,,http://www.kent.gov.uk/leisure-and-community/libraries,,,,
Cranbrook Library,Kent County Council,England,"Carriers Road, Cranbrook",Cranbrook,TN17 3JT,51.099436,0.535458,LAL,Yes,,http://www.kent.gov.uk/leisure-and-community/libraries,way,398722350,,150
Dartford Library,Kent County Council,England,"Central Park, Market Street, Dartford",Dartford,DA1 1EU,51.4431283,0.2190702,LAL,Yes,,http://www.kent.gov.uk/leisure-and-community/libraries,way,43917586,Q5225616,2
Dashwood Library,Kent County Council,England,"Dashwood Road, Northfleet, Gravesend",Gravesend,DA11 7LY,51.430382,0.36048,LAL,Yes,,http://www.kent.gov.uk/leisure-and-community/libraries,way,980644369,Q54888875,154
Deal Library,Kent County Council,England,"Broad Street, Deal",Deal,CT14 6ER,51.223033,1.403516,LAL,Yes,,http://www.kent.gov.uk/leisure-and-community/libraries,node,247923191,,33
Dover Library,Kent County Council,England,"Dover Discovery Centre, Market Square, Dover",Dover,CT16 1PH,51.124691,1.313186,LAL,Yes,,http://www.kent.gov.uk/leisure-and-community/libraries,way,55388086,Q54888878,35
East Peckham Library,Kent County Council,England,"3 Pound Road, East Peckham",East Peckham,TN12 5AU,51.212581,0.385649,LAL,Yes,,http://www.kent.gov.uk/leisure-and-community/libraries,node,5075830590,Q54888886,21
Faversham Library,Kent County Council,England,"Newton Road, Faversham",Faversham,ME13 8DY,51.314232,0.892423,LAL,Yes,,http://www.kent.gov.uk/leisure-and-community/libraries,way,1111034084,Q54888889,50
Fleetdown Library,Kent County Council,England,"Swaledale Road, Dartford",Dartford,DA2 6JZ,51.43597,0.245458,LAL,Yes,,http://www.kent.gov.uk/leisure-and-community/libraries,way,1177873772,Q54888891,121
Folkestone Library,Kent County Council,England,"2 Grace Hill, Folkestone",Folkestone,CT20 1HD,51.08179,1.181003,LAL,Yes,,http://www.kent.gov.uk/leisure-and-community/libraries,node,13322865775,,75
Gravesend Library,Kent County Council,England,"Windmill Street, Gravesend",Gravesend,DA12 1BE,51.442083,0.369804,LAL,Yes,,http://www.kent.gov.uk/leisure-and-community/libraries,way,878911585,Q26625603,8
Greenhithe Library,Kent County Council,England,"London Road, Stone, Dartford",Dartford,DA9 9EJ,51.450285,0.289282,LAL,Yes,,http://www.kent.gov.uk/leisure-and-community/libraries,node,1954891518,Q54888892,18
Hadlow Library,Kent County Council,England,"School Lane, Hadlow",Hadlow,TN11 0EH,51.224414,0.337693,LAL,Yes,,http://www.kent.gov.uk/leisure-and-community/libraries,node,771674147,,13
Hartley Library,Kent County Council,England,"Ash Road, Hartley, Longfield",Longfield,DA3 8EL,51.383735,0.305792,LAL,Yes,,http://www.kent.gov.uk/leisure-and-community/libraries,way,1306800658,,2
Hawkhurst Library,Kent County Council,England,"Rye Road, Hawkhurst, Cranbrook",Cranbrook,TN18 4EY,51.047618,0.511368,LAL,Yes,,http://www.kent.gov.uk/leisure-and-community/libraries,node,386162491,Q54888897,51
Headcorn Library,Kent County Council,England,"17 Kings Road, Headcorn",Headcorn,TN27 9QT,51.169887,0.622185,LAL,Yes,,http://www.kent.gov.uk/leisure-and-community/libraries,node,4862191322,Q54888899,7
Herne Bay Library,Kent County Council,England,"124 High Street, Herne Bay",Herne Bay,CT6 5JY,51.37118,1.127184,LAL,Yes,,http://www.kent.gov.uk/leisure-and-community/libraries,way,655208310,,13
Higham Library,Kent County Council,England,"Villa Road, Higham, Rochester",Rochester,ME3 7BS,51.415147,0.458487,LAL,Yes,,http://www.kent.gov.uk/leisure-and-community/libraries,,,,
Hildenborough Library,Kent County Council,England,"3 Riding Lane, Hildenborough",Hildenborough,TN11 9HX,51.216962,0.240569,LAL,Yes,,http://www.kent.gov.uk/leisure-and-community/libraries,node,1110566177,,12
Hive House Library,Kent County Council,England,"10-11 The Hive, Northfleet, Gravesend",Gravesend,DA11 9DE,51.446219,0.328599,LAL,Yes,,http://www.kent.gov.uk/leisure-and-community/libraries,,,,
Hythe Library,Kent County Council,England,"1 Stade Street, Hythe",Hythe,CT21 6BQ,51.069422,1.082731,LAL,Yes,,http://www.kent.gov.uk/leisure-and-community/libraries,way,550250043,Q54888904,4
Kemsing Library,Kent County Council,England,"Dippers Close, Kemsing, Sevenoaks",Sevenoaks,TN15 6QD,51.307685,0.22177,LAL,Yes,,http://www.kent.gov.uk/leisure-and-community/libraries,way,148834436,Q54888906,151
King's Farm Library,Kent County Council,England,"Sun Lane, Gravesend",Gravesend,DA12 5HR,51.426478,0.376607,LAL,Yes,,http://www.kent.gov.uk/leisure-and-community/libraries,way,878914258,Q54888907,19
Larkfield Library,Kent County Council,England,"Martin Square, Larkfield, Aylesford",Aylesford,ME20 6QW,51.299754,0.439417,LAL,Yes,,http://www.kent.gov.uk/leisure-and-community/libraries,way,475456649,Q54888908,3
Lenham Library,Kent County Council,England,"11 The Square, Lenham",Lenham,ME17 2PQ,51.237346,0.718947,LAL,Yes,,http://www.kent.gov.uk/leisure-and-community/libraries,node,575044049,Q26314102,3
Longfield Library,Kent County Council,England,"49 Main Road, Longfield",Longfield,DA3 7QT,51.399291,0.299501,LAL,Yes,,http://www.kent.gov.uk/leisure-and-community/libraries,node,1572836959,Q54888909,80
Lydd Library,Kent County Council,England,"Skinner Road, Lydd, Romney Marsh",Romney Marsh,TN29 9HN,50.949472,0.906497,LAL,Yes,,http://www.kent.gov.uk/leisure-and-community/libraries,node,1106363130,Q54888910,40
Lyminge Library,Kent County Council,England,"Station Road, Lyminge",Lyminge,CT18 8HS,51.12741,1.092297,LAL,Yes,,http://www.kent.gov.uk/leisure-and-community/libraries,node,4720208545,Q54889003,4
Madginford Library,Kent County Council,England,"Egremont Road, Bearsted",Bearsted,ME15 8LH,51.264595,0.564925,LAL,Yes,,http://www.kent.gov.uk/leisure-and-community/libraries,,,,
Marden Library,Kent County Council,England,"High Street, Marden",Marden,TN12 9DP,51.173549,0.496817,LAL,Yes,,http://www.kent.gov.uk/leisure-and-community/libraries,way,1014422434,,91
Margate Library,Kent County Council,England,"Thanet Gateway Plus, Cecil Street , Margate",Margate,CT9 1RE,51.3875511,1.3821916,LAL,Yes,,http://www.kent.gov.uk/leisure-and-community/libraries,way,589077639,Q54889012,3
Marling Cross Library,Kent County Council,England,"266 Mackenzie Way, Gravesend",Gravesend,DA12 5TY,51.411831,0.383943,LAL,Yes,,http://www.kent.gov.uk/leisure-and-community/libraries,node,529013447,Q54889015,87
Meopham Library,Kent County Council,England,"Wrotham Road, Meopham, Gravesend",Gravesend,DA13 0AH,51.368901,0.359744,LAL,Yes,,http://www.kent.gov.uk/leisure-and-community/libraries,,,,
Minster-in-Sheppey Library,Kent County Council,England,"Worcester Close, Minster-on-Sea",Minster-on-Sea,ME12 3NP,51.420075,0.804236,LAL,Yes,,http://www.kent.gov.uk/leisure-and-community/libraries,way,60780422,Q54889019,50
Minster-in-Thanet Library,Kent County Council,England,"4a Monkton Road, Minster, Ramsgate",Ramsgate,CT12 4EA,51.3346,1.313286,LAL,Yes,,http://www.kent.gov.uk/leisure-and-community/libraries,way,549876568,,46
New Ash Green Library,Kent County Council,England,"North Square, New Ash Green",New Ash Green,DA3 8QT,51.3669368,0.3052635,LAL,Yes,,http://www.kent.gov.uk/leisure-and-community/libraries,way,142542137,Q54889024,2
Newington Library,Kent County Council,England,"The Royal Harbour Academy, Sterling Way, Ramsgate",Ramsgate,CT12 6FA,51.3502105,1.3925539,LAL,Yes,,http://www.kent.gov.uk/leisure-and-community/libraries,node,8210322121,Q54889030,14
New Romney Library,Kent County Council,England,"82 High Street, New Romney",New Romney,TN28 8AU,50.986462,0.941548,LAL,Yes,,http://www.kent.gov.uk/leisure-and-community/libraries,way,288381193,Q54889027,5
Otford Library,Kent County Council,England,"High Street, Sevenoaks",Sevenoaks,TN14 5PH,51.31305,0.185106,LAL,Yes,,http://www.kent.gov.uk/leisure-and-community/libraries,way,149385997,Q54889031,92
Paddock Wood Library,Kent County Council,England,"9 Commercial Road, Paddock Wood",Paddock Wood,TN12 6EN,51.180771,0.388757,LAL,Yes,,http://www.kent.gov.uk/leisure-and-community/libraries,way,1531031267,Q54889033,43
Pembury Library,Kent County Council,England,"Henwood Green Road, Tunbridge Wells",Tunbridge Wells,TN2 4HS,51.148804,0.328765,LAL,Yes,,http://www.kent.gov.uk/leisure-and-community/libraries,way,152600811,Q54889035,7
Queenborough Library,Kent County Council,England,"Railway Terrace, Queenborough",Queenborough,ME11 5AY,51.416073,0.747477,LAL,Yes,,http://www.kent.gov.uk/leisure-and-community/libraries,way,60555014,Q54889038,43
Ramsgate Library,Kent County Council,England,"Guildford Lawn, Ramsgate",Ramsgate,CT11 9AY,51.334225,1.415485,LAL,Yes,,http://www.kent.gov.uk/leisure-and-community/libraries,way,1464537646,Q26640082,70
Riverhead Library,Kent County Council,England,"31 London Road, Riverhead",Riverhead,TN13 2BU,51.284784,0.169697,LAL,Yes,,http://www.kent.gov.uk/leisure-and-community/libraries,way,217864246,Q54889039,23
Riverview Park Library,Kent County Council,England,"The Alma, Leander Drive, Gravesend",Gravesend,DA12 4NG,51.41833,0.393774,LAL,Yes,,http://www.kent.gov.uk/leisure-and-community/libraries,way,878909838,Q54889043,36
Rusthall Library,Kent County Council,England,"Rusthall High Street, Rusthall",Rusthall,TN4 8RZ,51.135516,0.228302,LAL,Yes,,http://www.kent.gov.uk/leisure-and-community/libraries,way,253300014,Q54889044,3
Sandgate Library,Kent County Council,England,"Sandgate High Street, Sandgate",Sandgate,CT20 3RR,51.074013,1.149001,CRL,Yes,,http://www.kent.gov.uk/leisure-and-community/libraries,node,7807971929,,9
Sandwich Library,Kent County Council,England,"13 Market Street, Sandwich",Sandwich,CT13 9DA,51.275314,1.339849,LAL,Yes,,http://www.kent.gov.uk/leisure-and-community/libraries,node,7878176841,,3
Seal Library,Kent County Council,England,"High Street, Sevenoaks",Sevenoaks,TN15 0AL,51.288809,0.220255,LAL,Yes,,http://www.kent.gov.uk/leisure-and-community/libraries,node,411827470,Q54889052,54
Sevenoaks Library,Kent County Council,England,"Buckhurst Lane, Sevenoaks",Sevenoaks,TN13 1LQ,51.271355,0.194942,LAL,Yes,,http://www.kent.gov.uk/leisure-and-community/libraries,node,13512726449,Q52834913,1
Shepway Library,Kent County Council,England,"17 Northumberland Court, Northumberland Road, Maidstone",Maidstone,ME15 7LW,51.252757,0.545663,LAL,Yes,,http://www.kent.gov.uk/leisure-and-community/libraries,node,696838807,,18
Sherwood Library,Kent County Council,England,"TN2, Lakeside, Tunbridge Wells",Tunbridge Wells,TN2 3LZ,51.144988,0.287379,LAL,Yes,,http://www.kent.gov.uk/leisure-and-community/libraries,,,,
Showfields Library,Kent County Council,England,"Showfields Road, Tunbridge Wells",Tunbridge Wells,TN2 5PR,51.121066,0.248944,LAL,Yes,,http://www.kent.gov.uk/leisure-and-community/libraries,node,1148104839,Q54889059,60
Sittingbourne Library,Kent County Council,England,"Central Avenue, Sittingbourne",Sittingbourne,ME10 4AH,51.338997,0.73511,LAL,Yes,,http://www.kent.gov.uk/leisure-and-community/libraries,way,48239468,,15
Snodland Library,Kent County Council,England,"15-17 High Street, Snodland",Snodland,ME6 5DA,51.329816,0.443037,LAL,Yes,,http://www.kent.gov.uk/leisure-and-community/libraries,node,11339516038,Q54889081,29
Stanhope Library,Kent County Council,England,"67a Otterden Close, Ashford",Ashford,TN23 5TH,51.130893,0.852829,LAL,Yes,,http://www.kent.gov.uk/leisure-and-community/libraries,node,1198652381,,83
Staplehurst Library,Kent County Council,England,"The Parade, Staplehurst",Staplehurst,TN12 0LA,51.160506,0.551881,LAL,Yes,,http://www.kent.gov.uk/leisure-and-community/libraries,node,5030801067,Q54889086,61
St. Margaret's-at-Cliffe Library,Kent County Council,England,"Community Centre, 16 Kingsdown Road, St. Margarets-at-Cliffe",St. Margarets-at-Cliffe,CT15 6AZ,51.155821,1.372117,LAL,Yes,,http://www.kent.gov.uk/leisure-and-community/libraries,node,769219185,,51
Sturry Library,Kent County Council,England,"Chafy Crescent, Sturry",Sturry,CT2 0BA,51.299431,1.122575,LAL,Yes,,http://www.kent.gov.uk/leisure-and-community/libraries,way,1375659437,Q54889087,57
Summerhouse Drive Library,Kent County Council,England,"80 Summerhouse Drive, Dartford",Dartford,DA5 2EE,51.426596,0.166799,LAL,Yes,,http://www.kent.gov.uk/leisure-and-community/libraries,way,246494483,Q54889089,42
Sutton-at-Hone Library,Kent County Council,England,"Main Road, Sutton-at-Hone",Sutton-at-Hone,DA4 9HQ,51.408885,0.237343,LAL,Yes,,http://www.kent.gov.uk/leisure-and-community/libraries,,,,
Swalecliffe Library,Kent County Council,England,"78 Herne Bay Road, Whitstable",Whitstable,CT5 2LX,51.36085,1.065951,LAL,Yes,,http://www.kent.gov.uk/leisure-and-community/libraries,way,568784059,Q54889093,34
Swanley Library,Kent County Council,England,"London Road, Swanley",Swanley,BR8 7AE,51.396772,0.172836,LAL,Yes,,http://www.kent.gov.uk/leisure-and-community/libraries,node,3867301018,Q54889099,62
Swanscombe Library,Kent County Council,England,"Ebsfleet Academy (Discovery Centre), Southfleet Road, Swanscombe",Swanscombe,DA10 0BZ,51.4413501,0.3133273,LAL,Yes,,http://www.kent.gov.uk/leisure-and-community/libraries,,,,
Temple Hill Library,Kent County Council,England,"Temple Hill Square, Dartford",Dartford,DA1 5HY,51.450932,0.227711,LAL,Yes,,http://www.kent.gov.uk/leisure-and-community/libraries,way,30351863,Q54889101,62
Tenterden Library,Kent County Council,England,"Tenterden Gateway, 2 Manor Row, High Street, Tenterden",Tenterden,TN30 6HP,51.067584,0.684228,LAL,Yes,,http://www.kent.gov.uk/leisure-and-community/libraries,node,1119285214,Q54889102,14
Teynham Library,Kent County Council,England,"131 London Road, Teynham",Teynham,ME9 9QJ,51.328737,0.796821,LAL,Yes,,http://www.kent.gov.uk/leisure-and-community/libraries,way,71517292,,93
Tonbridge Library,Kent County Council,England,"1 Avebury Avenue, Tonbridge",Tonbridge,TN9 1TG,51.192489,0.271799,LAL,Yes,,http://www.kent.gov.uk/leisure-and-community/libraries,node,47099279,Q54889107,2
Tonbridge North Library,Kent County Council,England,"5 York Parade, Tonbridge",Tonbridge,TN10 3NP,51.215966,0.280916,LAL,Yes,,http://www.kent.gov.uk/leisure-and-community/libraries,node,1110566176,Q54889109,25
Vigo Library,Kent County Council,England,"The Village Hall, The Bay, Gravesend",Gravesend,DA13 0TD,51.330445,0.359261,LAL,Yes,,http://www.kent.gov.uk/leisure-and-community/libraries,node,9721543383,Q54889110,41
Westerham Library,Kent County Council,England,"London Road, Westerham",Westerham,TN16 1BD,51.267986,0.071882,LAL,Yes,,http://www.kent.gov.uk/leisure-and-community/libraries,way,316647387,,17
Westgate Library,Kent County Council,England,"Minster Road, Westgate-on-Sea",Westgate-on-Sea,CT8 8BP,51.378255,1.339179,LAL,Yes,,http://www.kent.gov.uk/leisure-and-community/libraries,way,624197019,Q54889115,105
West Kingsdown Library,Kent County Council,England,"London Road, West Kingsdown",West Kingsdown,TN15 6BZ,51.344346,0.258179,LAL,Yes,,http://www.kent.gov.uk/leisure-and-community/libraries,way,967337930,Q54889112,0
West Malling Library,Kent County Council,England,"22-24 High Street, West Malling",West Malling,ME19 6QR,51.295153,0.408834,LAL,Yes,,http://www.kent.gov.uk/leisure-and-community/libraries,way,245879714,Q26580207,18
Whitstable Library,Kent County Council,England,"Oxford Street, Whitstable",Whitstable,CT5 1DB,51.356035,1.024388,LAL,Yes,,http://www.kent.gov.uk/leisure-and-community/libraries,way,144784691,Q54889116,39
Wood Avenue Library,Kent County Council,England,"Wood Avenue, Folkestone",Folkestone,CT19 6HS,51.093008,1.183288,LAL,Yes,,http://www.kent.gov.uk/leisure-and-community/libraries,node,461132852,Q54889118,37
Wye Library,Kent County Council,England,"6 Upper Bridge Street, Wye",Wye,TN25 5AF,51.182315,0.937061,LAL,Yes,,http://www.kent.gov.uk/leisure-and-community/libraries,node,531831891,Q26512426,30
Yalding Library,Kent County Council,England,"Adin Coates House, High Street, Yalding",Yalding,ME18 6HU,51.22492,0.431118,LAL,Yes,,http://www.kent.gov.uk/leisure-and-community/libraries,node,768431553,,57
Accrington,Lancashire County Council,England,"St James Street, Accrington",Accrington,BB5 1NQ,53.7525095,-2.3663391,LAL,Yes,,http://lancashire.gov.uk/libraries-and-archives/libraries/find-a-library/Accrington-library.aspx,way,330485564,Q24993774,16
Adlington,Lancashire County Council,England,"Railway Road, Adlington   ",Adlington,PR6 9RG,53.6151912,-2.6012069,LAL,Yes,,http://lancashire.gov.uk/libraries-and-archives/libraries/find-a-library/adlington-library.aspx,node,641391186,,20
Ansdell,Lancashire County Council,England,"59 Commonside, Lytham  ",Lytham,FY8 4DJ,53.7437879,-2.9916606,LAL,Yes,,http://lancashire.gov.uk/libraries-and-archives/libraries/find-a-library/ansdell-library.aspx,node,965997345,,4
Bacup,Lancashire County Council,England,"St. James's Square, Bacup",Bacup,OL13 9AH,53.703441,-2.2000482,LAL,Yes,,http://lancashire.gov.uk/libraries-and-archives/libraries/find-a-library/bacup-library.aspx,,,,
Bamber Bridge,Lancashire County Council,England,"Station Road, Preston  ",Preston,PR5 6LA,53.7312719,-2.6615228,LAL,Yes,,http://lancashire.gov.uk/libraries-and-archives/libraries/find-a-library/bamber-bridge-library.aspx,way,289949311,,2
Barnoldswick,Lancashire County Council,England,"Fern Lea Avenue, Barnoldswick ",Barnoldswick,BB18 5DW,53.916405,-2.1859967,LAL,Yes,,http://lancashire.gov.uk/libraries-and-archives/libraries/find-a-library/barnoldswick-library.aspx,way,895016746,Q55112855,5
Barrowford,Lancashire County Council,England,"Ann Street, Barrowford",Barrowford,BB9 8QH,53.8493016,-2.2182269,LAL,Yes,,http://lancashire.gov.uk/libraries-and-archives/libraries/find-a-library/barrowford-library.aspx,,,,
Bolton-le-Sands,Lancashire County Council,England,"Main Road, Carnforth ",Carnforth,LA5 8DN,54.1038268,-2.7909384,LAL,Yes,,http://lancashire.gov.uk/libraries-and-archives/libraries/find-a-library/bolton-le-sands-library.aspx,way,367431902,,1
Brierfield,Lancashire County Council,England,"Colne Road, Brierfield",Brierfield,BB9 5HW,53.8247989,-2.2334424,LAL,Yes,,http://lancashire.gov.uk/libraries-and-archives/libraries/find-a-library/brierfield-library.aspx,,,,
Burnley,Lancashire County Council,England,"Grimshaw Street, Burnley  ",Burnley,BB11 2BD,53.7878153,-2.2415687,LAL,Yes,,http://lancashire.gov.uk/libraries-and-archives/libraries/find-a-library/burnley-library.aspx,way,170175360,,6
Burnley Campus,Lancashire County Council,England,"Barden Lane, Burnley     ",Burnley,BB10 1JD,53.805949,-2.2391073,LAL,Yes,,http://lancashire.gov.uk/libraries-and-archives/libraries/find-a-library/burnley-campus-library.aspx,node,12299875034,,54
Burscough,Lancashire County Council,England,"Mill Lane, Burscough",Burscough,L40 5TJ,53.6021459,-2.8424059,LAL,Yes,,http://lancashire.gov.uk/libraries-and-archives/libraries/find-a-library/burscough-library.aspx,way,1203547585,,0
Carnforth,Lancashire County Council,England,"Lancaster Road, Carnforth  ",Carnforth,LA5 9DZ,54.1263436,-2.7711843,LAL,Yes,,http://lancashire.gov.uk/libraries-and-archives/libraries/find-a-library/carnforth-library.aspx,way,366635779,,2
Chatburn,Lancashire County Council,England,"Sawley Road, Chatburn",Chatburn,BB7 4AS,53.8934476,-2.3521113,LAL,Yes,,http://lancashire.gov.uk/libraries-and-archives/libraries/find-a-library/chatburn-library.aspx,node,668003042,,7
Chorley,Lancashire County Council,England,"Union Street, Chorley",Chorley,PR7 1EB,53.6546782,-2.6308334,LAL,Yes,,http://lancashire.gov.uk/libraries-and-archives/libraries/find-a-library/chorley-library.aspx,node,560160057,,6
Clayton Green,Lancashire County Council,England,"Clayton Green Business Park, Library Road , Chorley",Chorley,PR6 7EN,53.7070901,-2.6406613,LAL,Yes,,http://lancashire.gov.uk/libraries-and-archives/libraries/find-a-library/clayton-green-library.aspx,node,30508913,,3
Cleveleys,Lancashire County Council,England,"Rossall Road, Cleveleys   ",Cleveleys,FY5 1EE,53.8809386,-3.0395946,CRL,Yes,,http://lancashire.gov.uk/libraries-and-archives/libraries/find-a-library/cleveleys-library.aspx,node,759083111,,3
Clitheroe,Lancashire County Council,England,"Church Street, Clitheroe    ",Clitheroe,BB7 2DG,53.873138,-2.390554,LAL,Yes,,http://lancashire.gov.uk/libraries-and-archives/libraries/find-a-library/clitheroe-library.aspx,node,661063211,Q21127516,10
Coal Clough,Lancashire County Council,England,"Coal Clough Lane, Burnley      ",Burnley,BB11 4NW,53.7840244,-2.2578162,LAL,Yes,,http://lancashire.gov.uk/libraries-and-archives/libraries/find-a-library/coal-clough-library.aspx,way,1294624196,,3
Colne,Lancashire County Council,England,"Market Street, Colne",Colne,BB8 0AP,53.8575823,-2.1659556,LAL,Yes,,http://lancashire.gov.uk/libraries-and-archives/libraries/find-a-library/colne-library.aspx,way,158849512,,1
Coppull,Lancashire County Council,England,"Spendmore Lane, Chorley",Chorley,PR7 5DF,53.6212486,-2.6643976,LAL,Yes,,http://lancashire.gov.uk/libraries-and-archives/libraries/find-a-library/coppull-library.aspx,node,3398539961,,3
Crawshawbooth,Lancashire County Council,England,"Adelaide Street, Rossendale",Rossendale,BB4 8PW,53.7252063,-2.2860233,CRL,No,,,,,,
Earby,Lancashire County Council,England,"Coronation Hall, Cemetery Road, Earby",Earby,BB18 6QX,53.9149289,-2.1449929,LAL,Yes,,http://lancashire.gov.uk/libraries-and-archives/libraries/find-a-library/earby-library.aspx,way,1202651341,,3
Eccleston,Lancashire County Council,England,"The Green, Eccleston",Eccleston,PR7 5TE,53.6460993,-2.7236042,LAL,Yes,,http://lancashire.gov.uk/libraries-and-archives/libraries/find-a-library/eccleston-library.aspx,node,5412141634,,12
Euxton,Lancashire County Council,England,"St. Mary's Gate, Euxton",Euxton,PR7 6AH,53.6700375,-2.6771974,LAL,Yes,,http://lancashire.gov.uk/libraries-and-archives/libraries/find-a-library/euxton-library.aspx,way,598639616,,2
Fleetwood,Lancashire County Council,England,"North Albert Street, Fleetwood ",Fleetwood,FY7 6AJ,53.9248252,-3.0082488,LAL,Yes,,http://lancashire.gov.uk/libraries-and-archives/libraries/find-a-library/fleetwood-library.aspx,way,276570816,Q22004621,3
Freckleton,Lancashire County Council,England,"Preston Old Road , Preston",Preston,PR4 1PB,53.7544987,-2.8638318,LAL,Yes,,http://lancashire.gov.uk/libraries-and-archives/libraries/find-a-library/freckleton-library.aspx,way,127076151,,2
Fulwood,Lancashire County Council,England,"294 Garstang Road, Fulwood",Fulwood,PR2 9RX,53.7918613,-2.7131774,LAL,Yes,,http://lancashire.gov.uk/libraries-and-archives/libraries/find-a-library/fulwood-library.aspx,way,67168969,Q55112883,0
Garstang,Lancashire County Council,England,"Windsor Road, Garstang  ",Garstang,PR3 1ED,53.9022395,-2.7773663,LAL,Yes,,http://lancashire.gov.uk/libraries-and-archives/libraries/find-a-library/garstang-library.aspx,node,1218751069,,4
Great Harwood,Lancashire County Council,England,"Queen Street, Blackburn   ",Blackburn,BB6 7AL,53.7864289,-2.4039617,LAL,Yes,,http://lancashire.gov.uk/libraries-and-archives/libraries/find-a-library/great-harwood-library.aspx,way,313847338,,2
Halton,Lancashire County Council,England,"Penny Stone Road, Lancaster ",Lancaster,LA2 6QE,54.0802808,-2.7585741,LAL,Yes,,http://lancashire.gov.uk/libraries-and-archives/libraries/find-a-library/halton-library.aspx,,,,
Haslingden,Lancashire County Council,England,"Deardengate, Haslingden",Haslingden,BB4 5QJ,53.705719,-2.3253224,LAL,Yes,,http://lancashire.gov.uk/libraries-and-archives/libraries/find-a-library/haslingden-library.aspx,node,6049267169,,7
Heysham,Lancashire County Council,England,"396-398 Heysham Road, Morecame      ",Morecame,LA3 2BJ,54.0476801,-2.8925514,LAL,Yes,,http://lancashire.gov.uk/libraries-and-archives/libraries/find-a-library/heysham-library.aspx,way,534530046,,5
Ingol,Lancashire County Council,England,"Ventnor Place, Off Tag Lane, Ingol",Ingol,PR2 3YX,53.780399,-2.7432279,LAL,Yes,,http://lancashire.gov.uk/libraries-and-archives/libraries/find-a-library/ingol-library.aspx,way,67181783,Q55112891,7
Kingsfold,Lancashire County Council,England,"Hawksbury Drive, Penwortham",Penwortham,PR1 9EJ,53.7368946,-2.7184308,LAL,Yes,,http://lancashire.gov.uk/libraries-and-archives/libraries/find-a-library/kingsfold-library.aspx,way,351391078,,0
Kirkham,Lancashire County Council,England,"Station Road, Preston       ",Preston,PR4 2HD,53.7840554,-2.8813661,LAL,Yes,,http://lancashire.gov.uk/libraries-and-archives/libraries/find-a-library/kirkham-library.aspx,node,297674855,,8
Knott End,Lancashire County Council,England,"26 Lancaster Road, Poulton-le-Fylde    ",Poulton-le-Fylde,FY6 0AU,53.9275116,-2.9856217,LAL,Yes,,http://lancashire.gov.uk/libraries-and-archives/libraries/find-a-library/knott-end-library.aspx,way,988584733,,1
Lancaster,Lancashire County Council,England,"Market Square , Lancaster   ",Lancaster,LA1 1HY,54.0492187,-2.8015368,LAL,Yes,,http://lancashire.gov.uk/libraries-and-archives/libraries/find-a-library/lancaster-central-library.aspx,way,810835943,,6
Leyland,Lancashire County Council,England,"Lancastergate, Leyland",Leyland,PR25 2EX,53.6906578,-2.6988953,LAL,Yes,,http://lancashire.gov.uk/libraries-and-archives/libraries/find-a-library/leyland-library.aspx,way,367005958,,6
Longridge,Lancashire County Council,England,"Berry Lane, Preston",Preston,PR3 3JA,53.8305272,-2.5998215,LAL,Yes,,http://lancashire.gov.uk/libraries-and-archives/libraries/find-a-library/longridge-library.aspx,node,307735746,,5
Longton,Lancashire County Council,England,"Liverpool Road, Preston",Preston,PR4 5HA,53.7278186,-2.7812689,LAL,Yes,,http://lancashire.gov.uk/libraries-and-archives/libraries/find-a-library/longton-library.aspx,way,166559520,,0
Lostock Hall,Lancashire County Council,England,"Watkin Lane, Preston",Preston,PR5 5TU,53.7260994,-2.6909655,LAL,Yes,,http://lancashire.gov.uk/libraries-and-archives/libraries/find-a-library/lostock-hall-library.aspx,way,81212951,,4
Lytham,Lancashire County Council,England,"27 Clifton Street, St Annes",St Annes,FY8 5EP,53.7361695,-2.9628362,LAL,Yes,,http://lancashire.gov.uk/libraries-and-archives/libraries/find-a-library/lytham-library.aspx,,,,
Mellor,Lancashire County Council,England,"St. Mary's Garden, Blackburn",Blackburn,BB2 7JW,53.7723376,-2.5294048,LAL,Yes,,http://lancashire.gov.uk/libraries-and-archives/libraries/find-a-library/mellor-library.aspx,,,,
Morecambe,Lancashire County Council,England,"Central Drive, Morecambe",Morecambe,LA4 5DL,54.0712461,-2.8654433,LAL,Yes,,http://lancashire.gov.uk/libraries-and-archives/libraries/find-a-library/morecambe-library.aspx,way,100533040,,3
Nelson,Lancashire County Council,England,"Market Square, Nelson",Nelson,BB9 7PU,53.837491,-2.2164167,LAL,Yes,,http://lancashire.gov.uk/libraries-and-archives/libraries/find-a-library/nelson-library.aspx,way,159511631,,1
Ormskirk,Lancashire County Council,England,"Burscough Street, Ormskirk",Ormskirk,L39 2EN,53.5692412,-2.8849503,LAL,Yes,,http://lancashire.gov.uk/libraries-and-archives/libraries/find-a-library/ormskirk-library.aspx,way,221369842,,11
Oswaldtwistle,Lancashire County Council,England,"Union Road, Oswaldtwistle ",Oswaldtwistle,BB5 3HS,53.7422332,-2.3981387,LAL,Yes,,http://lancashire.gov.uk/libraries-and-archives/libraries/find-a-library/oswaldtwistle-library.aspx,way,892877768,,9
Padiham,Lancashire County Council,England,"Town Hall, Burnley Road, Padiham",Padiham,BB12 8PS,53.8003749,-2.3137587,LAL,Yes,,http://lancashire.gov.uk/libraries-and-archives/libraries/find-a-library/padiham-library.aspx,,,,
Parbold,Lancashire County Council,England,"The Common, Parbold",Parbold,WN8 7EA,53.5936393,-2.7716157,LAL,Yes,,http://lancashire.gov.uk/libraries-and-archives/libraries/find-a-library/parbold-library.aspx,way,1169764909,,2
Penwortham,Lancashire County Council,England,"Liverpool Road, Preston",Preston,PR1 9XE,53.750452,-2.7298085,CRL,No,,,,,,
Pike Hill,Lancashire County Council,England,"Langwyth Road, Burnley",Burnley,BB10 3JX,53.7877024,-2.210878,LAL,Yes,,http://lancashire.gov.uk/libraries-and-archives/libraries/find-a-library/pike-hill-library.aspx,,,,
Poulton,Lancashire County Council,England,"Blackpool Old Road, Poulton-le- Fylde",Poulton-le- Fylde,FY6 7DH,53.8463499,-2.9943237,LAL,Yes,,http://lancashire.gov.uk/libraries-and-archives/libraries/find-a-library/poulton-library.aspx,way,1076014350,,6
Preston Harris,Lancashire County Council,England,"Guild Hall, Lancaster Road, Preston       ",Preston,PR1 2PP,53.7591424,-2.6983037,LAL,Yes,,,node,13393999205,,17
Rawtenstall,Lancashire County Council,England,"Queens Square, Rawtenstall",Rawtenstall,BB4 6QU,53.7006449,-2.2885826,LAL,Yes,,http://lancashire.gov.uk/libraries-and-archives/libraries/find-a-library/rawtenstall-library.aspx,way,362773840,,9
Ribbleton,Lancashire County Council,England,"Ribbleton Hall Drive, Preston",Preston,PR2 6EE,53.7777826,-2.6587648,LAL,Yes,,http://lancashire.gov.uk/libraries-and-archives/libraries/find-a-library/ribbleton-library.aspx,node,3759566314,Q55112918,2
Rishton,Lancashire County Council,England,"High Street, Blackburn    ",Blackburn,BB1 4LA,53.7682954,-2.4148768,LAL,Yes,,http://lancashire.gov.uk/libraries-and-archives/libraries/find-a-library/rishton-library.aspx,,,,
Savick,Lancashire County Council,England,"6 Birkdale Drive, Preston",Preston,PR2 1UH,53.7693183,-2.7545171,LAL,Yes,,,way,54412548,Q55112922,4
Sharoe Green,Lancashire County Council,England,"8 Sharoe Green Lane, Preston",Preston,PR2 8ED,53.7794597,-2.6975791,LAL,Yes,,http://lancashire.gov.uk/libraries-and-archives/libraries/find-a-library/sharoe-green-library.aspx,node,5412141633,Q55112925,5
Silverdale,Lancashire County Council,England,"25 Emesgate Lane, Carnforth",Carnforth,LA5 0RA,54.1692074,-2.8264521,LAL,Yes,,http://lancashire.gov.uk/libraries-and-archives/libraries/find-a-library/silverdale-library.aspx,way,946059285,Q55112927,2
Skelmersdale,Lancashire County Council,England,"Southway, Skelmersdale",Skelmersdale,WN8 6DL,53.5501327,-2.7764072,LAL,Yes,,http://lancashire.gov.uk/libraries-and-archives/libraries/find-a-library/skelmersdale-library.aspx,way,335071777,,0
St. Annes,Lancashire County Council,England,"Clifton Drive South, St. Annes",St. Annes,FY8 1NR,53.7471606,-3.0266628,LAL,Yes,,http://lancashire.gov.uk/libraries-and-archives/libraries/find-a-library/st-annes-library.aspx,node,964753624,,6
Tarleton,Lancashire County Council,England,"Mark Square, Preston",Preston,PR4 6TU,53.6795599,-2.8319268,LAL,Yes,,http://lancashire.gov.uk/libraries-and-archives/libraries/find-a-library/tarleton-library.aspx,way,524339892,,3
Thornton,Lancashire County Council,England,"Victoria Road East, Cleveleys",Cleveleys,FY5 3SZ,53.8724272,-3.011201,LAL,Yes,,http://lancashire.gov.uk/libraries-and-archives/libraries/find-a-library/thornton-library.aspx,node,5412141636,,8
Trawden,Lancashire County Council,England,"Church Street, Colne",Colne,BB8 8RU,53.8453769,-2.1356627,CRL,No,,,node,9358498313,,5
Upholland,Lancashire County Council,England,"Artz Centre Upholland, Hall Green, Upholland","Hall Green, Upholland",WN8 0PB,53.5419109,-2.7270788,CRL,No,,,,,,
Whalley,Lancashire County Council,England,"Abbey Road, Blackburn",Blackburn,BB7 9RS,53.822504,-2.4096231,LAL,Yes,,http://lancashire.gov.uk/libraries-and-archives/libraries/find-a-library/whalley-library.aspx,node,645354058,,5
Whitworth,Lancashire County Council,England,"Lloyd Street, Rochdale",Rochdale,OL12 8AA,53.6589967,-2.1762771,LAL,Yes,,http://lancashire.gov.uk/libraries-and-archives/libraries/find-a-library/whitworth-library.aspx,,,,
Anstey,Leicestershire County Council,England,"Paper Mill Close, Anstey",Anstey,LE7 7AU,52.673063,-1.189458,CRL,No,,https://ansteylibrary.com/,way,378288278,Q55121795,47
Ashby-De-La-Zouch,Leicestershire County Council,England,"North Street, Ashby-de-la-Zouch",Ashby-de-la-Zouch,LE65 1HU,52.748626,-1.470323,LAL,Yes,,http://www.leicestershire.gov.uk/leisure-and-community/libraries/find-a-library/ashby-de-la-zouch-library,way,73236965,,23
Barrow-upon-Soar,Leicestershire County Council,England,"North Street, Loughborough",Loughborough,LE12 8PZ,52.753835,-1.146977,CRL,No,,http://www.busca.org.uk/community-groups/library,node,1261443642,Q55121797,49
Birstall,Leicestershire County Council,England,"Wanlip Lane, Birstall",Birstall,LE4 4JU,52.676941,-1.118184,LAL,Yes,,http://www.leicestershire.gov.uk/leisure-and-community/libraries/find-a-library/birstall-library,node,19032749,,105
Blaby,Leicestershire County Council,England,"Lutterworth Road, Blaby",Blaby,LE8 4DW,52.573339,-1.165098,LAL,Yes,,http://www.leicestershire.gov.uk/leisure-and-community/libraries/find-a-library/blaby-library,node,709103736,,244
Bottesford,Leicestershire County Council,England,"Old Primary School, Grantham Road, Bottesford",Bottesford,NG13 0DF,52.941745,-0.800707,CRL,No,,http://www.bottesfordcommunitylibrary.org.uk/,node,974600378,Q55121799,52
Braunstone Town,Leicestershire County Council,England,"Braunstone Civic Centre, Leicester",Leicester,LE3 2PP,52.61251,-1.180785,CRL,No,,http://www.leicestershire.gov.uk/leisure-and-community/libraries/find-a-library/braunstone-town-library,way,208497531,Q55121800,105
Broughton Astley,Leicestershire County Council,England,"Main Street, Broughton Astley",Broughton Astley,LE9 6RD,52.533771,-1.229741,LAL,Yes,,http://www.leicestershire.gov.uk/leisure-and-community/libraries/find-a-library/broughton-astley-library,,,,
Burbage,Leicestershire County Council,England,"Church Street, Hinckley",Hinckley,LE10 2DA,52.528216,-1.348229,CRL,No,,,way,276197425,Q55121815,122
Coalville,Leicestershire County Council,England,"High Street, Coalville",Coalville,LE67 3EA,52.725309,-1.3729603,LAL,Yes,,http://www.leicestershire.gov.uk/leisure-and-community/libraries/find-a-library/coalville-library,way,182553748,,9
Cosby,Leicestershire County Council,England,"Cosby Library, Park Road, Leicester",Leicester,LE9 1RN,52.550408,-1.195294,CRL,No,,http://www.cosbycommunitylibrary.btck.co.uk,node,319492760,Q55121818,206
Countesthorpe,Leicestershire County Council,England,"Station Road, Leicester",Leicester,LE8 5TB,52.5540535,-1.1446819,CRL,No,,http://www.countesthorpeparishcouncil.co.uk/,way,96701616,,7
Desford,Leicestershire County Council,England,"Main Street, Desford",Desford,LE9 9JP,52.626331,-1.294519,CRL,No,,http://www.leicestershire.gov.uk/leisure-and-community/libraries/find-a-library/desford-library,node,357149924,,31
Earl Shilton,Leicestershire County Council,England,"Wood Street, Earl Shilton",Earl Shilton,LE9 7NE,52.575337,-1.318628,LAL,Yes,,http://www.leicestershire.gov.uk/leisure-and-community/libraries/find-a-library/earl-shilton-library,way,141277717,Q55121822,151
East Goscote,Leicestershire County Council,England,"20 Ling Dale, Leicester",Leicester,LE7 3XW,52.714849,-1.051396,CRL,No,,,way,407699778,,87
Enderby,Leicestershire County Council,England,"Townsend Road, Enderby",Enderby,LE19 4PG,52.5878246,-1.2100934,CRL,No,,https://www.enderbyparish.org.uk/community-library.html,node,2362304939,,6
Fleckney,Leicestershire County Council,England,"School Street, Leicester",Leicester,LE8 8AS,52.533959,-1.04464,CRL,No,,http://www.fleckneycommunitylibrary.co.uk/,way,57128590,Q55121824,25
Glenfield,Leicestershire County Council,England,"Sandown Court, Glenfield",Glenfield,LE3 8BT,52.6513422,-1.2051973,LAL,Yes,,http://www.leicestershire.gov.uk/leisure-and-community/libraries/find-a-library/glenfield-library,way,568734435,,190
Glenhills,Leicestershire County Council,England,"Glen Parva Parish Hall, Dorothy Avenue, Leicester",Leicester,LE2 9JD,52.588338,-1.163183,CRL,No,,https://www.glenparvaparishcouncil.org.uk/glen-hills-library.html,way,648433082,,130
Great Glen,Leicestershire County Council,England,"Ruperts Way, Leicester",Leicester,LE8 9GR,52.574233,-1.032211,CRL,No,,,way,256461949,,45
Groby,Leicestershire County Council,England,"Leicester Road, Leicester",Leicester,LE6 0DQ,52.6628062,-1.2244767,CRL,No,,,way,429919220,Q55121828,4
Hathern,Leicestershire County Council,England,"Greenhill, Loughborough",Loughborough,LE12 5LF,52.797537,-1.255579,CRL,No,,http://www.hatherncommunitylibrary.org,node,34801211,Q55121829,27
Hinckley,Leicestershire County Council,England,"Lancaster Road, Hinckley",Hinckley,LE10 0AT,52.5395231,-1.3744879,LAL,Yes,,http://www.leicestershire.gov.uk/leisure-and-community/libraries/find-a-library/hinckley-library,way,231909892,Q55121830,2
Ibstock,Leicestershire County Council,England,"Ibstock Infant School, Melbourne Road, Ibstock",Ibstock,LE67 6NE,52.6891875,-1.3989099,CRL,No,,https://ibstocklibrary.weebly.com/,,,,
Kegworth,Leicestershire County Council,England,"High Street, Kegworth",Kegworth,DE74 2DA,52.835821,-1.28112,CRL,No,,http://www.kclweb.org/,way,103550078,,79
Kibworth,Leicestershire County Council,England,"Paget Street, Kibworth",Kibworth,LE8 0HW,52.53756,-0.995273,CRL,No,,http://www.kibworthcommunitylibrary.org.uk,way,374966961,Q55121833,48
Kirby Muxloe,Leicestershire County Council,England,"Station Road, Kirkby Muxloe",Kirkby Muxloe,LE9 2EN,52.629438,-1.230495,CRL,No,,http://kirbymuxloelibrary.org/,way,178241054,Q55121834,240
Leicester Forest East,Leicestershire County Council,England,"76 Rushmere Walk, Leicester",Leicester,LE3 3PD,52.621215,-1.215757,CRL,No,,http://www.lfelibrary.org/,node,1819567584,Q55121835,168
Loughborough,Leicestershire County Council,England,"Granby Street, Loughborough",Loughborough,LE11 3DU,52.7708333,-1.2093214,LAL,Yes,,http://www.leicestershire.gov.uk/leisure-and-community/libraries/find-a-library/loughborough-library,node,20947942,Q26671297,23
Lutterworth,Leicestershire County Council,England,"George Street, Lutterworth",Lutterworth,LE17 4ED,52.4572282,-1.1999194,LAL,Yes,,http://www.leicestershire.gov.uk/leisure-and-community/libraries/find-a-library/lutterworth-library,way,192084116,,3
Market Bosworth,Leicestershire County Council,England,"Station Road, Nuneaton",Nuneaton,CV13 0NP,52.6242116,-1.4044232,CRL,No,,http://www.marketbosworthcommunitylibrary.org,way,490960543,,2
Market Harborough,Leicestershire County Council,England,"The Symington Building, Adam& Eve Street, Market Harborough",Market Harborough,LE16 7LT,52.478281,-0.920089,LAL,Yes,,http://www.leicestershire.gov.uk/leisure-and-community/libraries/find-a-library/market-harborough-library,node,632332715,,45
Markfield,Leicestershire County Council,England,"Oakfield Avenue, Markfield",Markfield,LE67 9WG,52.683978,-1.277378,CRL,No,,http://www.markfieldcommunitylibrary.co.uk/,way,1203284828,Q55121840,14
Measham,Leicestershire County Council,England,"Thorpe Road, Measham",Measham,DE12 7HR,52.704867,-1.508586,CRL,No,,http://www.meashamlibrary.btck.co.uk,way,253630021,,112
Melton Mowbray,Leicestershire County Council,England,"Wilton Road, Melton Mowbray",Melton Mowbray,LE13 0UJ,52.765709,-0.889063,LAL,Yes,,http://www.leicestershire.gov.uk/leisure-and-community/libraries/find-a-library/melton-mowbray-library,way,74341236,,102
Mountsorrel,Leicestershire County Council,England,"Church House, Mountsorrel",Mountsorrel,LE12 7AF,52.727445,-1.138771,CRL,No,,http://www.leicestershire.gov.uk/leisure-and-community/libraries/find-a-library/mountsorrel-library,way,877785302,,86
Narborough,Leicestershire County Council,England,"Station Road, Leicester",Leicester,LE19 2HR,52.571527,-1.203666,CRL,No,,https://nandlclibrary.org,node,7948706319,,37
Newbold Verdon,Leicestershire County Council,England,"Sparkenhoe, Newbold Verdon",Newbold Verdon,LE9 9NP,52.629565,-1.339382,CRL,No,,,node,357209254,Q55121846,91
Oadby,Leicestershire County Council,England,"10 The Parade, Oadby",Oadby,LE2 5BF,52.599863,-1.084038,LAL,Yes,,http://www.leicestershire.gov.uk/leisure-and-community/libraries/find-a-library/oadby-library,way,264280190,Q55121847,185
Quorn,Leicestershire County Council,England,"The Old School, School Lane, Quorn",Quorn,LE12 8BL,52.7439437,-1.1652381,CRL,No,,http://www.quorncommunitylibrary.co.uk,,,,
Ratby,Leicestershire County Council,England,"Main Street, Ratby",Ratby,LE6 0LN,52.64922,-1.244989,CRL,No,,,way,302319862,Q55121850,51
Rothley,Leicestershire County Council,England,"Mountsorrel Lane, Rothley",Rothley,LE7 7PS,52.710577,-1.13692,CRL,No,,,node,1492280573,,141
Sapcote,Leicestershire County Council,England,"Church Street, Sapcote",Sapcote,LE9 4FG,52.535505,-1.28107,CRL,No,,,way,482240845,Q55121852,65
Shepshed,Leicestershire County Council,England,"Hall Croft, Shepshed",Shepshed,LE12 9AN,52.772977,-1.290817,LAL,Yes,,http://www.leicestershire.gov.uk/leisure-and-community/libraries/find-a-library/shepshed-library,node,246642813,Q55121853,90
Sileby,Leicestershire County Council,England,"Cossington Road, Loughborough",Loughborough,LE12 7RS,52.727275,-1.110692,CRL,No,,http://www.silebylibrary.org,node,1492397653,Q55121854,194
Stoney Stanton,Leicestershire County Council,England,"St. Michael's Court, Stoney Stanton",Stoney Stanton,LE9 4TH,52.548904,-1.278757,CRL,No,,,way,214772562,Q55121857,31
Syston,Leicestershire County Council,England,"Upper Church Street, Syston",Syston,LE7 1HR,52.701557,-1.073617,LAL,Yes,,http://www.leicestershire.gov.uk/leisure-and-community/libraries/find-a-library/syston-library,node,2155994973,,43
Thurmaston,Leicestershire County Council,England,"Thurmaston Community Centre , Silverdale Drive, Thurmaston",Thurmaston,LE4 8NJ,52.673307,-1.090586,CRL,No,,,,,,
Wigston,Leicestershire County Council,England,"Bull Head Street, Wigston Magna",Wigston Magna,LE18 1PA,52.584949,-1.102969,LAL,Yes,,http://www.leicestershire.gov.uk/leisure-and-community/libraries/find-a-library/wigston-library,way,282737714,Q55121860,162
Alford Community Hub Library,Lincolnshire County Council,England,"6 South Market Place, Alford",Alford,LN13 9AF,53.260725,0.180474,CRL,No,,https://www.lincolnshire.gov.uk/findalibrary,node,8969000745,,15
Birchwood Community Hub Library,Lincolnshire County Council,England,"Larchwood Crescent, Lincoln",Lincoln,LN6 0NA,53.219688,-0.600141,CRL,No,,https://www.lincolnshire.gov.uk/findalibrary,,,,
Boston Library,Lincolnshire County Council,England,"County Hall, Fountain Lane, Boston",Boston,PE21 6DY,52.979044,-0.02428,CL,Yes,,https://www.better.org.uk/library/lincolnshire/bostonlibrary,node,331313777,Q51830946,10
Boultham Community Hub Library,Lincolnshire County Council,England,"Boultham Park Road, Lincoln",Lincoln,LN6 7ST,53.210452,-0.560984,CRL,No,,https://www.lincolnshire.gov.uk/findalibrary,way,226520318,Q55163512,95
Bourne Library and CAP,Lincolnshire County Council,England,"3 Abbey Road, Bourne",Bourne,PE10 9EF,52.767759,-0.375979,CL,Yes,,https://www.lincolnshire.gov.uk/findalibrary,node,7756097115,,36
Bracebridge Community Hub,Lincolnshire County Council,England,"Bridge Chuch, 107-115 Newark Road , Lincoln",Lincoln,LN5 8NQ,53.209117,-0.549468,CRL,No,,https://www.lincolnshire.gov.uk/findalibrary,,,,
Bracebridge Heath Community Hub,Lincolnshire County Council,England,"London Road, Bracebridge Heath",Bracebridge Heath,LN4 2LA,53.196507,-0.535298,CRL,No,,https://www.lincolnshire.gov.uk/findalibrary,way,203785110,,35
Branston Community Hub,Lincolnshire County Council,England,"Branston Community Academy, Station Road, Lincoln",Lincoln,LN4 1LH,53.195831,-0.467988,CRL,No,,https://www.lincolnshire.gov.uk/findalibrary,,,,
Caistor Community Hub Library,Lincolnshire County Council,England,"Arts & Heritage Centre, Plough Hill, Caistor",Caistor,LN7 6LZ,53.49609,-0.316491,CRL,No,,https://www.lincolnshire.gov.uk/findalibrary,way,431303064,Q55163518,1
Cherry Willingham Community Hub Library,Lincolnshire County Council,England,"The Parade, Cherry Willingham",Cherry Willingham,LN3 4JL,53.242098,-0.455172,CRL,No,,https://www.lincolnshire.gov.uk/findalibrary,node,324694611,Q55163519,75
Crowland Community Hub,Lincolnshire County Council,England,"Hall Street, Crowland",Crowland,PE6 0EW,52.677114,-0.167315,CRL,No,,https://www.lincolnshire.gov.uk/findalibrary,way,1175878469,,90
Deeping Community Hub Library,Lincolnshire County Council,England,"The Park, High Street, Market Deeping",Market Deeping,PE6 8ED,52.674598,-0.313528,CRL,No,,https://www.lincolnshire.gov.uk/findalibrary,way,885491780,,248
Donington Community Hub,Lincolnshire County Council,England,"25 High Street, Donington",Donington,PE11 4TA,52.904957,-0.202477,CRL,No,,https://www.lincolnshire.gov.uk/findalibrary,node,767472607,,17
Ermine Community Hub Library,Lincolnshire County Council,England,"Ravendale Drive, Lincoln",Lincoln,LN2 2BT,53.246715,-0.531338,CRL,No,,https://www.lincolnshire.gov.uk/findalibrary,,,,
Gainsborough Library,Lincolnshire County Council,England,"Cobden Street, Gainsborough ",Gainsborough,DN21 2NG,53.4001285,-0.7778929,CL,Yes,,http://www.better.org.uk/library/lincolnshire/gainsboroughlibrary,way,778540109,Q26677142,1
Grantham Library,Lincolnshire County Council,England,"Isaac Newton Centre, Grantham",Grantham,NG31 6EE,52.910391,-0.642536,LAL,Yes,,https://www.lincolnshire.gov.uk/findalibrary,node,1226571873,Q50287463,74
Heckington Community Hub,Lincolnshire County Council,England,"Council Chambers, St Andrew's Street, Sleaford",Sleaford,NG34 9RE,52.981782,-0.297814,CRL,Yes,,https://www.lincolnshire.gov.uk/findalibrary,,,,
Horncastle Library,Lincolnshire County Council,England,"Wharf Road, Horncastle",Horncastle,LN9 5HL,53.207924,-0.115839,CL,Yes,,http://www.better.org.uk/library/lincolnshire/horncastlelibrary,way,110041320,Q55163528,29
Ingoldmells Community Hub,Lincolnshire County Council,England,"Royal Arthur Centre, Skegness Road, Skegness",Skegness,PE25 1NP,53.193351,0.334603,CRL,Yes,,https://www.lincolnshire.gov.uk/findalibrary,,,,
Keelby Community Hub,Lincolnshire County Council,England,"Victoria Road, Keelby",Keelby,DN41 8EH,53.573781,-0.245472,CRL,No,,https://www.lincolnshire.gov.uk/findalibrary,node,1426316286,,9
Kirton Community Hub Library,Lincolnshire County Council,England,"New Life Fellowship, The Junction, Wash Road, Kirton",Kirton,PE20 1QJ,52.924398,-0.051508,CRL,No,,https://www.lincolnshire.gov.uk/findalibrary,node,696742327,Q55163534,203
Lincoln Central Library,Lincolnshire County Council,England,"Free School Lane, Lincoln",Lincoln,LN2 1EZ,53.2295792,-0.5371373,CL,Yes,,http://www.better.org.uk/library/lincolnshire/lincolncentrallibrary,way,725195133,Q26668057,6
Long Sutton Library,Lincolnshire County Council,England,"Trafalgar Square, Long Sutton",Long Sutton,PE12 9HD,52.78664,0.118308,CL,Yes,,http://www.better.org.uk/library/lincolnshire/longsuttonlibrary,way,134391824,Q55163535,91
Louth Library,Lincolnshire County Council,England,"Northgate, Louth",Louth,LN11 0LY,53.367927,-0.002698,CL,Yes,,http://www.better.org.uk/library/lincolnshire/louthlibrary,way,111978562,Q55163536,22
Mablethorpe Library,Lincolnshire County Council,England,"Stanley Avenue, Mablethorpe",Mablethorpe,LN12 1DP,53.338676,0.257753,CL,Yes,,http://www.better.org.uk/library/lincolnshire/mablethorpelibrary,,,,
Market Raisen Library,Lincolnshire County Council,England,"Mill Road, Market Rasen",Market Rasen,LN8 3BP,53.384411,-0.340806,CL,Yes,,http://www.better.org.uk/library/lincolnshire/marketrasenlibrary,node,7896974140,,207
Metheringham Community Hub,Lincolnshire County Council,England,"High Street, Metheringham",Metheringham,LN4 3DZ,53.139159,-0.402592,CRL,No,,https://www.lincolnshire.gov.uk/findalibrary,node,3297675179,,25
Navenby Community Hub,Lincolnshire County Council,England,"The Venue, Grantham Road, Lincoln",Lincoln,LN5 0JJ,53.103518,-0.526297,CRL,No,,https://www.lincolnshire.gov.uk/findalibrary,,,,
Nettleham Community Hub,Lincolnshire County Council,England,"1 East Street, Lincoln",Lincoln,LN2 2SL,53.267529,-0.488818,CRL,No,,https://www.lincolnshire.gov.uk/findalibrary,way,429527444,,95
North Hykeham Community Library,Lincolnshire County Council,England,"Valerian Place, North Hykeham",North Hykeham,LN6 9YW,53.178166,-0.60248,CRL,No,,https://www.lincolnshire.gov.uk/findalibrary,,,,
Pinchbeck Community Hub,Lincolnshire County Council,England,"Pinchbeck Study Centre, Knight Street, Pinchbeck",Pinchbeck,PE11 3RU,52.8161921,-0.161964,CRL,No,,https://www.lincolnshire.gov.uk/findalibrary,way,1278643131,,3
Ruskington Community Hub,Lincolnshire County Council,England,"Station Road, Ruskington",Ruskington,NG34 9DD,53.044691,-0.384907,CRL,No,,https://www.lincolnshire.gov.uk/findalibrary,node,1901146698,,55
Saxilby Community Hub,Lincolnshire County Council,England,"St. Andrews Centre, William Street, Saxilby",Saxilby,LN1 2LP,53.267449,-0.660074,CRL,No,,https://www.lincolnshire.gov.uk/findalibrary,,,,
Scotter Library and Community Hub,Lincolnshire County Council,England,"Eau Community Centre, High Street, Scotter",Scotter,DN21 3RY,53.495729,-0.664872,CRL,No,,https://www.lincolnshire.gov.uk/findalibrary,,,,
Skegness Library,Lincolnshire County Council,England,"23 Roman Bank, Skegness",Skegness,PE25 2SA,53.145479,0.336655,CL,Yes,,http://www.better.org.uk/library/lincolnshire/skegnesslibrary,node,1608550463,,23
Sleaford Library,Lincolnshire County Council,England,"13-16 Market Place, Sleaford",Sleaford,NG34 7SR,52.999189,-0.409331,CL,Yes,,http://www.better.org.uk/library/lincolnshire/sleafordlibrary,way,816301011,,7
Spalding Library,Lincolnshire County Council,England,"Victoria Street, Spalding",Spalding,PE11 1EA,52.786937,-0.154739,CL,Yes,,http://www.better.org.uk/library/lincolnshire/spaldinglibrary,way,554932693,,9
Spilsby Community Hub Library,Lincolnshire County Council,England,"Lincolnshire Co-op Foodstore, Post Office Lane , Spilsby",Spilsby,PE23 5LH,53.173981,0.099071,CRL,No,,https://www.lincolnshire.gov.uk/findalibrary,node,2333315667,Q55163555,23
Stamford Library,Lincolnshire County Council,England,"High Street, Stamford",Stamford,PE9 2BB,52.653002,-0.476772,CL,Yes,,http://www.better.org.uk/library/lincolnshire/stamfordlibrary,node,1914196200,,39
Sutton Bridge Community Hub,Lincolnshire County Council,England,"The Curlew Centre, Bridge Road, Spalding",Spalding,PE12 9SA,52.768812,0.189962,CRL,No,,https://www.lincolnshire.gov.uk/findalibrary,,,,
Sutton-on-Sea Community Hub,Lincolnshire County Council,England,"Broadway, Sutton-on-Sea",Sutton-on-Sea,LN12 2JN,53.311814,0.282184,CRL,No,,https://www.lincolnshire.gov.uk/findalibrary,,,,
Swineshead Community Hub,Lincolnshire County Council,England,"Methodist Church, High Street, Swineshead",Swineshead,PE20 3LH,52.947601,-0.16088,CRL,Yes,,https://www.lincolnshire.gov.uk/findalibrary,,,,
Waddington Community Hub Library,Lincolnshire County Council,England,"Lincolnshire Co-op Pharmacy, Bar Lane , Waddington",Waddington,LN5 9SA,53.166136,-0.540549,CRL,No,,https://www.lincolnshire.gov.uk/findalibrary,way,199404980,,48
Wainfleet Community Hub Library,Lincolnshire County Council,England,"St. John Street, Wainfleet",Wainfleet,PE24 4DL,53.105622,0.236981,CRL,No,,https://www.lincolnshire.gov.uk/findalibrary,node,2324458877,,75
Welton Community Hub Library,Lincolnshire County Council,England,"Manor Park Sports Club, Hackthorn Road, Lincoln",Lincoln,LN2 3PA,53.315775,-0.478093,CRL,No,,https://www.lincolnshire.gov.uk/findalibrary,,,,
Woodhall Spa Library,Lincolnshire County Council,England,"2 Station Road, Woodhall Spa ",Woodhall Spa,LN10 6QL,53.151855,-0.217042,CL,Yes,,http://www.better.org.uk/library/lincolnshire/woodhallspalibrary,way,150429056,Q55163562,56
Wragby Community Hub,Lincolnshire County Council,England,"Millbrook Business Park, Millbrook Lane, Wragby",Wragby,LN8 5AB,53.286467,-0.310997,CRL,No,,https://www.lincolnshire.gov.uk/findalibrary,,,,
Acle Library,Norfolk County Council,England,"Bridewell Lane, Acle",Acle,NR13 3RA,52.640969,1.548667,LAL,Yes,,https://www.norfolk.gov.uk/libraries-local-history-and-archives/libraries,way,204905177,Q55110825,8
Aylsham Library,Norfolk County Council,England,"7 Hungate Street, Aylsham",Aylsham,NR11 6AA,52.793962,1.250346,LAL,Yes,,https://www.norfolk.gov.uk/libraries-local-history-and-archives/libraries,way,255545125,Q55110968,87
Blofield Library,Norfolk County Council,England,"North Street, Blofield",Blofield,NR13 4RQ,52.63596,1.448221,LAL,Yes,,https://www.norfolk.gov.uk/libraries-local-history-and-archives/libraries,way,255575174,Q55111081,20
Brundall Library,Norfolk County Council,England,"The Street, Brundall",Brundall,NR13 5LH,52.624605,1.432296,LAL,Yes,,https://www.norfolk.gov.uk/libraries-local-history-and-archives/libraries,way,255576883,Q55111087,60
Caister Library,Norfolk County Council,England,"Beach Road, Caister-on-Sea",Caister-on-Sea,NR30 5EX,52.647422,1.731011,LAL,Yes,,https://www.norfolk.gov.uk/libraries-local-history-and-archives/libraries,way,255580360,Q55111088,43
Costessey Library,Norfolk County Council,England,"Breckland Road, Costessey",Costessey,NR5 0RW,52.645897,1.221618,LAL,Yes,,https://www.norfolk.gov.uk/libraries-local-history-and-archives/libraries,way,124759252,Q55111089,92
Cromer Library,Norfolk County Council,England,"Prince of Wales Road, Cromer",Cromer,NR27 9HS,52.930998,1.297776,LAL,Yes,,https://www.norfolk.gov.uk/libraries-local-history-and-archives/libraries,way,255584619,Q55111090,25
Dereham Library,Norfolk County Council,England,"59 High Street, Dereham",Dereham,NR19 1DZ,52.679755,0.941358,LAL,Yes,,https://www.norfolk.gov.uk/libraries-local-history-and-archives/libraries,way,229204173,Q55111091,114
Dersingham Library,Norfolk County Council,England,"Chapel Road , Dersingham",Dersingham,PE31 6PN,52.847871,0.505274,LAL,Yes,,https://www.norfolk.gov.uk/libraries-local-history-and-archives/libraries,way,255797146,Q55111092,125
Diss Library,Norfolk County Council,England,"Church Street, Diss",Diss,IP22 4DD,52.377012,1.110441,LAL,Yes,,https://www.norfolk.gov.uk/libraries-local-history-and-archives/libraries,way,255807870,Q55111093,30
Downham Market Library,Norfolk County Council,England,"The Priory Centre, Priory Road, Downham Market",Downham Market,PE38 9JS,52.601891,0.3745,LAL,Yes,,https://www.norfolk.gov.uk/libraries-local-history-and-archives/libraries,node,447082089,Q55111094,130
Earlham Library,Norfolk County Council,England,"Colman Road, Norwich",Norwich,NR4 7HG,52.626957,1.260027,LAL,Yes,,https://www.norfolk.gov.uk/libraries-local-history-and-archives/libraries,way,114943356,Q55111095,131
Fakenham Library,Norfolk County Council,England,"Oak Street, Fakenham",Fakenham,NR21 9DY,52.831497,0.846275,LAL,Yes,,https://www.norfolk.gov.uk/libraries-local-history-and-archives/libraries,way,257538834,Q55111096,4
Gaywood Library,Norfolk County Council,England,"River Lane , King's Lynn",King's Lynn,PE30 4HD,52.758586,0.420184,LAL,Yes,,https://www.norfolk.gov.uk/libraries-local-history-and-archives/libraries,way,257593206,Q55111098,81
Gorleston Library,Norfolk County Council,England,"Lowestoft Road, Great Yarmouth",Great Yarmouth,NR31 6SG,52.577204,1.727195,LAL,Yes,,https://www.norfolk.gov.uk/libraries-local-history-and-archives/libraries,way,182241552,Q55111100,34
Great Yarmouth Library,Norfolk County Council,England,"Tolhouse Street, Great Yarmouth",Great Yarmouth,NR30 2SH,52.6043328,1.7274384,LAL,Yes,,https://www.norfolk.gov.uk/libraries-local-history-and-archives/libraries,way,175585295,Q54826278,15
Harleston Library,Norfolk County Council,England,"Swan Lane/Paddock Road, Harleston",Harleston,IP20 9AW,52.403049,1.295713,LAL,Yes,,https://www.norfolk.gov.uk/libraries-local-history-and-archives/libraries,way,258067264,Q55111103,53
Hellesdon Library,Norfolk County Council,England,"Middleton's Lane, Norwich",Norwich,NR6 5SR,52.663651,1.262301,LAL,Yes,,https://www.norfolk.gov.uk/libraries-local-history-and-archives/libraries,way,134204707,Q55111105,137
Hethersett Library,Norfolk County Council,England,"Queens Road, Hethersett",Hethersett,NR9 3DB,52.599129,1.182129,LAL,Yes,,https://www.norfolk.gov.uk/libraries-local-history-and-archives/libraries,way,257924157,Q55111106,57
Hingham Library,Norfolk County Council,England,"The Fairland, Hingham",Hingham,NR9 4HW,52.579743,0.980499,LAL,Yes,,https://www.norfolk.gov.uk/libraries-local-history-and-archives/libraries,way,258068940,Q55111107,63
Holt Library,Norfolk County Council,England,"Wansbeck House, 9 Church Street, Holt",Holt,NR25 6BB,52.906203,1.09165,LAL,Yes,,https://www.norfolk.gov.uk/libraries-local-history-and-archives/libraries,way,1249635199,,4
Hunstanton Library,Norfolk County Council,England,"12, 14 Valentine Road, Hunstanton",Hunstanton,PE36 5EF,52.939326,0.492965,LAL,Yes,,https://www.norfolk.gov.uk/libraries-local-history-and-archives/libraries,node,11229780756,Q55111111,5
Kings Lynn Library,Norfolk County Council,England,"London Road, King's Lynn",King's Lynn,PE30 5EZ,52.750799,0.400074,LAL,Yes,,https://www.norfolk.gov.uk/libraries-local-history-and-archives/libraries,,,,
Loddon Library,Norfolk County Council,England,"31 Church Plain, Loddon",Loddon,NR14 6EX,52.535637,1.481405,LAL,Yes,,https://www.norfolk.gov.uk/libraries-local-history-and-archives/libraries,way,258083576,Q26462667,17
Long Stratton Library,Norfolk County Council,England,"The Street, Long Stratton",Long Stratton,NR15 2XJ,52.487582,1.234528,LAL,Yes,,https://www.norfolk.gov.uk/libraries-local-history-and-archives/libraries,way,229491036,Q55111114,112
Martham Library,Norfolk County Council,England,"Black Street, Martham",Martham,NR29 4PR,52.707344,1.632131,LAL,Yes,,https://www.norfolk.gov.uk/libraries-local-history-and-archives/libraries,way,258432345,Q55111117,88
Mile Cross Library,Norfolk County Council,England,"Aylsham Road, Norwich",Norwich,NR3 2RJ,52.649621,1.280524,LAL,Yes,,https://www.norfolk.gov.uk/libraries-local-history-and-archives/libraries,way,132696852,Q55111121,40
Mundesley Library,Norfolk County Council,England,"16/18 Cromer Road, Mundesley",Mundesley,NR11 8BE,52.879413,1.434653,LAL,Yes,,https://www.norfolk.gov.uk/libraries-local-history-and-archives/libraries,way,258435799,Q55111122,46
Norfolk & Norwich Millennium Library,Norfolk County Council,England,"The Forum, Millennium Plain, Norwich",Norwich,NR2 1AW,52.6277432,1.2910269,LAL,Yes,,https://www.norfolk.gov.uk/libraries-local-history-and-archives/libraries,node,299412199,Q7734913,6
North Walsham Library,Norfolk County Council,England,"New Road, North Walsham",North Walsham,NR28 9DE,52.820658,1.389617,LAL,Yes,,https://www.norfolk.gov.uk/libraries-local-history-and-archives/libraries,way,99593068,Q55111128,51
Plumstead Road Library,Norfolk County Council,England,"Plumstead Road, Norwich",Norwich,NR1 4JS,52.635272,1.321314,LAL,Yes,,https://www.norfolk.gov.uk/libraries-local-history-and-archives/libraries,way,258688296,Q55111131,33
Poringland Library,Norfolk County Council,England,"Overtons Way, Poringland",Poringland,NR14 7WB,52.570077,1.34363,LAL,Yes,,https://www.norfolk.gov.uk/libraries-local-history-and-archives/libraries,way,258821781,Q55111133,67
Reepham Library,Norfolk County Council,England,"Bircham Institute, Market Place, Reepham",Reepham,NR10 4JJ,52.762654,1.11067,LAL,Yes,,https://www.norfolk.gov.uk/libraries-local-history-and-archives/libraries,node,1342578485,Q55111134,52
Sheringham Library,Norfolk County Council,England,"New Road, Sheringham",Sheringham,NR26 8EB,52.942425,1.21236,LAL,Yes,,https://www.norfolk.gov.uk/libraries-local-history-and-archives/libraries,way,255540094,Q55111137,51
Sprowston Library,Norfolk County Council,England,"Recreation Ground Road, Sprowston",Sprowston,NR7 8EW,52.656226,1.316854,LAL,Yes,,https://www.norfolk.gov.uk/libraries-local-history-and-archives/libraries,way,134236906,Q55111141,161
Stalham Library,Norfolk County Council,England,"High Street, Stalham",Stalham,NR12 9AN,52.77216,1.512733,LAL,Yes,,https://www.norfolk.gov.uk/libraries-local-history-and-archives/libraries,way,258953815,Q55111143,73
St Williams Way Library,Norfolk County Council,England,"St William's Way, 11 Williams Loke, Norwich",Norwich,NR7 0AJ,52.637255,1.337135,LAL,Yes,,https://www.norfolk.gov.uk/libraries-local-history-and-archives/libraries,way,134236909,Q55111135,7
Swaffham Library,Norfolk County Council,England,"The Pightle, Swaffham",Swaffham,PE37 7DF,52.646542,0.690188,LAL,Yes,,https://www.norfolk.gov.uk/libraries-local-history-and-archives/libraries,way,259021153,Q55111144,52
Taverham Library,Norfolk County Council,England,"Sandy Lane, Norwich",Norwich,NR8 6JR,52.681489,1.196182,LAL,Yes,,https://www.norfolk.gov.uk/libraries-local-history-and-archives/libraries,way,259022459,Q55111146,57
Thetford Library,Norfolk County Council,England,"2 Raymond Street, Thetford",Thetford,IP24 2EA,52.412235,0.750116,LAL,Yes,,https://www.norfolk.gov.uk/libraries-local-history-and-archives/libraries,way,96967744,Q55111147,70
Tuckswood Library,Norfolk County Council,England,"Robin Hood Road, Norwich",Norwich,NR4 6BX,52.608274,1.281301,LAL,Yes,,https://www.norfolk.gov.uk/libraries-local-history-and-archives/libraries,way,131332797,Q55111148,56
Watton Library,Norfolk County Council,England,"George Trollope Road, Watton",Watton,IP25 6AS,52.56956,0.821585,LAL,Yes,,https://www.norfolk.gov.uk/libraries-local-history-and-archives/libraries,way,259039223,Q55111151,144
Wells Library,Norfolk County Council,England,"35 Station Road, Wells-next-the-Sea",Wells-next-the-Sea,NR23 1EA,52.954504,0.853755,LAL,Yes,,https://www.norfolk.gov.uk/libraries-local-history-and-archives/libraries,way,259050241,Q26567602,11
West Earlham Library,Norfolk County Council,England,"17-18 Earlham West Centre, Norwich",Norwich,NR5 8AD,52.631792,1.240817,LAL,Yes,,https://www.norfolk.gov.uk/libraries-local-history-and-archives/libraries,way,700132754,Q55111152,14
Wroxham Library,Norfolk County Council,England,"Norwich Road, Wroxham",Wroxham,NR12 8RX,52.7104,1.404164,LAL,Yes,,https://www.norfolk.gov.uk/libraries-local-history-and-archives/libraries,way,135185693,Q55111155,47
Wymondham Library,Norfolk County Council,England,"Back Lane, Wymondham",Wymondham,NR18 0QB,52.571174,1.112832,LAL,Yes,,https://www.norfolk.gov.uk/libraries-local-history-and-archives/libraries,way,154555153,Q55111156,65
Annesley Woodhouse,Nottinghamshire County Council,England,"Acacia Centre, Acacia Avenue, Kirkby-in-Ashfield",Kirkby-in-Ashfield,NG17 9BH,53.078404,-1.249864,CRL,Yes,,https://www.inspireculture.org.uk/,,,,
Arnold,Nottinghamshire County Council,England,"Front Street, Arnold",Arnold,NG5 7EE,53.006185,-1.127482,CL,Yes,,https://www.inspireculture.org.uk/,node,458423040,Q53150749,9
Balderton,Nottinghamshire County Council,England,"Main Street, Newark",Newark,NG24 3NP,53.055343,-0.776671,CL,Yes,,https://www.inspireculture.org.uk/,way,1086511190,,27
Balmoral,Nottinghamshire County Council,England,"Princess Anne Road, Worksop",Worksop,S81 7EF,53.322483,-1.129212,CL,Yes,,https://www.inspireculture.org.uk/,,,,
Beeston,Nottinghamshire County Council,England,"Foster Avenue, Nottingham",Nottingham,NG9 1AE,52.926782,-1.217719,CL,Yes,,https://www.inspireculture.org.uk/,way,16201837,Q53150835,87
Bilsthorpe,Nottinghamshire County Council,England,"The Crescent, Bilsthorpe",Bilsthorpe,NG22 8QX,53.141011,-1.03806,CL,Yes,,https://www.inspireculture.org.uk/,way,1234020195,,79
Bingham,Nottinghamshire County Council,England,"Eaton Place, Bingham",Bingham,NG13 8BE,52.952236,-0.954043,CL,Yes,,https://www.inspireculture.org.uk/,node,4098487406,Q53150888,5
Bircotes,Nottinghamshire County Council,England,"Scrooby Road, Bircotes",Bircotes,DN11 8AD,53.416844,-1.055305,CL,Yes,,https://www.inspireculture.org.uk/,,,,
Blidworth,Nottinghamshire County Council,England,"New Lane, Blidworth",Blidworth,NG21 0PW,53.099541,-1.120367,CL,Yes,,https://www.inspireculture.org.uk/,way,54233908,Q53150950,104
Burton Joyce,Nottinghamshire County Council,England,"Meadow Lane, Buron Joyce",Buron Joyce,NG14 5EX,52.988549,-1.034567,CL,Yes,,https://www.inspireculture.org.uk/,way,230247629,Q53150982,41
Calverton,Nottinghamshire County Council,England,"St. Wilfrid's Square, Calverton",Calverton,NG14 6FP,53.037134,-1.081907,CL,Yes,,https://www.inspireculture.org.uk/,way,195215529,,42
Carlton,Nottinghamshire County Council,England,"Manor Road, Carlton",Carlton,NG4 3AY,52.967521,-1.08064,CL,Yes,,https://www.inspireculture.org.uk/,way,346045118,Q53151035,50
Carlton Hill Library,Nottinghamshire County Council,England,"341 Carlton Hill, Carlton",Carlton,NG4 1JE,52.965642,-1.110387,CL,Yes,,https://www.inspireculture.org.uk/,way,352408714,Q53151061,12
Carlton in Lindrick,Nottinghamshire County Council,England,"Long Lane, Carlton in Lindrick",Carlton in Lindrick,S81 9AR,53.357535,-1.12112,CL,Yes,,https://www.inspireculture.org.uk/,,,,
Clipstone,Nottinghamshire County Council,England,"First Avenue, Clipstone",Clipstone,NG21 9DA,53.163417,-1.116415,CL,Yes,,https://www.inspireculture.org.uk/,way,541972386,,109
Collingham,Nottinghamshire County Council,England,"71 High Street, Collingham",Collingham,NG23 7LB,53.145718,-0.760182,CRL,Yes,,https://www.inspireculture.org.uk/,node,6279054133,Q53151130,81
Cotgrave,Nottinghamshire County Council,England,"Cotgrave Shopping Centre, Cotgrave",Cotgrave,NG12 3JQ,52.91059,-1.037339,CL,Yes,,https://www.inspireculture.org.uk/,node,8323880666,,83
Dukeries,Nottinghamshire County Council,England,"Whinney Lane, New Ollerton",New Ollerton,NG22 9TH,53.2076548,-1.0003618,CL,Yes,,https://www.inspireculture.org.uk/,way,186756882,Q53151182,140
East Leake,Nottinghamshire County Council,England,"Gotham Road, East Leake",East Leake,LE12 6JG,52.83403,-1.177129,CL,Yes,,https://www.inspireculture.org.uk/,way,383417419,,219
Eastwood,Nottinghamshire County Council,England,"Wellington Place, Eastwood",Eastwood,NG16 3GB,53.017447,-1.3015,CL,Yes,,https://www.inspireculture.org.uk/,way,253086721,Q53151224,6
Edgewood,Nottinghamshire County Council,England,"Christchurch Road, Hucknall",Hucknall,NG15 6HX,53.026848,-1.229736,CL,Yes,,https://www.inspireculture.org.uk/,node,3712723326,Q53151250,133
Edwinstowe,Nottinghamshire County Council,England,"High Street, Edwinstowe",Edwinstowe,NG21 9QS,53.193988,-1.06422,CL,Yes,,https://www.inspireculture.org.uk/,way,265788307,Q53151277,23
Farnsfield,Nottinghamshire County Council,England,"New Hill, Farnsfield",Farnsfield,NG22 8JN,53.10315,-1.034976,CL,Yes,,https://www.inspireculture.org.uk/,way,567400820,Q53151304,28
Forest Town,Nottinghamshire County Council,England,"Clipstone Road West, Mansfield",Mansfield,NG19 0AA,53.150722,-1.166035,CL,Yes,,https://www.inspireculture.org.uk/,way,496413747,Q53151333,127
Gedling,Nottinghamshire County Council,England,"Wollaton Avenue, Gedling",Gedling,NG4 4HX,52.981627,-1.093731,CL,Yes,,https://www.inspireculture.org.uk/,way,240503614,Q53151361,85
Gotham,Nottinghamshire County Council,England,"Village Hall, Nottingham Road, Gotham",Gotham,NG11 0HE,52.869424,-1.204934,CRL,Yes,,https://www.inspireculture.org.uk/,node,706725102,Q53151387,60
Hucknall,Nottinghamshire County Council,England,"South Street, Hucknall",Hucknall,NG15 7BS,53.038357,-1.205609,CL,Yes,,https://www.inspireculture.org.uk/,way,342727415,Q26565455,34
Huthwaite,Nottinghamshire County Council,England,"Sutton Road, Huthwaite",Huthwaite,NG17 2NG,53.128444,-1.298073,CL,Yes,,https://www.inspireculture.org.uk/,way,260222688,Q53151704,125
Inham Nook,Nottinghamshire County Council,England,"Barn Croft, Beeston",Beeston,NG9 4HU,52.923848,-1.24815,CL,Yes,,https://www.inspireculture.org.uk/,node,2194750589,Q53151726,74
Jacksdale,Nottinghamshire County Council,England,"Selston Road, Jacksdale",Jacksdale,NG16 5LF,53.060451,-1.337286,CL,Yes,,https://www.inspireculture.org.uk/,,,,
Keyworth,Nottinghamshire County Council,England,"Church Drive, Keyworth",Keyworth,NG12 5FF,52.873781,-1.08484,CL,Yes,,https://www.inspireculture.org.uk/,way,360430054,Q53151787,12
Kimberley,Nottinghamshire County Council,England,"Main Street, Kimberley",Kimberley,NG16 2LY,52.997218,-1.256412,CL,Yes,,https://www.inspireculture.org.uk/,way,199276300,Q53151819,54
Kirkby-in-Ashfield,Nottinghamshire County Council,England,"Ashfield Precinct, Kirkby-in-Ashfield",Kirkby-in-Ashfield,NG17 7BQ,53.099392,-1.243899,CL,Yes,,https://www.inspireculture.org.uk/,node,2488205676,,20
Ladybrook,Nottinghamshire County Council,England,"Ladybrook Lane, Mansfield",Mansfield,NG18 5JH,53.145095,-1.217725,CL,Yes,,https://www.inspireculture.org.uk/,way,761885653,Q53151881,157
Langold,Nottinghamshire County Council,England,"Doncaster Road, Langold",Langold,S81 9QL,53.376874,-1.1191,CL,Yes,,https://www.inspireculture.org.uk/,way,1228733340,,23
Lowdham,Nottinghamshire County Council,England,"Main Street, Lowdham",Lowdham,NG14 7BD,53.011904,-1.004919,CRL,Yes,,https://www.inspireculture.org.uk/,way,465014997,Q53151938,169
Mansfield Central,Nottinghamshire County Council,England,"Four Seasons Centre, Westgate, Mansfield",Mansfield,NG18 1NH,53.1454331,-1.1981907,CL,Yes,,https://www.inspireculture.org.uk/,way,310891786,Q53151969,6
Mansfield Woodhouse,Nottinghamshire County Council,England,"Church Street, Mansfield Woodhouse",Mansfield Woodhouse,NG19 8AH,53.164484,-1.193319,CL,Yes,,https://www.inspireculture.org.uk/,way,733762966,Q53152000,21
Mapperley,Nottinghamshire County Council,England,"454 Westdale Lane, Mapperley",Mapperley,NG3 6DG,52.985084,-1.11706,CL,Yes,,https://www.inspireculture.org.uk/,way,350995704,Q53152028,149
Misterton,Nottinghamshire County Council,England,"High Street, Misterton",Misterton,DN10 4BU,53.443426,-0.846629,CRL,Yes,,https://www.inspireculture.org.uk/,,,,
Newark,Nottinghamshire County Council,England,"Beaumonds Gardens, Baldertongate",Baldertongate,NG24 1UW,53.074468,-0.80701,CL,Yes,,https://www.inspireculture.org.uk/,way,95951180,Q41628516,49
Ollerton,Nottinghamshire County Council,England,"Forest Road, New Ollerton",New Ollerton,NG22 9PL,53.203947,-1.008473,CL,Yes,,https://www.inspireculture.org.uk/,way,310714735,Q53152086,121
Radcliffe-on-Trent,Nottinghamshire County Council,England,"New Road, Radcliffe-on-Trent",Radcliffe-on-Trent,NG12 2AJ,52.947834,-1.037676,CL,Yes,,https://www.inspireculture.org.uk/,way,72847168,Q53152109,33
Rainworth,Nottinghamshire County Council,England,"Warsop Lane, Rainworth ",Rainworth,NG21 0AD,53.116754,-1.118803,CRL,Yes,,https://www.inspireculture.org.uk/,,,,
Ravenshead,Nottinghamshire County Council,England,"Milton Court, Ravenshead",Ravenshead,NG15 9BD,53.085513,-1.1658,CL,Yes,,https://www.inspireculture.org.uk/,way,53089980,Q53152160,41
Retford,Nottinghamshire County Council,England,"Churchgate, Retford",Retford,DN22 6PE,53.3243106,-0.9422987,CL,Yes,,https://www.inspireculture.org.uk/,way,32965333,Q26297278,5
Ruddington,Nottinghamshire County Council,England,"Church Street, Ruddington",Ruddington,NG11 6HD,52.891589,-1.151366,CL,Yes,,https://www.inspireculture.org.uk/,way,266453852,Q53152189,39
Selston,Nottinghamshire County Council,England,"Chapel Road, Selston",Selston,NG16 6BW,53.071969,-1.307947,CL,Yes,,https://www.inspireculture.org.uk/,node,7889077986,,107
Skegby & Stanton Hill,Nottinghamshire County Council,England,"Mansfield Road, Skegby",Skegby,NG17 3EE,53.142337,-1.273344,CL,Yes,,https://www.inspireculture.org.uk/,way,425722826,Q53152236,134
Southwell,Nottinghamshire County Council,England,"The Bramley Centre, King Street, Southwell",Southwell,NG25 0EH,53.078984,-0.953814,CL,Yes,,https://www.inspireculture.org.uk/,way,362049851,Q53152269,48
Stapleford,Nottinghamshire County Council,England,"Church Street, Stapleford",Stapleford,NG9 8GA,52.930985,-1.274165,CL,Yes,,https://www.inspireculture.org.uk/,way,46547699,Q53152291,86
Sutton Bonnington,Nottinghamshire County Council,England,"Villlage Hall, Main Street, Sutton Bonington",Sutton Bonington,LE12 5NJ,52.820421,-1.249238,CL,Yes,,https://www.inspireculture.org.uk/,node,258741370,,54
Sutton-in-Ashfield,Nottinghamshire County Council,England,"Idlewells Precinct, Sutton-in-Ashfield",Sutton-in-Ashfield,NG17 1BP,53.125206,-1.263394,CL,Yes,,https://www.inspireculture.org.uk/,node,11948527591,,52
Sutton-on-Trent,Nottinghamshire County Council,England,"High Street, Sutton-on-Trent",Sutton-on-Trent,NG23 6PF,53.181849,-0.804319,CRL,Yes,,https://www.inspireculture.org.uk/,,,,
Toton,Nottinghamshire County Council,England,"Stapleford Lane, Beeston",Beeston,NG9 6GA,52.907484,-1.256269,CL,Yes,,https://www.inspireculture.org.uk/,way,147605170,,118
Warsop,Nottinghamshire County Council,England,"High Street, Warsop",Warsop,NG20 0AG,53.204758,-1.153608,CL,Yes,,https://www.inspireculture.org.uk/,way,475369515,Q53152447,67
West Bridgford,Nottinghamshire County Council,England,"Bridgford Road, West Bridgford",West Bridgford,NG2 6AT,52.933676,-1.127226,CL,Yes,,https://www.inspireculture.org.uk/,relation,6052731,Q53152475,45
Woodthorpe,Nottinghamshire County Council,England,"Wensley Road, Woodthorpe",Woodthorpe,NG5 4JW,52.991233,-1.130792,CL,Yes,,https://www.inspireculture.org.uk/,way,368360869,Q53152496,106
Worksop,Nottinghamshire County Council,England,"Memorial Avenue, Worksop",Worksop,S80 2BP,53.3044605,-1.1192092,CL,Yes,,https://www.inspireculture.org.uk/,way,419452137,,76
Abingdon,Oxfordshire County Council,England,"The Charter, Abingdon",Abingdon,OX14 3LY,51.671713,-1.2832655,LAL,Yes,,https://www.oxfordshire.gov.uk/libraries,way,113565335,Q55112938,2
Adderbury,Oxfordshire County Council,England,"Church House, High Street, Adderbury",Adderbury,OX17 3LS,52.015712,-1.313864,LAL,Yes,,https://www.oxfordshire.gov.uk/libraries,way,284207280,Q55112939,44
Bampton,Oxfordshire County Council,England,"Old Grammar School, Church View , Bampton",Bampton,OX18 2NE,51.726388,-1.547775,LAL,Yes,,https://www.oxfordshire.gov.uk/libraries,way,1334828821,Q26305283,76
Banbury,Oxfordshire County Council,England,"Marlborough Road, Banbury",Banbury,OX16 5DB,52.059799,-1.336936,LAL,Yes,,https://www.oxfordshire.gov.uk/libraries,way,931422960,Q55112940,22
Benson,Oxfordshire County Council,England,"Castle Square, Wallingford",Wallingford,OX10 6SD,51.620908,-1.109778,LAL,Yes,,https://www.oxfordshire.gov.uk/libraries,way,796578483,Q55112942,55
Berinsfield,Oxfordshire County Council,England,"Green Furlong, Berinsfield",Berinsfield,OX10 7NR,51.662941,-1.176026,LAL,Yes,,https://www.oxfordshire.gov.uk/libraries,way,744963524,Q55112943,59
Blackbird Leys,Oxfordshire County Council,England,"Blackbird Leys Road, Oxford",Oxford,OX4 6HT,51.719652,-1.201082,LAL,Yes,,https://www.oxfordshire.gov.uk/libraries,way,71956136,,94
Botley,Oxfordshire County Council,England,"5a Church Way, Botley",Botley,OX2 9LP,51.751713,-1.297239,LAL,Yes,,https://www.oxfordshire.gov.uk/libraries,node,1433413656,Q55112946,131
Burford,Oxfordshire County Council,England,"86A High Street, Burford",Burford,OX18 4QF,51.808225,-1.636826,LAL,Yes,,https://www.oxfordshire.gov.uk/libraries,node,5729251792,Q26557262,17
Carterton,Oxfordshire County Council,England,"6 Alvescot Road, Carterton",Carterton,OX18 3JH,51.758271,-1.597557,LAL,Yes,,https://www.oxfordshire.gov.uk/libraries,way,99415337,Q55112947,112
Chinnor,Oxfordshire County Council,England,"Station Road, Chinnor",Chinnor,OX39 4PU,51.702324,-0.910004,LAL,Yes,,https://www.oxfordshire.gov.uk/libraries,way,97413416,Q55112949,93
Chipping Norton,Oxfordshire County Council,England,"Goddards Lane, Chipping Norton",Chipping Norton,OX7 5NP,51.942871,-1.544918,LAL,Yes,,https://www.oxfordshire.gov.uk/libraries,node,1302240519,Q55112950,14
Cowley,Oxfordshire County Council,England,"Temple Road, Oxford",Oxford,OX4 2EZ,51.736688,-1.211928,LAL,Yes,,https://www.oxfordshire.gov.uk/libraries,way,79620244,Q55112951,179
Deddington,Oxfordshire County Council,England,"The Old Court House, Horse Fair, Deddington",Deddington,OX15 0SH,51.982073,-1.322635,LAL,Yes,,https://www.oxfordshire.gov.uk/libraries,node,1610845254,Q55112953,44
Didcot,Oxfordshire County Council,England,"197 Broadway, Didcot",Didcot,OX11 8DU,51.602425,-1.23544,LAL,Yes,,https://www.oxfordshire.gov.uk/libraries,,,,
Eynsham,Oxfordshire County Council,England,"30 Mill Street, Eynsham",Eynsham,OX29 4JS,51.78175,-1.374054,LAL,Yes,,https://www.oxfordshire.gov.uk/libraries,way,460924630,Q55112955,43
Faringdon,Oxfordshire County Council,England,"The Elms, Gloucester Street, Faringdon",Faringdon,SN7 7HY,51.658405,-1.586992,LAL,Yes,,https://www.oxfordshire.gov.uk/libraries,way,312001293,Q55112956,1
Goring,Oxfordshire County Council,England,"Station Road, Goring-on-Thames",Goring-on-Thames,RG8 9HA,51.521268,-1.136888,LAL,Yes,,https://www.oxfordshire.gov.uk/libraries,way,159818258,Q55112957,13
Grove,Oxfordshire County Council,England,"Millbrook, Grove",Oxfordshire,OX12 7LB,51.610622,-1.423806,LAL,Yes,,https://www.oxfordshire.gov.uk/libraries,way,1313026842,Q55112958,61
Headington,Oxfordshire County Council,England,"Bury Knowle Park, North Place, Oxford",Oxford,OX3 9HY,51.762894,-1.209506,LAL,Yes,,https://www.oxfordshire.gov.uk/libraries,node,244510650,,30
Henley,Oxfordshire County Council,England,"Ravenscroft Road, Henley-on-Thames",Henley-on-Thames,RG9 2DH,51.540196,-0.905859,LAL,Yes,,https://www.oxfordshire.gov.uk/libraries,way,222772077,Q55112961,60
Hook Norton,Oxfordshire County Council,England,"High Street, Hook Norton",Hook Norton,OX15 5NH,51.994968,-1.48469,LAL,Yes,,https://www.oxfordshire.gov.uk/libraries,node,767478200,Q55112963,55
Kennington,Oxfordshire County Council,England,"The Village Hall, Kennington Road, Kennington",Kennington,OX1 5PG,51.718113,-1.244493,LAL,Yes,,https://www.oxfordshire.gov.uk/libraries,,,,
Kidlington,Oxfordshire County Council,England,"23 Oxford Road, Kidlington",Kidlington,OX5 2BP,51.82179,-1.287996,LAL,Yes,,https://www.oxfordshire.gov.uk/libraries,way,131543034,,71
North Leigh,Oxfordshire County Council,England,"Memorial Hall, Park Road, Witney",Witney,OX29 6SA,51.813563,-1.436701,LAL,Yes,,https://www.oxfordshire.gov.uk/libraries,node,13071498346,,125
Old Marston,Oxfordshire County Council,England,"Mortimer Hall, Oxford Road, Oxford",Oxford,OX3 0PH,51.771916,-1.23603,LAL,Yes,,https://www.oxfordshire.gov.uk/libraries,node,258716124,Q55112970,28
Sonning Common,Oxfordshire County Council,England,"Grove Road, Sonning Common",Sonning Common,RG4 9RH,51.515507,-0.980401,LAL,Yes,,https://www.oxfordshire.gov.uk/libraries,node,648855575,Q55112971,57
Stonesfield,Oxfordshire County Council,England,"Village Hall, Longore, Stonesfield",Stonesfield,OX29 8EF,51.854916,-1.428184,LAL,Yes,,https://www.oxfordshire.gov.uk/libraries,way,722945647,Q55112973,85
Summertown,Oxfordshire County Council,England,"South Parade, Thame",Thame,OX2 7JN,51.778216,-1.268073,LAL,Yes,,https://www.oxfordshire.gov.uk/libraries,way,304063855,Q55112975,12
Wallingford,Oxfordshire County Council,England,"51 High Street, Wallingford",Wallingford,OX10 0DB,51.601019,-1.127811,LAL,Yes,,https://www.oxfordshire.gov.uk/libraries,way,316757309,,36
Wantage,Oxfordshire County Council,England,"Stirlings Road, Wantage",Wantage,OX12 7BB,51.589565,-1.424101,LAL,Yes,,https://www.oxfordshire.gov.uk/libraries,way,68743383,Q55112979,4
Watlington,Oxfordshire County Council,England,"Greengates, 35 High Street, Watlington",Watlington,OX49 5PZ,51.645369,-1.006064,LAL,Yes,,https://www.oxfordshire.gov.uk/libraries,way,481422440,Q26650396,28
Wheatley,Oxfordshire County Council,England,"The Merry Bells, High Street, Wheatley",Wheatley,OX33 1XP,51.746885,-1.136559,LAL,Yes,,https://www.oxfordshire.gov.uk/libraries,node,288687564,Q55112981,3
Witney,Oxfordshire County Council,England,"Welch Way, Witney",Witney,OX28 6JH,51.786474,-1.486083,LAL,Yes,,https://www.oxfordshire.gov.uk/libraries,way,140654550,Q55112982,89
Woodcote,Oxfordshire County Council,England,"Reading Road, Woodcote",Woodcote,RG8 0QY,51.533604,-1.067553,LAL,Yes,,https://www.oxfordshire.gov.uk/libraries,way,58426058,,34
Wychwood,Oxfordshire County Council,England,"29 High Street, Milton-under-Wychwood",Milton-under-Wychwood,OX7 6LD,51.861056,-1.618917,LAL,Yes,,https://www.oxfordshire.gov.uk/libraries,node,1705151432,Q55113009,75
Audley Library,Staffordshire County Council,England,"Hall Street, Stoke-on-Trent",Stoke-on-Trent,ST7 8DB,53.0538109,-2.3014266,CRL,Yes,,https://www.staffordshire.gov.uk/Libraries/branchlibraries/AudleyLibrary/AudleyLibrary.aspx,way,1047675580,,1
Barton Under Needwood Library,Staffordshire County Council,England,"Dunstall Road, Barton-under-Needwood",Barton-under-Needwood,DE13 8AX,52.7651298,-1.7207856,CRL,Yes,,https://www.staffordshire.gov.uk/Libraries/branchlibraries/BartonUnderNeedwoodLibrary/BartonUnderNeedwoodLibrary.aspx,way,306649509,,33
Baswich Library,Staffordshire County Council,England,"Lynton Avenue, Stafford",Stafford,ST17 0EA,52.7919395,-2.0797048,CRL,Yes,,https://www.staffordshire.gov.uk/Libraries/branchlibraries/BaswichLibrary/BaswichLibrary.aspx,way,89981693,,3
Biddulph Library,Staffordshire County Council,England,"Tunstall Road, Stoke-on-Trent",Stoke-on-Trent,ST8 6HH,53.1151155,-2.1770595,LAL,Yes,,https://www.staffordshire.gov.uk/Libraries/branchlibraries/BiddulphLibrary/BiddulphLibrary.aspx,way,119143493,,13
Blythe Bridge Library,Staffordshire County Council,England,"Uttoxeter Road, Stoke-on-Trent",Stoke-on-Trent,ST11 9JR,52.9672718,-2.0615385,CRL,Yes,,https://www.staffordshire.gov.uk/Libraries/branchlibraries/BlytheBridgeLibrary/BlytheBridgeLibrary.aspx,way,995640649,,16
Brereton Library,Staffordshire County Council,England,"Talbot Road, Rugeley",Rugeley,WS15 1AU,52.746757,-1.929503,CRL,Yes,,https://www.staffordshire.gov.uk/Libraries/branchlibraries/BreretonLibrary/BreretonLibrary.aspx,,,,
Brewood Library,Staffordshire County Council,England,"Newport Street, Brewood",Brewood,ST19 9DT,52.6766528,-2.1750535,CRL,Yes,,https://www.staffordshire.gov.uk/Libraries/branchlibraries/BrewoodLibrary/BrewoodLibrary.aspx,,,,
Burntwood Library,Staffordshire County Council,England,"Sankeys Corner, Bridge Cross Road, Burntwood",Burntwood,WS7 2BX,52.6813498,-1.9334171,LAL,Yes,,https://www.staffordshire.gov.uk/Libraries/branchlibraries/BurntwoodLibrary/BurntwoodLibrary.aspx,way,506366126,Q55163664,4
Burton Library,Staffordshire County Council,England,"Riverside, High Street, Burton-upon-Trent",Burton-upon-Trent,DE14 1AH,52.803008,-1.6275857,LAL,Yes,,https://www.staffordshire.gov.uk/Libraries/branchlibraries/BurtonLibrary/BurtonLibrary.aspx,way,55344245,,8
Cannock Library,Staffordshire County Council,England,"Manor Avenue, Cannock",Cannock,WS11 1AA,52.689811,-2.0336902,LAL,Yes,,https://www.staffordshire.gov.uk/Libraries/branchlibraries/CannockLibrary/CannockLibrary.aspx,node,5313735963,,13
Cheadle Library,Staffordshire County Council,England,"15a-17 High Street, Stoke-on-Trent",Stoke-on-Trent,ST10 1AA,52.987953,-1.987906,CRL,Yes,,https://www.staffordshire.gov.uk/Libraries/branchlibraries/CheadleLibrary/CheadleLibrary.aspx,node,1234721591,,30
Clayton Library,Staffordshire County Council,England,"Dartmouth Avenue, Newcastle-under-Lyme",Newcastle-under-Lyme,ST5 3NR,52.9938838,-2.2275147,CRL,Yes,,https://www.staffordshire.gov.uk/Libraries/branchlibraries/ClaytonLibrary/ClaytonLibrary.aspx,way,119051865,,2
Codsall Library,Staffordshire County Council,England,"SSDC Offices, Wolverhampton Road, Codsall",Codsall,WV8 1PX,52.6256819,-2.1919562,LAL,Yes,,https://www.staffordshire.gov.uk/Libraries/branchlibraries/CodsallLibrary/CodsallLibrary.aspx,,,,
Eccleshall Library,Staffordshire County Council,England,"20 High Street, Eccleshall, Stafford",Stafford,ST21 6BZ,52.8598263,-2.2531442,CRL,Yes,,https://www.staffordshire.gov.uk/Libraries/branchlibraries/EccleshallLibrary/EccleshallLibrary.aspx,node,981749036,,12
Glascote Library,Staffordshire County Council,England,"Caledonian, Tamworth",Tamworth,B77 2ED,52.621814,-1.6643954,CRL,Yes,,https://www.staffordshire.gov.uk/Libraries/branchlibraries/GlascoteLibrary/GlascoteLibrary.aspx,,,,
Gnosall Library,Staffordshire County Council,England,"Grosvenor Centre, High Street, Stafford",Stafford,ST20 0EX,52.784575,-2.254681,CRL,Yes,,https://www.staffordshire.gov.uk/Libraries/branchlibraries/GnosallLibrary/GnosallLibrary.aspx,,,,
Great Wyrley Library,Staffordshire County Council,England,"Unit 22, Quinton Court, Wardles Lane, Walsall",Walsall,WS6 6DY,52.6580924,-2.0182531,CRL,Yes,,https://www.staffordshire.gov.uk/Libraries/branchlibraries/GreatWyrleyLibrary/GreatWyrleyLibrary.aspx,,,,
Heath Hayes Library,Staffordshire County Council,England,"Hednesford Road, Cannock",Cannock,WS12 3EA,52.6895743,-1.9816061,CRL,Yes,,https://www.staffordshire.gov.uk/Libraries/branchlibraries/HeathHayesLibrary/HeathHayesLibrary.aspx,way,511786506,,6
Hednesford Library,Staffordshire County Council,England,"Market Street, Cannock",Cannock,WS12 1AD,52.7091466,-1.9996104,CRL,Yes,,https://www.staffordshire.gov.uk/Libraries/branchlibraries/HednesfordLibrary/HednesfordLibrary.aspx,node,434424382,,17
Holmcroft Library,Staffordshire County Council,England,"Holmcroft Road, Stafford",Stafford,ST16 1JG,52.8218532,-2.1329008,CRL,Yes,,https://www.staffordshire.gov.uk/Libraries/branchlibraries/HolmcroftLibrary/HolmcroftLibrary.aspx,way,36068757,,8
Kidsgrove Library,Staffordshire County Council,England,"Meadows Road, Kidsgrove, Stoke on Trent",Stoke on Trent,ST7 1BS,53.0862903,-2.2416638,LAL,Yes,,https://www.staffordshire.gov.uk/Libraries/branchlibraries/KidsgroveLibrary/KidsgroveLibrary.aspx,way,206427307,,2
Kinver Library,Staffordshire County Council,England,"Vicarage Drive, Kinver, Stourbridge",Stourbridge,DY7 6HJ,52.4482161,-2.2297027,CRL,Yes,,https://www.staffordshire.gov.uk/Libraries/branchlibraries/KinverLibrary/KinverLibrary.aspx,node,1456803347,,7
Knutton Library,Staffordshire County Council,England,"St. Mary's CofE Junior School, Church Lane, Knutton",Knutton,ST5 6EB,53.017074,-2.250921,CRL,Yes,,https://www.staffordshire.gov.uk/Libraries/branchlibraries/KnuttonLibrary/KnuttonLibrary.aspx,,,,
Leek Library,Staffordshire County Council,England,"Nicholson Institute, Stockwell Street, Leek",Leek,ST13 6DW,53.1073084,-2.0236776,LAL,Yes,,https://www.staffordshire.gov.uk/Libraries/branchlibraries/LeekLibrary/LeekLibrary.aspx,way,507982861,,3
Loggerheads Library,Staffordshire County Council,England,"7 Eccleshall Road, Loggerheads",Loggerheads,TF9 4NX,52.9192468,-2.388846,CRL,Yes,,https://www.staffordshire.gov.uk/Libraries/branchlibraries/LoggerheadsLibrary/LoggerheadsLibrary.aspx,node,10291507117,,1
Norton Canes Library,Staffordshire County Council,England,"Burntwood Road, Norton Canes, Cannock",Cannock,WS11 9RF,52.6748169,-1.9703414,CRL,Yes,,https://www.staffordshire.gov.uk/Libraries/branchlibraries/NortonCanesLibrary/NortonCanesLibrary.aspx,way,663883526,,2
Penkridge Library,Staffordshire County Council,England,"Bellbrook, Penkridge, Stafford",Stafford,ST19 5DL,52.7248335,-2.1116527,CRL,Yes,,https://www.staffordshire.gov.uk/Libraries/branchlibraries/PenkridgeLibrary/PenkridgeLibrary.aspx,way,526410297,,2
Perton Library,Staffordshire County Council,England,"Severn Drive, Perton, Wolverhampton",Wolverhampton,WV6 7QU,52.5942863,-2.2045736,LAL,Yes,,https://www.staffordshire.gov.uk/Libraries/branchlibraries/PertonLibrary/PertonLibrary.aspx,way,85948714,,2
Rising Brook Library,Staffordshire County Council,England,"Merrey Road, Rising Brook , Stafford",Stafford,ST17 9LX,52.7867372,-2.1190331,CRL,Yes,,https://www.staffordshire.gov.uk/Libraries/branchlibraries/RisingBrookLibrary/RisingBrookLibrary.aspx,node,889469872,,6
Rugeley Library,Staffordshire County Council,England,"Anson Street, Rugeley",Rugeley,WS15 2BB,52.7613228,-1.9354612,LAL,Yes,,https://www.staffordshire.gov.uk/Libraries/branchlibraries/RugeleyLibrary/RugeleyLibrary.aspx,node,4841781437,,2
Shenstone Library,Staffordshire County Council,England,"Main Street, Shenstone, Lichfield",Lichfield,WS14 0NF,52.6384858,-1.8386416,CRL,Yes,,https://www.staffordshire.gov.uk/Libraries/branchlibraries/ShenstoneLibrary/ShenstoneLibrary.aspx,way,251979545,,1
Silverdale Library,Staffordshire County Council,England,"High Street, Silverdale, Newcastle-under-Lyme",Newcastle-under-Lyme,ST5 6LY,53.0153807,-2.2687531,CRL,Yes,,https://www.staffordshire.gov.uk/Libraries/branchlibraries/SilverdaleLibrary/SilverdaleLibrary.aspx,way,143065374,,14
Stone Library,Staffordshire County Council,England,"High Street, Stone",Stone,ST15 8AT,52.9021562,-2.1477026,LAL,Yes,,https://www.staffordshire.gov.uk/Libraries/branchlibraries/StoneLibrary/StoneLibrary.aspx,way,216653593,,4
Talke Library,Staffordshire County Council,England,"Springhead Primary School, Kingsley Road, Stoke-on-Trent",Stoke-on-Trent,ST7 1RA,53.0693,-2.255762,CRL,Yes,,https://www.staffordshire.gov.uk/Libraries/branchlibraries/TalkeLibrary/TalkeLibrary.aspx,,,,
Tamworth Library,Staffordshire County Council,England,"56A Albert Road, Tamworth",Tamworth,B79 7JN,52.6347792,-1.6950327,LAL,Yes,,https://www.staffordshire.gov.uk/Libraries/branchlibraries/TamworthLibrary/TamworthLibrary.aspx,way,112476423,Q55163705,4
Uttoxeter Library,Staffordshire County Council,England,"Red Gables, 57 High Street, Uttoxeter",Uttoxeter,ST14 7JQ,52.900593,-1.8665903,LAL,Yes,,https://www.staffordshire.gov.uk/Libraries/branchlibraries/UttoxeterLibrary/UttoxeterLibrary.aspx,node,289446230,,15
Werrington Library,Staffordshire County Council,England,"Ash Bank Road, Stoke-on-Trent",Stoke-on-Trent,ST9 0JS,53.0227031,-2.0947437,CRL,Yes,,https://www.staffordshire.gov.uk/Libraries/branchlibraries/WerringtonLibrary/WerringtonLibrary.aspx,way,1198485057,,1
Wilnecote Library,Staffordshire County Council,England,"Wilnecote High School, Tinkers Green Road, Tamworth",Tamworth,B77 5LF,52.605249,-1.6654819,CRL,Yes,,https://www.staffordshire.gov.uk/Libraries/branchlibraries/WilnecoteLibrary/WilnecoteLibrary.aspx,,,,
Wombourne Library,Staffordshire County Council,England,"Wombourne Community Centre, Church Road, Wolverhampton",Wolverhampton,WV5 9EZ,52.536029,-2.184502,LAL,Yes,,https://www.staffordshire.gov.uk/Libraries/branchlibraries/WombourneLibrary/WombourneLibrary.aspx,way,231740200,,72
Aldeburgh,Suffolk County Council,England,"Victoria Road, Aldeburgh",Aldeburgh,IP15 5EG,52.155616,1.595887,CL,Yes,,,way,142701949,Q55113010,41
Beccles,Suffolk County Council,England,"Blyburgate, Beccles",Beccles,NR34 9TB,52.456293,1.564862,CL,Yes,,,way,911041398,Q55113011,66
Broomhill,Suffolk County Council,England,"Sherrington Road, Ipswich",Ipswich,IP1 4HT,52.06894,1.140301,CL,Yes,,,way,292288694,Q26676020,111
Bungay,Suffolk County Council,England,"Wharton Street, Bungay",Bungay,NR35 1EL,52.454008,1.439923,CL,Yes,,,way,171747677,Q55113014,2
Bury St. Edmunds,Suffolk County Council,England,"Sergeants Walk, St. Andrews Street North, Bury St. Edmunds",Bury St. Edmunds,IP33 1TZ,52.247655,0.710955,CL,Yes,,,way,543064997,Q43086125,72
Capel St Mary,Suffolk County Council,England,"Village Hall, The Street, Capel St. Mary",Capel St. Mary,IP9 2EP,52.00383,1.049804,CL,Yes,,,node,691558108,Q55113015,40
Chantry,Suffolk County Council,England,"Hawthorn Drive, Ipswich",Ipswich,IP2 0QY,52.04473,1.120647,CL,Yes,,,way,1220643333,,73
Clare,Suffolk County Council,England,"The Guildhall, High Street, Clare",Clare,CO10 8NY,52.078259,0.580469,CL,Yes,,,node,7566555701,Q55113017,107
Elmswell,Suffolk County Council,England,"Memorial Library, Elmswell",Elmswell,IP30 9BX,52.234292,0.91425,CL,Yes,,,way,166893968,,85
Felixstowe,Suffolk County Council,England,"Crescent Road, Felixstowe",Felixstowe,IP11 7BY,51.963582,1.351019,CL,Yes,,,way,492767248,Q55113022,21
Framlingham,Suffolk County Council,England,"The Old Court House, Bridge Street, Framlingham",Framlingham,IP13 9BA,52.222082,1.343663,CL,Yes,,,node,13081527759,,66
Gainsborough,Suffolk County Council,England,"Clapgate Lane, Ipswich",Ipswich,IP3 0RL,52.033643,1.183045,CL,Yes,,,way,352586373,,60
Glemsford,Suffolk County Council,England,"Unit 1a Bells Lane, Glemsford",Glemsford,CO10 7QA,52.103176,0.672595,CL,Yes,,,,,,
Great Cornard,Suffolk County Council,England,"Head Lane, Great Cornard",Great Cornard,CO10 0NH,52.0243652,0.7523005,CL,Yes,,,,,,
Hadleigh,Suffolk County Council,England,"29 High Street, Hadleigh",Hadleigh,IP7 5AG,52.042136,0.954842,CL,Yes,,,way,756072196,Q55113028,39
Halesworth,Suffolk County Council,England,"Bridge Street, Halesworth",Halesworth,IP19 8AD,52.345163,1.501924,CL,Yes,,,way,422992855,Q55113030,6
Haverhill,Suffolk County Council,England,"Camps Road, Haverhill",Haverhill,CB9 8HB,52.083053,0.436809,CL,Yes,,,way,638831309,Q55113032,14
Ipswich,Suffolk County Council,England,"Northgate Street, Ipswich",Ipswich,IP1 3DE,52.058744,1.1565839,CL,Yes,,,way,105069164,Q26529932,13
Ixworth,Suffolk County Council,England,"Village Hall, High Street, Ixworth",Ixworth,IP31 2HH,52.297268,0.83168,CL,Yes,,,node,3377531957,Q55113033,46
Kedington,Suffolk County Council,England,"Community Centre, Arms Lane, Kedington",Kedington,CB9 7QQ,52.089921,0.487943,CL,Yes,,,node,10929199504,,54
Kesgrave,Suffolk County Council,England,"Kinsey House, Kays Close, Kesgrave",Kesgrave,IP5 2HL,52.061483,1.237658,CL,Yes,,,way,352806508,Q55113035,7
Kessingland,Suffolk County Council,England,"Marram Green, Hall Road, Kessingland",Kessingland,NR33 7AH,52.419356,1.719694,CL,Yes,,,relation,7327532,Q55113036,33
Lakenheath,Suffolk County Council,England,"65 High Street, Lakenheath",Lakenheath,IP27 9DS,52.416001,0.519081,CL,Yes,,,node,1978818972,Q55113037,144
Lavenham,Suffolk County Council,England,"Lavenham Village Hall, Church Street, Lavenham",Lavenham,CO10 9QT,52.106684,0.79442,CL,Yes,,,node,6341823857,Q55113038,180
Leiston,Suffolk County Council,England,"Old Post Office Square, Main Street, Leiston",Leiston,IP16 4ER,52.208014,1.57567,CL,Yes,,,way,136068807,Q55113039,5
Lowestoft,Suffolk County Council,England,"Clapham Road South, Lowestoft",Lowestoft,NR32 1DR,52.4768953,1.7504267,CL,Yes,,,way,211736261,Q55113041,22
Newmarket,Suffolk County Council,England,"1a the Guineas, Newmarket",Newmarket,CB8 8EQ,52.244798,0.405583,CL,Yes,,,node,248410110,Q55113044,30
Oulton Broad,Suffolk County Council,England,"92 Bridge Road, Oulton Broad",Oulton Broad,NR32 3LR,52.476457,1.713915,CL,Yes,,,way,1134529482,,140
Rosehill,Suffolk County Council,England,"Tomline Road, Ipswich",Ipswich,IP3 8DB,52.050928,1.181736,CL,Yes,,,way,508424022,Q55113047,50
Saxmundham,Suffolk County Council,England,"County Offices, Street Farm Road, Saxmundham",Saxmundham,IP17 1AL,52.216723,1.493487,CL,Yes,,,relation,7322425,Q55113049,24
Stoke,Suffolk County Council,England,"High School, Maidenhall Approach, Ipswich",Ipswich,IP2 8PL,52.0431163,1.1490497,CL,Yes,,,,,,
Stowmarket,Suffolk County Council,England,"Milton Road, Stowmarket",Stowmarket,IP14 1EX,52.187724,0.998175,CL,Yes,,,way,205289683,Q55113054,55
Stradbroke,Suffolk County Council,England,"Court House, Queens Street, Stradbroke",Stradbroke,IP21 5HG,52.319071,1.271969,CL,Yes,,,way,307695986,Q26284258,36
Sudbury,Suffolk County Council,England,"Market Hill, Sudbury",Sudbury,CO10 2EN,52.038129,0.73041,CL,Yes,,,node,2508817096,Q17533545,21
Thurston,Suffolk County Council,England,"Thurston Community College , Bury St. Edmunds",Bury St. Edmunds,IP31 3PB,52.253119,0.807267,CL,Yes,,,,,,
Wickham Market,Suffolk County Council,England,"Resource Centre, Chapel Lane, Wickham Market",Wickham Market,IP13 0SD,52.150975,1.364763,CL,Yes,,,way,497184896,Q55113061,126
Woodbridge,Suffolk County Council,England,"New Street, Woodbridge",Woodbridge,IP12 1DT,52.093385,1.318383,CL,Yes,,,way,492782724,Q55113062,82
Atherstone Library and Information Centre,Warwickshire County Council,England,"Long Street, Atherstone",Atherstone,CV9 1AX,52.578655,-1.550563,LAL,Yes,,https://www.warwickshire.gov.uk/libraries,node,771111058,,78
Baddesley Community Library,Warwickshire County Council,England,"Village Hall, Keys Hill, Baddesley Ensor",Baddesley Ensor,CV9 2DF,52.580551,-1.600404,CRL,No,,https://www.warwickshire.gov.uk/libraries,,,,
Bedworth Library and Information Centre,Warwickshire County Council,England,"18 High Street, Bedworth",Bedworth,CV12 8NF,52.478928,-1.471814,LAL,Yes,,https://www.warwickshire.gov.uk/libraries,,,,
Bidford Community Library,Warwickshire County Council,England,"Bramley Way, Bidford-on-Avon",Bidford-on-Avon,B50 4QG,52.167991,-1.85936,CRL,No,,https://www.warwickshire.gov.uk/libraries,,,,
Bulkington Community Library,Warwickshire County Council,England,"School Road , Nuneaton",Nuneaton,CV12 9JB,52.476454,-1.423139,CRL,No,,https://www.warwickshire.gov.uk/libraries,way,422162940,,72
Coleshill Library and Information Centre,Warwickshire County Council,England,"19a Parkfield Road, Birmingham",Birmingham,B46 3LD,52.496959,-1.706804,LAL,Yes,,https://www.warwickshire.gov.uk/libraries,node,1477716026,,182
Dordon Community Library,Warwickshire County Council,England,"Roman Way, Tamworth",Tamworth,B78 1RD,52.604981,-1.615347,CRL,No,,https://www.warwickshire.gov.uk/libraries,way,517872288,,11
Dunchurch Community Library,Warwickshire County Council,England,"The Green, Rugby",Rugby,CV22 6PA,52.337347,-1.292347,CRL,No,,https://www.warwickshire.gov.uk/libraries,way,597874245,Q55113075,72
Harbury Community Library,Warwickshire County Council,England,"High Street, Leamington Spa",Leamington Spa,CV33 9HW,52.236701,-1.455377,CRL,No,,https://www.warwickshire.gov.uk/libraries,way,194924622,,19
Hartshill Community Library,Warwickshire County Council,England,"Holy Trinity Church, Church Road , Hartshill",Hartshill,CV10 0LY,52.542933,-1.519337,CRL,No,,https://www.warwickshire.gov.uk/libraries,,,,
Henley Community Library,Warwickshire County Council,England,"115 High Street, Henley-in-Arden",Henley-in-Arden,B95 5AU,52.292763,-1.779616,CRL,No,,https://www.warwickshire.gov.uk/libraries,node,2340153272,Q55113079,48
Kenilworth Library,Warwickshire County Council,England,"Smalley Place, Kenilworth",Kenilworth,CV8 1QG,52.343233,-1.580663,LAL,Yes,,https://www.warwickshire.gov.uk/libraries,way,83998608,Q55113080,3
Keresley Community Library,Warwickshire County Council,England,"Bennetts Road, Coventry",Coventry,CV7 8HX,52.454129,-1.532783,CRL,No,,https://www.warwickshire.gov.uk/libraries,,,,
Kineton Community Library,Warwickshire County Council,England,"Kineton Village Hall, Mill Street, Kineton",Kineton,CV35 0LB,52.156496,-1.508423,CRL,No,,https://www.warwickshire.gov.uk/libraries,,,,
Leamington Spa Library & Information Centre,Warwickshire County Council,England,"Royal Pump Rooms, Parade, Leamington Spa",Leamington Spa,CV32 4AA,52.287077,-1.534398,LAL,Yes,,https://www.warwickshire.gov.uk/libraries,node,262499842,,25
Lillington Library and Information Centre,Warwickshire County Council,England,"Valley Road, Leamington",Leamington,CV32 7SJ,52.302526,-1.517225,LAL,Yes,,https://www.warwickshire.gov.uk/libraries,way,209355914,Q21008674,92
Nuneaton Library and Information Centre,Warwickshire County Council,England,"Church Street, Nuneaton",Nuneaton,CV11 4DR,52.5222243,-1.4639905,LAL,Yes,,https://www.warwickshire.gov.uk/libraries,way,197887843,,12
Polesworth Library and Information Centre,Warwickshire County Council,England,"Bridge Street, Tamworth",Tamworth,B78 1DT,52.619264,-1.614977,LAL,Yes,,https://www.warwickshire.gov.uk/libraries,way,517873198,,71
Rugby Library and Information Centre,Warwickshire County Council,England,"Little Elborow Street, Rugby",Rugby,CV21 3BZ,52.371656,-1.264476,LAL,Yes,,https://www.warwickshire.gov.uk/libraries,way,31305618,Q7378151,24
Shipston-on-Stour Library and Information Centre,Warwickshire County Council,England,"12 Church Street, Shipston-on-Stour",Shipston-on-Stour,CV36 4AP,52.063202,-1.623472,LAL,Yes,,https://www.warwickshire.gov.uk/libraries,node,1416625058,,31
"Stockingford Nursery School, Children & Family Centre & Library",Warwickshire County Council,England,"St. Paul's Road, Nuneaton",Nuneaton,CV10 8HW,52.519372,-1.504686,LAL,Yes,,https://www.warwickshire.gov.uk/libraries,,,,
Studley Community Library,Warwickshire County Council,England,"Studley Village Hall, High Street, Studley",Studley,B80 7HJ,52.272785,-1.896444,CRL,No,,https://www.warwickshire.gov.uk/libraries,node,602209475,,152
Warwick Library and Information Centre,Warwickshire County Council,England,"Shire Hall, Market Place, Warwick",Warwick,CV34 4RL,52.2827414,-1.5896766,LAL,Yes,,https://www.warwickshire.gov.uk/libraries,node,458425166,,38
Water Orton Community Library,Warwickshire County Council,England,"Mickle Meadow, Coleshill Road, Birmingham",Birmingham,B46 1SN,52.517061,-1.741802,CRL,No,,https://www.warwickshire.gov.uk/libraries,way,299479312,,40
Wellesbourne Library and Information Centre,Warwickshire County Council,England,"Kineton Road, Warwick",Warwick,CV35 9NF,52.19523,-1.590015,LAL,Yes,,https://www.warwickshire.gov.uk/libraries,way,300963017,,47
Wolston Library and Information Centre,Warwickshire County Council,England,"Warwick Road, Coventry",Coventry,CV8 3GX,52.375403,-1.397873,LAL,Yes,,https://www.warwickshire.gov.uk/libraries,way,654677051,,94
Angmering Library,West Sussex County Council,England,"Arundel Road, Angmering",Angmering,BN16 4JS,50.829181,-0.485849,LAL,Yes,,,way,661435521,Q26526351,36
Arundel Library,West Sussex County Council,England,"Surrey Street, Arundel",Arundel,BN18 9DT,50.852763,-0.55987,LAL,Yes,,,way,515436895,Q55173664,33
Billingshurst Library,West Sussex County Council,England,"Mill Lane, Billingshurst",Billingshurst,RH14 9JZ,51.023174,-0.453287,LAL,Yes,,,node,26687070,Q55173665,4
Bognor Regis Library,West Sussex County Council,England,"London Road, Bognor Regis",Bognor Regis,PO21 1DE,50.787103,-0.673602,LAL,Yes,,,way,477147207,Q55173667,37
Broadfield Library,West Sussex County Council,England,"46 Broadfield Barton, Broadfield",Broadfield,RH11 9BA,51.097032,-0.205563,LAL,Yes,,,way,194823301,,109
Broadwater Library,West Sussex County Council,England,"Dominion Road, Broadwater",Broadwater,BN14 8JL,50.826972,-0.36483,LAL,Yes,,,way,981300699,,70
Burgess Hill Library,West Sussex County Council,England,"15 - 19 The Martlets, Burgess Hill",West Sussex,RH15 9NN,50.956018,-0.132103,LAL,Yes,,,way,910955645,Q55173671,4
Chichester Library,West Sussex County Council,England,"Tower Street, Chichester",Chichester,PO19 1QJ,50.837673,-0.781801,LAL,Yes,,,way,79865138,Q26677197,11
Crawley Library,West Sussex County Council,England,"Southgate Avenue, Crawley",Crawley,RH10 6HG,51.1138,-0.182011,LAL,Yes,,,node,450545448,Q55173673,32
Durrington Library,West Sussex County Council,England,"Salvington Road, Durrington",Durrington,BN13 2JD,50.835273,-0.405768,LAL,Yes,,,way,1001579000,,26
East Grinstead Library,West Sussex County Council,England,"32-40 West Street, East Grinstead",East Grinstead,RH19 4SR,51.1239459,-0.0103408,LAL,Yes,,,way,553613057,Q55173676,6
East Preston Library,West Sussex County Council,England,"The Street, East Preston",East Preston,BN16 1JJ,50.811143,-0.48189,LAL,Yes,,,way,737252372,Q55173677,35
Ferring Library,West Sussex County Council,England,"Ferring Street, Ferring",Ferring,BN12 5HL,50.813772,-0.447907,LAL,Yes,,,way,988070741,Q55173678,50
Findon Valley Library,West Sussex County Council,England,"Lime Tree Avenue, Findon Valley",Findon Valley,BN14 0DH,50.84711,-0.396088,LAL,Yes,,,way,1004780466,,2
Goring Library,West Sussex County Council,England,"Mulberry Lane, Goring-by-Sea",Goring-by-Sea,BN12 4NR,50.813446,-0.423602,LAL,Yes,,,way,617812517,Q55173681,76
Hassocks Library,West Sussex County Council,England,"9 Ewart Close, Hassocks",Hassocks,BN6 8FJ,50.923085,-0.133223,LAL,Yes,,,way,1424684520,,1
Haywards Heath Library,West Sussex County Council,England,"34 Boltro Road, Haywards Heath",Haywards Heath,RH16 1BN,51.001473,-0.108172,LAL,Yes,,,way,450667770,Q55173684,40
Henfield Library,West Sussex County Council,England,"off High Street, Henfield",Henfield,BN5 9HN,50.931646,-0.272531,LAL,Yes,,,way,868400582,,32
Horsham Library,West Sussex County Council,England,"Lower Tanbridge Way, Horsham",Horsham,RH12 1PJ,51.062192,-0.332753,LAL,Yes,,,way,122748314,,8
Hurstpierpoint Library,West Sussex County Council,England,"Trinity Road, Hurstpierpoint",Hurstpierpoint,BN6 9UY,50.933913,-0.174503,LAL,Yes,,,way,305144796,Q55173688,210
Lancing Library,West Sussex County Council,England,"Penstone Park, Lancing",Lancing,BN15 9DL,50.828505,-0.32391,LAL,Yes,,,way,492879007,Q55173728,2
Littlehampton Library,West Sussex County Council,England,"Maltravers Road, Littlehampton",Littlehampton,BN17 5NA,50.80762,-0.537703,LAL,Yes,,,way,369763977,Q55173729,57
Petworth Library,West Sussex County Council,England,"High Street, Petworth",Petworth,GU28 0AU,50.985388,-0.608642,LAL,Yes,,,way,104126062,Q55173730,47
Pulborough Library,West Sussex County Council,England,"Brooks Way (off Lower Street), Pulborough",Pulborough,RH20 2BP,50.957189,-0.500559,LAL,Yes,,,way,104231785,Q55173732,59
Rustington Library,West Sussex County Council,England,"Claigmar Road, Rustington",Rustington,BN16 2NL,50.809007,-0.507295,LAL,Yes,,,way,559135571,Q55173733,87
Selsey Library,West Sussex County Council,England,"School Lane, Selsey",Selsey,PO20 9EH,50.735777,-0.790109,LAL,Yes,,,way,173492861,Q55173735,56
Shoreham-by-Sea Library,West Sussex County Council,England,"St. Mary's Road, Shoreham-by-Sea",Shoreham-by-Sea,BN43 5ZA,50.833253,-0.273326,LAL,Yes,,,way,235901517,,90
Southbourne Library,West Sussex County Council,England,"First Avenue, Southbourne",Southbourne,PO10 8HN,50.847883,-0.91036,LAL,Yes,,,node,664872413,Q55173738,40
Southwater Library,West Sussex County Council,England,"Beeson House, 26 Lintot Square, Fairbank Road , Southwater",Southwater,RH13 9LA,51.024839,-0.350136,LAL,Yes,,,node,4548520184,,42
Southwick Library,West Sussex County Council,England,"Southdown Road, Southwick",Southwick,BN42 4FT,50.835709,-0.236054,LAL,Yes,,,way,238293177,Q55173741,97
Steyning Library,West Sussex County Council,England,"Church Street, Steyning",Steyning,BN44 3YB,50.888811,-0.327322,LAL,Yes,,,way,230516746,Q55173742,118
Storrington Library,West Sussex County Council,England,"Ryecroft Lane, Storrington",Storrington,RH20 4PA,50.919624,-0.454973,LAL,Yes,,,way,517063538,Q55173744,60
Willowhale Library,West Sussex County Council,England,"Pryors Lane, Bognor Regis",Bognor Regis,PO21 4JF,50.782132,-0.717979,LAL,Yes,,,way,660685129,,26
Witterings Library,West Sussex County Council,England,"Oakfield Avenue, East Wittering",East Wittering,PO20 8BT,50.768271,-0.87361,LAL,Yes,,,way,850291123,,68
Worthing Library,West Sussex County Council,England,"Richmond Road, Worthing",Worthing,BN11 1HD,50.8141733,-0.3723354,LAL,Yes,,,way,90975005,Q47012571,1
Alvechurch Library,Worcestershire County Council,England,"Birmingham Road, Alvechurch",Alvechurch,B48 7TA,52.3562449,-1.9629524,LAL,Yes,,http://www.worcestershire.gov.uk/libraries,node,5048168700,,4
Bewdley Library,Worcestershire County Council,England,"Load Street, Bewdley",Bewdley,DY12 2EQ,52.3773955,-2.3174667,LAL,Yes,,http://www.worcestershire.gov.uk/libraries,,,,
Broadway Library,Worcestershire County Council,England,"Leamington Road, Broadway",Broadway,WR12 7DZ,52.0366495,-1.8563117,LAL,Yes,,http://www.worcestershire.gov.uk/libraries,way,350653651,Q55114774,7
Catshill Community Library,Worcestershire County Council,England,"Catshill Middle School, Meadow Road, Catshill",Catshill,B61 0JW,52.3628498,-2.0544456,LAL,Yes,,http://www.worcestershire.gov.uk/libraries,node,317261413,,6
Droitwich Spa Library,Worcestershire County Council,England,"Victoria Square, Droitwich",Droitwich,WR9 8DQ,52.2669611,-2.1500363,LAL,Yes,,http://www.worcestershire.gov.uk/libraries,way,228480988,,1
Evesham Library,Worcestershire County Council,England,"Oat Street, Evesham",Evesham,WR11 4PJ,52.093873,-1.9457395,LAL,Yes,,http://www.worcestershire.gov.uk/libraries,way,181471496,,8
Hagley Library,Worcestershire County Council,England,"Worcester Road, Hagley",Hagley,DY9 0NW,52.4217324,-2.14388,LAL,Yes,,http://www.worcestershire.gov.uk/libraries,way,240115498,,4
Kidderminster Library,Worcestershire County Council,England,"Market Street, Kidderminster",Kidderminster,DY10 1AB,52.3861271,-2.2489807,LAL,Yes,,http://www.worcestershire.gov.uk/libraries,way,51844009,,9
Malvern Library,Worcestershire County Council,England,"Graham Road, Malvern",Malvern,WR14 2HU,52.112844,-2.3265428,LAL,Yes,,http://www.worcestershire.gov.uk/libraries,way,1433615929,,9
Martley Library,Worcestershire County Council,England,"Martley Village Hall, Berrow Green Road, Martley",Martley,WR6 6PQ,52.2353914,-2.3646082,CRL,No,,http://www.worcestershire.gov.uk/libraries,,,,
Pershore Library,Worcestershire County Council,England,"Church Street, Pershore",Pershore,WR10 1DT,52.1113689,-2.0767991,LAL,Yes,,http://www.worcestershire.gov.uk/libraries,way,203012559,,7
Redditch Library,Worcestershire County Council,England,"15 Market Place, Redditch",Redditch,B98 8AR,52.3063427,-1.9401149,LAL,Yes,,http://www.worcestershire.gov.uk/libraries,way,145219106,Q29159582,4
Rubery Library,Worcestershire County Council,England,"7 Library Way, Rubery",Rubery,B45 9JS,52.3925815,-2.0228857,LAL,Yes,,http://www.worcestershire.gov.uk/libraries,node,316978341,,14
Tenbury Wells Library,Worcestershire County Council,England,"24 Teme Street, Tenbury Wells",Tenbury Wells,WR15 8AA,52.3119229,-2.5937412,LAL,Yes,,http://www.worcestershire.gov.uk/libraries,way,620726717,,12
Upton-Upon-Severn Library,Worcestershire County Council,England,"School Lane, Upton-upon-Severn",Upton-upon-Severn,WR8 0LE,52.061688,-2.2171356,LAL,Yes,,http://www.worcestershire.gov.uk/libraries,,,,
Welland Library,Worcestershire County Council,England,"Welland Village Hall, Marlbank Road, Welland",Welland,WR13 6NE,52.0580305,-2.298372,CRL,No,,http://www.worcestershire.gov.uk/libraries,,,,
Woodrow Library,Worcestershire County Council,England,"25 Local Centre, Studley Road",Worcestershire,B98 7RY,52.2876194,-1.9161612,LAL,Yes,,http://www.worcestershire.gov.uk/libraries,node,6620623877,,12
"Worcester, The Hive",Worcestershire County Council,England,"Sawmill Walk, The Butts, Worcester",Worcester,WR1 3PB,52.2074778,-2.1928391,LAL,Yes,,http://www.thehiveworcester.org/,,,,
Worcester Warndon Library,Worcestershire County Council,England,"The Fairfield Centre, Carnforth Drive, Worcester",Worcester,WR4 9HG,52.1937892,-2.2260766,LAL,Yes,,http://www.worcestershire.gov.uk/libraries,way,135181145,Q8034193,8
Antrim,Northern Ireland,Northern Ireland,"10 Railway Street, Antrim",Antrim,BT41 4AE,54.715062,-6.217262,LAL,Yes,,https://www.librariesni.org.uk/Libraries/Pages/Antrim-Library.aspx,way,237376208,Q55263369,42
Ardoyne,Northern Ireland,Northern Ireland,"446 - 450 Crumlin Road, Belfast",Belfast,BT14 7GH,54.614444,-5.966436,LAL,Yes,,https://www.librariesni.org.uk/Libraries/Pages/Ardoyne-Library.aspx,way,1206729677,,56
Armagh City,Northern Ireland,Northern Ireland,"2 Market Street, Armagh",Armagh,BT61 7BU,54.348165,-6.65366,LAL,Yes,,https://www.librariesni.org.uk/Libraries/Pages/Armagh-City-Library.aspx,way,455682831,,40
Ballycastle,Northern Ireland,Northern Ireland,"5 Leyland Road, Ballycastle",Ballycastle,BT54 6DT,55.200624,-6.256489,LAL,Yes,,https://www.librariesni.org.uk/Libraries/Pages/Ballycastle-Library.aspx,way,1218756784,,32
Ballyclare,Northern Ireland,Northern Ireland,"School Street, Ballyclare",Ballyclare,BT39 9BE,54.752043,-6.001886,LAL,Yes,,https://www.librariesni.org.uk/Libraries/Pages/Ballyclare-Library.aspx,node,11595224064,,20
Ballyhackamore,Northern Ireland,Northern Ireland,"1-3 Eastleigh Drive, Belfast",Belfast,BT4 3DX,54.596005,-5.866216,LAL,Yes,,https://www.librariesni.org.uk/Libraries/Pages/Ballyhackamore-Library.aspx,way,769499817,,95
Ballymena Central,Northern Ireland,Northern Ireland,"5 Pat's Brae, Ballymena",Ballymena,BT43 5AX,54.864715,-6.27778,LAL,Yes,,https://www.librariesni.org.uk/Libraries/Pages/Ballymena-Central-Library.aspx,way,453554088,Q55263392,19
Ballymoney,Northern Ireland,Northern Ireland,"Rodden Foot, Queen Street, Ballymoney",Antrim,BT53 6JB,55.070932,-6.511342,LAL,Yes,,https://www.librariesni.org.uk/Libraries/Pages/Ballymoney-Library.aspx,way,386352134,Q55263393,77
Ballynahinch,Northern Ireland,Northern Ireland,"Main Street, Ballynahinch",Ballynahinch,BT24 8DN,54.403366,-5.896179,LAL,Yes,,https://www.librariesni.org.uk/Libraries/Pages/Ballynahinch-Library.aspx,way,1198929978,,152
Banbridge,Northern Ireland,Northern Ireland,"23 Scarva Road, Banbridge",Banbridge,BT32 3AD,54.349476,-6.274626,LAL,Yes,,https://www.librariesni.org.uk/Libraries/Pages/Banbridge-Library.aspx,way,1080515771,,171
Bangor Carnegie,Northern Ireland,Northern Ireland,"Hamilton Road, Bangor",Bangor,BT20 4LH,54.661002,-5.661301,LAL,Yes,,https://www.librariesni.org.uk/Libraries/Pages/Bangor-Carnegie-Library.aspx,way,652840864,,8
Belfast Central,Northern Ireland,Northern Ireland,"Royal Avenue, Belfast",Belfast,BT1 1EA,54.60293,-5.931228,LAL,Yes,,https://www.librariesni.org.uk/Libraries/Pages/Belfast-Central-Library.aspx,relation,8334606,Q4882250,34
Belfast Central​,Northern Ireland,Northern Ireland,"Royal Avenue, Belfast",Belfast,BT1 1EA,54.60293,-5.931228,LAL,Yes,,https://www.librariesni.org.uk/Libraries/Pages/Belfast-Central-Library.aspx,,,,
Bessbrook,Northern Ireland,Northern Ireland,"22 Church Road, Bessbrook",Bessbrook,BT35 7AQ,54.195438,-6.398134,LAL,Yes,,https://www.librariesni.org.uk/Libraries/Pages/Bessbrook-Library.aspx,way,683598114,,79
Broughshane,Northern Ireland,Northern Ireland,"Main Street, Broughshane",Broughshane,BT42 4JW,54.893201,-6.207451,LAL,Yes,,https://www.librariesni.org.uk/Libraries/Pages/Broughshane-Library.aspx,way,806169751,,62
Brownlow,Northern Ireland,Northern Ireland,"3 Brownlow Road, Craigavon",Craigavon,BT65 5DL,54.446552,-6.364078,LAL,Yes,,https://www.librariesni.org.uk/Libraries/Pages/Brownlow-Library.aspx,way,687872228,,60
Carnlough,Northern Ireland,Northern Ireland,"Town Hall, Carnlough",Carnlough,BT44 0EU,54.992713,-5.989925,LAL,Yes,,https://www.librariesni.org.uk/Libraries/Pages/Carnlough-Library.aspx,node,11603030215,,31
Carrickfergus,Northern Ireland,Northern Ireland,"2 Joymount Court, Carrickfergus",Carrickfergus,BT38 7DQ,54.715424,-5.805253,LAL,Yes,,https://www.librariesni.org.uk/Libraries/Pages/Carrickfergus-Library.aspx,way,692793880,Q55263409,91
Carryduff,Northern Ireland,Northern Ireland,"Church Road, Carryduff",Carryduff,BT8 8DT,54.515421,-5.88588,LAL,Yes,,https://www.librariesni.org.uk/Libraries/Pages/Carryduff-Library.aspx,way,560463285,,121
Castlederg,Northern Ireland,Northern Ireland,"1A Hospital Road, Castlederg",Castlederg,BT81 7BU,54.710517,-7.588841,LAL,Yes,,https://www.librariesni.org.uk/Libraries/Pages/Castlederg-Library.aspx,way,725860260,Q55263411,182
Castlewellan,Northern Ireland,Northern Ireland,"Main Street, Castlewellan",Castlewellan,BT31 9DA,54.25794,-5.941638,LAL,Yes,,https://www.librariesni.org.uk/Libraries/Pages/Castlewellan-Library.aspx,way,299080983,,7
Chichester,Northern Ireland,Northern Ireland,"109 Salisbury Avenue, Belfast",Belfast,BT15 5EB,54.629248,-5.9429,LAL,Yes,,https://www.librariesni.org.uk/Libraries/Pages/Chichester-Library.aspx,way,1206809236,,139
Cloughfern,Northern Ireland,Northern Ireland,"2A Kings Crescent, Newtownabbey",Newtownabbey,BT37 0DH,54.678294,-5.910712,LAL,Yes,,https://www.librariesni.org.uk/Libraries/Pages/Cloughfern-Library.aspx,way,1254210057,,46
Coalisland,Northern Ireland,Northern Ireland,"2-4 Lineside, The Cornmill, Coalisland",Coalisland,BT71 4LT,54.541961,-6.705414,LAL,Yes,,https://www.librariesni.org.uk/Libraries/Pages/Coalisland-Library.aspx,,,,
Coleraine,Northern Ireland,Northern Ireland,"Queen Street, Coleraine",Coleraine,BT52 1BE,55.132263,-6.672405,LAL,Yes,,https://www.librariesni.org.uk/Libraries/Pages/Coleraine-Library.aspx,way,239015982,,45
Colin Glen,Northern Ireland,Northern Ireland,"Unit 17 The Dairy Farm Centre, Stewartstown Road, Dunmurry",Antrim,BT17 0AW,54.560537,-6.020233,LAL,Yes,,https://www.librariesni.org.uk/Libraries/Pages/Colin-Glen-Library.aspx,node,11182997310,,38
Comber,Northern Ireland,Northern Ireland,"Newtownards Road, Comber",Comber,BT23 5AU,54.551376,-5.740604,LAL,Yes,,https://www.librariesni.org.uk/Libraries/Pages/Comber-Library.aspx,way,1205737286,,3
Cookstown,Northern Ireland,Northern Ireland,"13 Burn Road, Cookstown",Cookstown,BT80 8DJ,54.646761,-6.745801,LAL,Yes,,https://www.librariesni.org.uk/Libraries/Pages/Cookstown-Library.aspx,way,252422750,Q55263420,170
Cregagh,Northern Ireland,Northern Ireland,"409-413 Cregagh Road, Belfast",Belfast,BT6 0LF,54.572247,-5.894862,LAL,Yes,,https://www.librariesni.org.uk/Libraries/Pages/Cregagh-Library.aspx,way,589501179,,77
Creggan,Northern Ireland,Northern Ireland,"59 Central Drive, Derry",Derry,BT48 9QH,54.997432,-7.345783,LAL,Yes,,https://www.librariesni.org.uk/Libraries/Pages/Creggan-Library.aspx,way,1030943247,Q55263423,222
Crossmaglen,Northern Ireland,Northern Ireland,"44 The Square, Crossmaglen,Newry","Crossmaglen,Newry",BT35 9AA,54.077222,-6.608803,LAL,Yes,,https://www.librariesni.org.uk/Libraries/Pages/Crossmaglen-Library.aspx,node,11124723709,,132
Crumlin,Northern Ireland,Northern Ireland,"Orchard Road, Crumlin",Crumlin,BT29 4SD,54.620206,-6.216769,LAL,Yes,,https://www.librariesni.org.uk/Libraries/Pages/Crumlin-Library.aspx,way,1254317112,,42
Cushendall,Northern Ireland,Northern Ireland,"Mill Street, Cushendall",Cushendall,BT44 0RR,55.080391,-6.064754,LAL,Yes,,https://www.librariesni.org.uk/Libraries/Pages/Cushendall-Library.aspx,way,910678478,,74
Derry Central,Northern Ireland,Northern Ireland,"35 Foyle Street, Derry",Derry,BT48 6AL,54.996574,-7.31875,LAL,Yes,,https://www.librariesni.org.uk/Libraries/Pages/Derry-Central-Library.aspx,way,137054110,Q55263429,60
Donaghadee,Northern Ireland,Northern Ireland,"5 Killaughey Road, Donaghadee",Donaghadee,BT21 0BL,54.639286,-5.535934,LAL,Yes,,https://www.librariesni.org.uk/Libraries/Pages/Donaghadee-Library.aspx,way,1205839031,,103
Downpatrick,Northern Ireland,Northern Ireland,"Market Street, Downpatrick",Downpatrick,BT30 6LZ,54.326467,-5.718182,LAL,Yes,,https://www.librariesni.org.uk/Libraries/Pages/Downpatrick-Library.aspx,way,918931036,Q55263432,57
Draperstown,Northern Ireland,Northern Ireland,"50 High Street, Draperstown",Draperstown,BT45 7AD,54.79318,-6.780574,LAL,Yes,,https://www.librariesni.org.uk/Libraries/Pages/Draperstown-Library.aspx,way,1242985413,,44
Dromore,Northern Ireland,Northern Ireland,"38 Market Square, Town Hall, Dromore",Dromore,BT25 1AW,54.414441,-6.148844,LAL,Yes,,https://www.librariesni.org.uk/Libraries/Pages/Dromore-Library.aspx,way,212355684,,16
Dundonald,Northern Ireland,Northern Ireland,"16 Church Road, Dundonald, Belfast","Dundonald, Belfast",BT16 2LN,54.593196,-5.803107,LAL,Yes,,https://www.librariesni.org.uk/Libraries/Pages/Dundonald-Library.aspx,way,645290010,,56
Dungannon,Northern Ireland,Northern Ireland,"36 Market Square, Dungannon",Dungannon,BT70 1JD,54.504929,-6.769077,LAL,Yes,,https://www.librariesni.org.uk/Libraries/Pages/Dungannon-Library.aspx,way,1245026993,,14
Dungiven,Northern Ireland,Northern Ireland,"107 Main Street, Dungiven",Dungiven,BT47 4LE,54.927244,-6.92474,LAL,Yes,,https://www.librariesni.org.uk/Libraries/Pages/Dungiven-Library.aspx,way,536922850,Q55263437,122
Enniskillen,Northern Ireland,Northern Ireland,"Halls Lane, Enniskillen",Enniskillen,BT74 7DR,54.346949,-7.640366,LAL,Yes,,https://www.librariesni.org.uk/Libraries/Pages/Enniskillen-Library.aspx,way,116613183,Q55263438,86
Falls Road,Northern Ireland,Northern Ireland,"49 Falls Road, Belfast",Belfast,BT12 4PD,54.598146,-5.952671,LAL,Yes,,https://www.librariesni.org.uk/Libraries/Pages/Falls-Road-Library.aspx,way,488438856,Q55263439,1
Finaghy,Northern Ireland,Northern Ireland,"38B Finaghy Road South, Belfast",Belfast,BT10 0DR,54.560269,-5.983898,LAL,Yes,,https://www.librariesni.org.uk/Libraries/Pages/Finaghy-Library.aspx,way,427051654,Q55263440,71
Fintona,Northern Ireland,Northern Ireland,"112-114 Main Street, Fintona",Fintona,BT78 2AE,54.497443,-7.3183,LAL,Yes,,https://www.librariesni.org.uk/Libraries/Pages/Fintona-Library.aspx,node,11573993452,,23
Fivemiletown,Northern Ireland,Northern Ireland,"67 Main Street, Fivemiletown",Fivemiletown,BT75 0PG,54.378039,-7.315957,LAL,Yes,,https://www.librariesni.org.uk/Libraries/Pages/Fivemiletown-Library.aspx,way,227020297,,55
Garvagh,Northern Ireland,Northern Ireland,"Bridge Street, Garvagh",Garvagh,BT51 5AF,54.983251,-6.686686,LAL,Yes,,https://www.librariesni.org.uk/Libraries/Pages/Garvagh-Library.aspx,way,273340274,,16
Glengormley,Northern Ireland,Northern Ireland,"40 Carnmoney Road, Newtownabbey",Newtownabbey,BT36 6HP,54.675093,-5.956366,LAL,Yes,,https://www.librariesni.org.uk/Libraries/Pages/Glengormley-Library.aspx,way,819197780,,80
Greenisland,Northern Ireland,Northern Ireland,"17 Glassillan Grove, Greenisland",Greenisland,BT38 8TE,54.696865,-5.871937,LAL,Yes,,https://www.librariesni.org.uk/Libraries/Pages/Greenisland-Library.aspx,way,427039329,Q55263446,94
Greystone,Northern Ireland,Northern Ireland,"Greystone Road, Antrim",Antrim,BT41 1JW,54.713521,-6.188451,LAL,Yes,,https://www.librariesni.org.uk/Libraries/Pages/Greystone-Library.aspx,way,220717742,Q55263447,83
Grove,Northern Ireland,Northern Ireland,"Grove Wellbeing Centre, 120 York Road, Belfast",Antrim,BT15 3HF,54.617722,-5.924052,LAL,Yes,,https://www.librariesni.org.uk/Libraries/Pages/Grove-Library.aspx,,,,
Holywood,Northern Ireland,Northern Ireland,"Sullivan Building, 86-88 High Street, Holywood",Down,BT18 9AE,54.64117,-5.835128,LAL,Yes,,https://www.librariesni.org.uk/Libraries/Pages/Holywood-Library.aspx,way,1205891633,,107
Holywood Arches,Northern Ireland,Northern Ireland,"4 - 12 Holywood Road, Belfast",Belfast,BT4 1NT,54.598554,-5.88651,LAL,Yes,,https://www.librariesni.org.uk/Libraries/Pages/Holywood-Arches-Library.aspx,way,296931177,Q55263449,149
"Irish and Local Studies, Armagh",Northern Ireland,Northern Ireland,"39c Abbey Street, Armagh",Armagh,BT61 7EB,54.348821,-6.657667,LAL,Yes,,"https://www.librariesni.org.uk/Libraries/Pages/Irish-and-Local-Studies-Library,-Armagh.aspx",node,5175067523,,24
Irvinestown,Northern Ireland,Northern Ireland,"Main Street, Irvinestown",Irvinestown,BT94 1GJ,54.47221,-7.63319,LAL,Yes,,https://www.librariesni.org.uk/Libraries/Pages/Irvinestown-Library.aspx,way,1206069265,,37
Keady,Northern Ireland,Northern Ireland,"3 Bridge Street, Keady",Keady,BT60 3TA,54.248539,-6.704605,LAL,Yes,,https://www.librariesni.org.uk/Libraries/Pages/Keady-Library.aspx,way,587507494,,3
Kells and Connor,Northern Ireland,Northern Ireland,"5 Main Street, Kells, Ballymena","Kells, Ballymena",BT42 3JH,54.808254,-6.220812,LAL,Yes,,https://www.librariesni.org.uk/Libraries/Pages/Kells-and-Connor-Library.aspx,way,154937139,,11
Kilkeel,Northern Ireland,Northern Ireland,"51A Greencastle Street, Kilkeel, Newry","Kilkeel, Newry",BT34 4BH,54.061654,-6.00858,LAL,Yes,,https://www.librariesni.org.uk/Libraries/Pages/Kilkeel-Library.aspx,way,1090291898,,105
Killyleagh,Northern Ireland,Northern Ireland,"52 High Street, Killyleagh",Killyleagh,BT30 9QF,54.400791,-5.651835,LAL,Yes,,https://www.librariesni.org.uk/Libraries/Pages/Killyleagh-Library.aspx,way,498112613,Q55263458,102
Kilrea,Northern Ireland,Northern Ireland,"Town Hall, 26 The Diamond, Kilrea",Kilrea,BT51 5QJ,54.9518,-6.555163,LAL,Yes,,https://www.librariesni.org.uk/Libraries/Pages/Kilrea-Library.aspx,node,11552035346,,15
Larne,Northern Ireland,Northern Ireland,"36 Pound Street, Larne",Larne,BT40 1SQ,54.85179,-5.824699,LAL,Yes,,https://www.librariesni.org.uk/Libraries/Pages/Larne-Library.aspx,way,516859837,Q55263460,84
Limavady,Northern Ireland,Northern Ireland,"5 Connell Street, Limavady",Limavady,BT49 0EA,55.050699,-6.94736,LAL,Yes,,https://www.librariesni.org.uk/Libraries/Pages/Limavady-Library.aspx,node,11552067957,Q55263461,158
Lisburn City,Northern Ireland,Northern Ireland,"Lisburn City Library, 23 Linenhall Street, Lisburn",Antrim,BT28 1FJ,54.510285,-6.043495,LAL,Yes,,https://www.librariesni.org.uk/Libraries/Pages/Lisburn-City-Library.aspx,node,4221746625,,20
Lisburn Road,Northern Ireland,Northern Ireland,"440 Lisburn Road, Belfast",Belfast,BT9 6GR,54.57085,-5.962236,LAL,Yes,,https://www.librariesni.org.uk/Libraries/Pages/Lisburn-Road-Library.aspx,way,1206920336,,37
Lisnaskea,Northern Ireland,Northern Ireland,"157-159 Main Street, Lisnaskea",Lisnaskea,BT92 0JE,54.252308,-7.442695,LAL,Yes,,https://www.librariesni.org.uk/Libraries/Pages/Lisnaskea-Library.aspx,way,1206072395,,10
Lurgan,Northern Ireland,Northern Ireland,"1 Carnegie Street, Lurgan",Lurgan,BT66 6AS,54.461896,-6.333099,LAL,Yes,,https://www.librariesni.org.uk/Libraries/Pages/Lurgan-Library.aspx,way,1089251631,,37
Maghera,Northern Ireland,Northern Ireland,"1 Church Street, Maghera",Maghera,BT46 5EA,54.842261,-6.667345,LAL,Yes,,https://www.librariesni.org.uk/Libraries/Pages/Maghera-Library.aspx,way,1242990511,,223
Magherafelt,Northern Ireland,Northern Ireland,"The Bridewell, 6 Church Street, Magherafelt",Londonderry,BT45 6AN,54.756467,-6.606556,LAL,Yes,,https://www.librariesni.org.uk/Libraries/Pages/Magherafelt-Library.aspx,node,11552129082,,37
Moira,Northern Ireland,Northern Ireland,"21A Backwood Road, Moira, Craigavon","Moira, Craigavon",BT67 0LJ,54.48574,-6.241099,LAL,Yes,,https://www.librariesni.org.uk/Libraries/Pages/Moira-Library.aspx,,,,
Newcastle,Northern Ireland,Northern Ireland,"141-143 Main Street, Newcastle",Newcastle,BT33 0AE,54.211857,-5.889908,LAL,Yes,,https://www.librariesni.org.uk/Libraries/Pages/Newcastle-Library.aspx,way,217858794,,147
Newry City,Northern Ireland,Northern Ireland,"79 Hill Street, Newry",Newry,BT34 1DG,54.176705,-6.33715,LAL,Yes,,https://www.librariesni.org.uk/Libraries/Pages/Newry-City-Library.aspx,way,743427138,,15
Newtownards,Northern Ireland,Northern Ireland,"Queens Hall, Regent Street, Newtownards",Down,BT23 4AB,54.594213,-5.697875,LAL,Yes,,https://www.librariesni.org.uk/Libraries/Pages/Newtownards-Library.aspx,way,620899570,,21
Newtownbreda,Northern Ireland,Northern Ireland,"Saintfield Road, Belfast",Belfast,BT8 7HL,54.558329,-5.909339,LAL,Yes,,https://www.librariesni.org.uk/Libraries/Pages/Newtownbreda-Library.aspx,way,1206949938,,69
Newtownstewart,Northern Ireland,Northern Ireland,"2 Main Street, Newtownstewart",Newtownstewart,BT78 4AA,54.717954,-7.37793,LAL,Yes,,https://www.librariesni.org.uk/Libraries/Pages/Newtownstewart-Library.aspx,way,1245801545,,100
Omagh,Northern Ireland,Northern Ireland,"1 Spillars Place, Irishtown Road, Omagh",Tyrone,BT78 1HL,54.599411,-7.297334,LAL,Yes,,https://www.librariesni.org.uk/Libraries/Pages/Omagh-Library.aspx,way,501190458,Q55263478,15
Ormeau Road,Northern Ireland,Northern Ireland,"247 Ormeau Road, Belfast",Belfast,BT7 3GG,54.580471,-5.920966,LAL,Yes,,https://www.librariesni.org.uk/Libraries/Pages/Ormeau-Road-Library.aspx,way,343884727,Q55263479,201
Portadown,Northern Ireland,Northern Ireland,"24-26 Church Street, Portadown",Portadown,BT62 3LQ,54.421661,-6.445387,LAL,Yes,,https://www.librariesni.org.uk/Libraries/Pages/Portadown-Library.aspx,way,1232519646,,13
Portaferry,Northern Ireland,Northern Ireland,"47 High Street, Portaferry",Portaferry,BT22 1QU,54.383369,-5.542231,LAL,Yes,,https://www.librariesni.org.uk/Libraries/Pages/Portaferry-Library.aspx,way,1092455905,,157
Portglenone,Northern Ireland,Northern Ireland,"19 Townhill Road, Portglenone",Portglenone,BT44 8AD,54.875473,-6.474904,LAL,Yes,,https://www.librariesni.org.uk/Libraries/Pages/Portglenone-Library.aspx,way,456464275,Q55263483,120
Portrush,Northern Ireland,Northern Ireland,"12 Causeway Street, Portrush",Portrush,BT56 8AB,55.204919,-6.65117,LAL,Yes,,https://www.librariesni.org.uk/Libraries/Pages/Portrush-Library.aspx,way,1149294385,,20
Portstewart,Northern Ireland,Northern Ireland,"Town Hall, The Crescent, Portstewart",Portstewart,BT55 7AB,55.182487,-6.720233,LAL,Yes,,https://www.librariesni.org.uk/Libraries/Pages/Portstewart-Library.aspx,node,5349715376,Q55263486,116
Randalstown,Northern Ireland,Northern Ireland,"34 New Street, Randalstown",Randalstown,BT41 3AF,54.749293,-6.321124,LAL,Yes,,https://www.librariesni.org.uk/Libraries/Pages/Randalstown-Library.aspx,way,1227571503,,75
Rathcoole,Northern Ireland,Northern Ireland,"2 Rosslea Way, Newtownabbey",Newtownabbey,BT37 9BJ,54.663662,-5.918268,LAL,Yes,,https://www.librariesni.org.uk/Libraries/Pages/Rathcoole-Library.aspx,way,550737297,Q55263488,50
Rathfriland,Northern Ireland,Northern Ireland,"12 John Street, Rathfriland",Rathfriland,BT34 5QH,54.235718,-6.162746,LAL,Yes,,https://www.librariesni.org.uk/Libraries/Pages/Rathfriland-Library.aspx,way,1117938950,,86
Richhill,Northern Ireland,Northern Ireland,"1 Maynooth Road, Richhill",Richhill,BT61 9PE,54.370022,-6.553374,LAL,Yes,,https://www.librariesni.org.uk/Libraries/Pages/Richhill-Library.aspx,node,11432887231,,148
Saintfield,Northern Ireland,Northern Ireland,"Ballynahinch Road, Saintfield",Saintfield,BT24 7AD,54.459833,-5.835847,LAL,Yes,,https://www.librariesni.org.uk/Libraries/Pages/Saintfield-Library.aspx,way,185994618,,66
Shankill Road,Northern Ireland,Northern Ireland,"298-300 Shankill Road, Belfast",Belfast,BT13 2BN,54.604222,-5.953836,LAL,Yes,,https://www.librariesni.org.uk/Libraries/Pages/Shankill-Road-Library.aspx,way,468718438,Q55263492,74
Shantallow,Northern Ireland,Northern Ireland,"92 Racecourse Road, Shantallow, Derry","Shantallow, Derry",BT48 8DA,55.027403,-7.315663,LAL,Yes,,https://www.librariesni.org.uk/Libraries/Pages/Shantallow-Library.aspx,way,1026232418,,55
Strabane,Northern Ireland,Northern Ireland,"1 Railway Street, Strabane",Strabane,BT82 8EF,54.827293,-7.464067,LAL,Yes,,https://www.librariesni.org.uk/Libraries/Pages/Strabane-Library.aspx,node,3994636058,Q55263495,43
Strathfoyle,Northern Ireland,Northern Ireland,"22 Temple Road, Strathfoyle, Derry","Strathfoyle, Derry",BT47 6TJ,55.026148,-7.265241,LAL,Yes,,https://www.librariesni.org.uk/Libraries/Pages/Strathfoyle-Library.aspx,,,,
Suffolk,Northern Ireland,Northern Ireland,"Stewartstown Road, Belfast",Belfast,BT11 9JP,54.569457,-6.006965,LAL,Yes,,https://www.librariesni.org.uk/Libraries/Pages/Suffolk-Library.aspx,way,1081700490,,43
Tandragee,Northern Ireland,Northern Ireland,"84 Market Street, Tandragee",Tandragee,BT62 2BP,54.353123,-6.412661,LAL,Yes,,https://www.librariesni.org.uk/Libraries/Pages/Tandragee-Library.aspx,way,1232522825,,71
Tullycarnet,Northern Ireland,Northern Ireland,"Kinross Avenue, Kings Road, Belfast",Down,BT5 7GF,54.589997,-5.828004,LAL,Yes,,https://www.librariesni.org.uk/Libraries/Pages/Tullycarnet-Library.aspx,way,221138352,,188
Warrenpoint,Northern Ireland,Northern Ireland,"61 Summerhill, Warrenpoint",Warrenpoint,BT34 3JB,54.101517,-6.251504,LAL,Yes,,https://www.librariesni.org.uk/Libraries/Pages/Warrenpoint-Library.aspx,node,3488373075,,110
Waterside,Northern Ireland,Northern Ireland,"The Workhouse, 23 Glendermott Road, Derry",Derry,BT47 6BG,54.99552,-7.307191,LAL,Yes,,https://www.librariesni.org.uk/Libraries/Pages/Waterside-Library.aspx,way,284697270,,3
Whitehead,Northern Ireland,Northern Ireland,"17B Edward Road, Whitehead",Whitehead,BT38 9QB,54.753227,-5.710637,LAL,Yes,,https://www.librariesni.org.uk/Libraries/Pages/Whitehead-Library.aspx,way,1254904992,,108
Whiterock,Northern Ireland,Northern Ireland,"Whiterock Road, Belfast",Belfast,BT12 7FW,54.594043,-5.987119,LAL,Yes,,https://www.librariesni.org.uk/Libraries/Pages/Whiterock-Library.aspx,way,521562493,Q55263505,130
Woodstock,Northern Ireland,Northern Ireland,"358 Woodstock Road, Belfast",Belfast,BT6 9DQ,54.587525,-5.9002,LAL,Yes,,https://www.librariesni.org.uk/Libraries/Pages/Woodstock-Library.aspx,way,1175970647,,83
Alloa Speirs Centre,Clackmannanshire Council,Scotland,Primrose Place,Alloa,FK10 1AD,56.117209,-3.791726,LAL,Yes,,http://www.clacksweb.org.uk/culture/alloaspeirscentre/,way,317693154,Q15128996,40
Alva Community Centre Access Point,Clackmannanshire Council,Scotland,153 West Stirling Street,Alva,FK12 5AN,56.15172,-3.798041,LAL,Yes,,http://www.clacksweb.org.uk/culture/alvacap/,,,,
Dollar Community Access Point,Clackmannanshire Council,Scotland,Dollar Civic Centre,,FK14 7AA,56.162286,-3.670091,LAL,Yes,,,way,96057795,,94
Menstrie Community Access Point,Clackmannanshire Council,Scotland,Dumyat Community Centre,,FK11 7BL,56.151327,-3.85277,LAL,Yes,,,,,,
Sauchie Community Access Point,Clackmannanshire Council,Scotland,42-48 Main Street,Sauchie,FK10 3JY,56.128881,-3.777329,LAL,Yes,,http://www.clacksweb.org.uk/culture/sauchiecap/,,,,
Tillicoultry Ben Cleuch Centre,Clackmannanshire Council,Scotland,Ben Cleuch Centre ,,FK13 6AG,56.152833,-3.746799,LAL,Yes,,http://www.clacksweb.org.uk/culture/tillicoultrycap/,,,,
Tullibody Library,Clackmannanshire Council,Scotland,Tullibody Civic Centre,,FK10 2RS,56.130456,-3.8361,LAL,Yes,,http://www.clacksweb.org.uk/culture/tullibodylibrary/,way,318388355,,158
Annan Library,Dumfries and Galloway Council,Scotland,Charles Street ,Annan,DG12 5AG,54.988537,-3.257604,LAL,Yes,,,way,119147959,,38
Castle Douglas Library & Customer Service Centre,Dumfries and Galloway Council,Scotland,Market Hill ,,DG7 1AE,54.941575,-3.9282,LAL,Yes,,http://www.dumgal.gov.uk/article/15395/DG-Customer-Services---Castle-Douglas,way,512069628,Q17791571,82
Dalbeattie Library & Customer Service Centre,Dumfries and Galloway Council,Scotland,High Street,Dalbeattie,DG5 4AD,54.932771,-3.821805,LAL,Yes,,http://www.dumgal.gov.uk/article/15396/DG-Customer-Services---Dalbeattie,,,,
Dalry Library,Dumfries and Galloway Council,Scotland,Main Street,St John's Town of Dalry,DG7 3UP,55.106159,-4.162942,LAL,Yes,,http://www.dumgal.gov.uk/article/15397/DG-Customer-Services---Dalry-Library,way,115455859,Q62610928,154
Eastriggs Library,Dumfries and Galloway Council,Scotland,Eastriggs Community School ,Eastriggs,DG12 6PZ,54.985995,-3.179479,LAL,Yes,,http://www.dumgal.gov.uk/article/15399/DG-Customer-Services---Eastriggs,,,,
Ewart Library & Customer Service Centre,Dumfries and Galloway Council,Scotland,Catherine Street,Dumfries,DG1 1JB,55.0714051,-3.609522,LAL,Yes,,http://www.dumgal.gov.uk/article/15398/DG-Customer-Services---Ewart-Library-Dumfries,node,340053807,,1
Gatehouse Library,Dumfries and Galloway Council,Scotland,63 High Street,Gatehouse of Fleet,DG7 2HS,54.881896,-4.184958,LAL,Yes,,http://www.dumgal.gov.uk/article/15400/DG-Customer-Services---Gatehouse-Library,,,,
Georgetown Library,Dumfries and Galloway Council,Scotland,Gillbrae Road ,Dumfries,DG1 4EJ,55.063914,-3.586764,LAL,Yes,,http://www.dumgal.gov.uk/article/15401/DG-Customer-Services---Georgetown-Dumfries,way,97690145,,106
Gretna Library & Customer Service Centre,Dumfries and Galloway Council,Scotland,Central Avenue ,Gretna,DG16 5AQ,54.994409,-3.067307,LAL,Yes,,http://www.dumgal.gov.uk/article/15402/DG-Customer-Services---Gretna,,,,
Kirkconnel Library,Dumfries and Galloway Council,Scotland,Greystone Avenue,Kelloholm,DG4 6RA,55.378341,-3.99151,LAL,Yes,,http://www.dumgal.gov.uk/article/15579/DG-Customer-Services---Kirkconnel,,,,
Kirkcudbright Library,Dumfries and Galloway Council,Scotland,Sheriff Court House,Kirkcudbright,DG6 4JW,54.83547,-4.054823,LAL,Yes,,http://www.dumgal.gov.uk/article/15391/DG-Customer-Services---Kirkcudbright,node,1051974043,,27
Langholm Library & Customer Service Centre,Dumfries and Galloway Council,Scotland,Market Place,Langholm,DG13 0JQ,55.150873,-2.998403,LAL,Yes,,http://www.dumgal.gov.uk/article/15404/DG-Customer-Services---Langholm,way,275469322,Q17809731,164
Lochmaben Library & Customer Service Centre,Dumfries and Galloway Council,Scotland,Town Hall,,DG11 1NQ,55.129132,-3.441617,LAL,Yes,,http://www.dumgal.gov.uk/article/15405/DG-Customer-Services---Lochmaben,node,1480443537,,17
Lochside Library,Dumfries and Galloway Council,Scotland,Lochside Road ,Dumfries,DG2 0LW,55.080456,-3.629904,LAL,Yes,,http://www.dumgal.gov.uk/article/15580/DG-Customer-Services---Lochside-Dumfries,,,,
Lochthorn Library,Dumfries and Galloway Council,Scotland,Lochthorn ,Dumfries,DG1 1UF,55.098273,-3.582887,LAL,Yes,,http://www.dumgal.gov.uk/article/15581/DG-Customer-Services---Lochthorn-Dumfries,node,463442378,,12
Lockerbie Library & Customer Service Centre,Dumfries and Galloway Council,Scotland,31-33 High Street,Lockerbie,DG11 2JL,55.122526,-3.356353,LAL,Yes,,http://www.dumgal.gov.uk/article/15577/DG-Customer-Services---Lockerbie,way,1065155695,Q62611043,47
Moffat Library,Dumfries and Galloway Council,Scotland,High Street,Moffat,DG10 9HF,55.333158,-3.444761,LAL,Yes,,http://www.dumgal.gov.uk/article/15578/DG-Customer-Services---Moffat,,,,
Newton Stewart Library & Customer Service Centre,Dumfries and Galloway Council,Scotland,Church Street ,Newton Stewart,DG8 6ER,54.957553,-4.485714,LAL,Yes,,http://www.dumgal.gov.uk/article/15584/DG-Customer-Services---Newton-Stewart,way,402645267,,49
Port William Library,Dumfries and Galloway Council,Scotland,Maxwell Hall,,DG8 9SD,54.761161,-4.583701,LAL,Yes,,http://www.dumgal.gov.uk/article/15585/DG-Customer-Services---Port-William,,,,
Sanquhar Library,Dumfries and Galloway Council,Scotland,106 High Street,Sanquhar,DG4 6DZ,55.366642,-3.921161,LAL,Yes,,http://www.dumgal.gov.uk/article/15392/DG-Customer-Services---Sanquhar,way,350433142,,5
Stranraer Library & Customer Service Centre,Dumfries and Galloway Council,Scotland,North Strand Street,Stranraer,DG9 7LD,54.904906,-5.026601,LAL,Yes,,http://www.dumgal.gov.uk/article/15586/DG-Customer-Services---Stranraer,node,8935132903,,41
Thornhill LIbrary,Dumfries and Galloway Council,Scotland,Townhead Street,Thornhill,DG3 5NW,55.238397,-3.766714,LAL,Yes,,https://www.dumgal.gov.uk/article/15583/DG-Customer-Services-Thornhill,way,283782172,,41
Whithorn Library,Dumfries and Galloway Council,Scotland,St John's Street,Whithorn,DG8 8PF,54.73524,-4.414597,LAL,Yes,,http://www.dumgal.gov.uk/article/15587/DG-Customer-Services---Whithorn,,,,
"Wigtown, John McNellie Library",Dumfries and Galloway Council,Scotland,Wigtown County Buildings,Wigtown,DG8 9JH,54.868561,-4.441407,LAL,Yes,,http://www.dumgal.gov.uk/article/15588/DG-Customer-Services---John-McNellie-Library-Wigtown,,,,
Auchinleck Library,East Ayrshire Council,Scotland,Well Road ,Auchinleck,KA18 2JY,55.472988,-4.291015,LAL,Yes,,http://eastayrshireleisure.com/index.php?a=venuedetail&id=6&venueid=39,,,,
Bellfield Library,East Ayrshire Council,Scotland,79 Whatriggs Road,Kilmarnock,KA1 3RB,55.592173,-4.488004,LAL,Yes,,http://eastayrshireleisure.com/index.php?a=venuedetail&id=6&venueid=40,node,537015150,,36
Burns House Museum & Library,East Ayrshire Council,Scotland,Kay Park ,Kilmarnock,KA5 5BZ,55.516043,-4.379832,LAL,Yes,,http://eastayrshireleisure.com/index.php?a=landing&id=6&sid=140&mid=163,,,,
Crosshouse Library,East Ayrshire Council,Scotland,Crosshouse Area Centre,,KA2 0LE,55.611898,-4.548039,LAL,Yes,,http://eastayrshireleisure.com/index.php?a=venuedetail&id=6&venueid=42,way,395774814,,123
Cumnock Library,East Ayrshire Council,Scotland,Rothesay House ,,KA18 1LH,55.452578,-4.261001,LAL,Yes,,http://eastayrshireleisure.com/index.php?a=venuedetail&id=6&venueid=43,node,11596532172,,25
Darvel Library,East Ayrshire Council,Scotland,Town Hall,,KA17 0AQ,55.609695,-4.283674,LAL,Yes,,http://eastayrshireleisure.com/index.php?a=venuedetail&id=6&venueid=46,,,,
Dick Institute,East Ayrshire Council,Scotland,Elmbank Avenue,Kilmarnock,KA1 3BU,55.608525,-4.489643,LAL,Yes,,http://eastayrshireleisure.com/index.php?a=landing&id=6&sid=146&mid=169,,,,
Drongan Library,East Ayrshire Council,Scotland,Drongan Primary School ,,KA6 7BY,55.432896,-4.458748,LAL,Yes,,http://eastayrshireleisure.com/index.php?a=landing&id=6&sid=147&mid=170,,,,
Galston Library,East Ayrshire Council,Scotland,24 Henrietta Street,Galston,KA4 8HQ,55.600716,-4.37818,LAL,Yes,,http://eastayrshireleisure.com/index.php?a=venuedetail&id=6&venueid=48,way,98876150,,21
Newmilns Library,East Ayrshire Council,Scotland,4 Craigview Road,Newmilns,KA16 9DQ,55.607385,-4.324313,LAL,Yes,,http://eastayrshireleisure.com/index.php?a=venuedetail&id=6&venueid=54,way,126202914,,22
Patna Library,East Ayrshire Council,Scotland,Whitehill Avenue,Patna,KA6 7LY,55.362236,-4.501054,LAL,Yes,,http://eastayrshireleisure.com/index.php?a=venuedetail&id=6&venueid=56,way,120132645,,113
Stewarton Library,East Ayrshire Council,Scotland,Stewarton Area Centre,,KA3 5AP,55.682048,-4.51552,LAL,Yes,,http://eastayrshireleisure.com/index.php?a=venuedetail&id=6&venueid=57,node,5258737801,,53
Whattriggs Community Library,East Ayrshire Council,Scotland,Whattriggs Primary School,Kilmarnock,KA1 3RB,55.592173,-4.488004,LAL,Yes,,https://eastayrshireleisure.com/index.php?a=venuedetail&id=6&venueid=40,,,,
Dunbar Library,East Lothian Council,Scotland,Bleachingfield Centre,Dunbar,EH42 1DX,55.999891,-2.519861,LAL,Yes,,http://www.eastlothian.gov.uk/info/200259/your_local_library/486/local_libraries_in_east_lothian/4,node,599667268,Q62660649,120
East Linton Library,East Lothian Council,Scotland,60A High Street,East Linton,EH40 3BX,55.988741,-2.657241,LAL,Yes,,http://www.eastlothian.gov.uk/info/200259/your_local_library/486/local_libraries_in_east_lothian/5,way,285932014,Q62660651,4
Gullane Library,East Lothian Council,Scotland,East Links Road,Gullane,EH31 2AF,56.033092,-2.829228,LAL,Yes,,http://www.eastlothian.gov.uk/info/200259/your_local_library/486/local_libraries_in_east_lothian/6,,,,
Haddington Library,East Lothian Council,Scotland,The John Gray Centre,,EH41 3DX,55.955201,-2.778902,LAL,Yes,,http://www.eastlothian.gov.uk/info/200259/your_local_library/486/local_libraries_in_east_lothian/7,node,4455526999,,24
Longniddry Library,East Lothian Council,Scotland,Church Way,Longniddry,EH32 0LW,55.976958,-2.895934,LAL,Yes,,http://www.eastlothian.gov.uk/info/200259/your_local_library/486/local_libraries_in_east_lothian/8,way,65703944,,77
Musselburgh Library,East Lothian Council,Scotland,10 Bridge Street,Musselburgh,EH21 6AG,55.943088,-3.056993,LAL,Yes,,http://www.eastlothian.gov.uk/info/200259/your_local_library/486/local_libraries_in_east_lothian/9,node,362162704,Q62660659,56
North Berwick Library,East Lothian Council,Scotland,The Old School,,EH39 4JU,56.058708,-2.7151,LAL,Yes,,http://www.eastlothian.gov.uk/info/200259/your_local_library/486/local_libraries_in_east_lothian/10,way,156809431,Q56644624,28
Ormiston Library,East Lothian Council,Scotland,5A Meadowbank,Ormiston,EH35 5LQ,55.91116,-2.942776,LAL,Yes,,http://www.eastlothian.gov.uk/info/200259/your_local_library/486/local_libraries_in_east_lothian/11,way,72701228,,81
Port Seton Library,East Lothian Council,Scotland,Community Centre,,EH32 0BG,55.969408,-2.947973,LAL,Yes,,http://www.eastlothian.gov.uk/info/200259/your_local_library/486/local_libraries_in_east_lothian/12,,,,
Prestonpans Library,East Lothian Council,Scotland,West Loan,Prestonpans,EH32 9NX,55.958741,-2.981445,LAL,Yes,,http://www.eastlothian.gov.uk/info/200259/your_local_library/486/local_libraries_in_east_lothian/13,way,71537435,,60
Tranent Library,East Lothian Council,Scotland,Tranent Library and Local Office The George Johnstone Centre ,,EH33 1AE,55.945024,-2.95351,LAL,Yes,,http://www.eastlothian.gov.uk/info/200259/your_local_library/486/local_libraries_in_east_lothian/14,way,863342043,Q62660705,53
Wallyford Library,East Lothian Council,Scotland,Future's Way ,Wallyford,EH21 8FF,55.93775,-3.004419,LAL,Yes,,http://www.eastlothian.gov.uk/info/200259/your_local_library/486/local_libraries_in_east_lothian/15,,,,
Barrhead Foundry Library,East Renfrewshire Council,Scotland,Main Street,Barrhead,G78 1SW,55.801885,-4.389494,LAL,Yes,,,node,2396591751,,250
Busby Library,East Renfrewshire Council,Scotland,Main Street,Busby,G76 8DX,55.781418,-4.266763,LAL,Yes,,http://www.ercultureandleisure.org/busbylibrary,way,489639175,,18
Clarkston Library,East Renfrewshire Council,Scotland,Clarkston Road,Clarkston,G76 8NE,55.790783,-4.276959,LAL,Yes,,,way,691741794,,54
Eaglesham Library,East Renfrewshire Council,Scotland,Montgomerie Hall,Eaglesham,G76 0LH,55.741742,-4.2755,LAL,Yes,,,way,697534918,,60
Giffnock Library,East Renfrewshire Council,Scotland,Station Road,Giffnock,G46 6JF,55.804241,-4.293923,LAL,Yes,,http://www.ercultureandleisure.org/giffnocklibrary,way,218557775,,1
Mearns Library,East Renfrewshire Council,Scotland,Mackinlay Place,Newton Mearns,G77 6EZ,55.773099,-4.333039,LAL,Yes,,http://www.ercultureandleisure.org/mearnslibrary,way,746494626,,23
Neilston Library,East Renfrewshire Council,Scotland,Main Street,Neilston,G78 3NN,55.78539,-4.4245,LAL,Yes,,http://www.ercultureandleisure.org/neilstonlibrary,way,586117933,,2
Netherlee Library,East Renfrewshire Council,Scotland,Netherlee Pavilion,,G44 3PG,55.803113,-4.266091,LAL,Yes,,http://www.ercultureandleisure.org/netherleelibrary,,,,
Thornliebank Library,East Renfrewshire Council,Scotland,1 Spiersbridge Road,Thornliebank,G46 7JS,55.798613,-4.303853,LAL,Yes,,,,,,
Uplawmoor Library,East Renfrewshire Council,Scotland,Mure Hall,,G78 4AD,55.764311,-4.493988,LAL,Yes,,,,,,
Castlebay Library,Comhairle nan Eilean Siar,Scotland,Castlebay School,Isle of Barra,HS9 5XD,56.955611,-7.487706,LAL,Yes,,,,,,
Lionacleit Library,Comhairle nan Eilean Siar,Scotland,Sgoil Lionacleit,Isle of Benbecula,HS7 5PJ,57.425574,-7.358571,LAL,Yes,,,,,,
Stornoway Library,Comhairle nan Eilean Siar,Scotland,19 Cromwell Street ,Stornoway,HS1 2DA,58.208595,-6.388262,LAL,Yes,,,node,494326970,Q29045177,11
Tarbert Library,Comhairle nan Eilean Siar,Scotland,Sir E. Scott School,Tarbert,HS3 3BG,57.902065,-6.814201,LAL,Yes,,,,,,
Bo'ness Library,Falkirk Council,Scotland,Scotland's Close,Bo'ness,EH51 0AH,56.017921,-3.608985,LAL,Yes,,http://www.falkirkcommunitytrust.org/venues/boness-library/,node,699543979,Q62664712,14
Bonnybridge Library,Falkirk Council,Scotland,Bridge Street,Bonnybridge,FK4 1AD,56.000217,-3.886688,LAL,Yes,,http://www.falkirkcommunitytrust.org/venues/bonnybridge-library/,way,546425840,Q62664713,105
Denny Library,Falkirk Council,Scotland,Davies Row ,Denny,FK6 6FA,56.023601,-3.90849,LAL,Yes,,http://www.falkirkcommunitytrust.org/venues/denny-library/,node,6218228270,Q62664715,11
Falkirk Library,Falkirk Council,Scotland,Hope Street,Falkirk,FK1 5AU,56.0016215,-3.7885858,LAL,Yes,,http://www.falkirkcommunitytrust.org/venues/falkirk-library/,way,128357422,Q17816514,8
Grangemouth Library,Falkirk Council,Scotland,Bo'ness Road,Grangemouth,FK3 8AG,56.019073,-3.72195,LAL,Yes,,http://www.falkirkcommunitytrust.org/venues/grangemouth-library/,node,6218376159,Q62664720,26
Larbert Library,Falkirk Council,Scotland,22 Hallam Road ,Larbert,FK5 3JX,56.024261,-3.816983,LAL,Yes,,http://www.falkirkcommunitytrust.org/venues/larbert-library/,way,134083461,Q62664721,4
Meadowbank Library,Falkirk Council,Scotland,Stevenson Avenue,Polmont,FK2 0GU,55.985819,-3.719125,LAL,Yes,,http://www.falkirkcommunitytrust.org/venues/meadowbank-library/,way,137700517,Q62664723,129
Slamannan Library,Falkirk Council,Scotland,High Street,Slamannan,FK1 3EX,55.937086,-3.833184,LAL,Yes,,http://www.falkirkcommunitytrust.org/venues/slamannan-library/,way,231009971,Q62664724,4
Achilltibuie Library,The Highland Council,Scotland,"Coigach Community Hall,  Achiltibuie IV26 2YG",Achiltibuie IV26 2YG,IV26 2YG,58.021425,-5.346263,LAL,Yes,,,,,,
Alness Library,The Highland Council,Scotland,High St,Alness,IV17 0QB,57.696296,-4.257386,LAL,Yes,,,node,1880567012,Q62666432,62
Ardersiere Library,The Highland Council,Scotland,Station Road,Inverness,IV2 7SU,57.568167,-4.035326,LAL,Yes,,,,,,
Ardnamurchan Community Library,The Highland Council,Scotland,Anaheilt,Strontian,PH36 4JA,56.704448,-5.570755,LAL,Yes,,,,,,
Aviemore Library,The Highland Council,Scotland,Muirton,Aviemore,PH22 1SF,57.199024,-3.827732,LAL,Yes,,,node,3665767198,,211
Badenoch Library,The Highland Council,Scotland,Badenoch Centre,,PH21 1EH,57.078947,-4.05199,LAL,Yes,,,,,,
Beauly Library,The Highland Council,Scotland,Station Road,,IV4 7EH,57.480642,-4.46637,LAL,Yes,,,,,,
Bettyhill Library and Service Point,The Highland Council,Scotland,Naver Teleservice Centre,BettyHill,KW14 7SS,58.528691,-4.221635,LAL,Yes,,,,,,
Bonar Bridge Library,The Highland Council,Scotland,West End,Bonar Bridge,IV24 3EA,57.893965,-4.347235,LAL,Yes,,,way,962020965,,120
Broadford Library,The Highland Council,Scotland,Broadford,Isle of Skye,IV49 9AB,57.241653,-5.912284,LAL,Yes,,,,,,
Brora Library and Cultural Centre,The Highland Council,Scotland,Gower St,Brora,KW9 6PD,58.010533,-3.853444,LAL,Yes,,,node,13680563718,,28
Caol Library,The Highland Council,Scotland,Glenkingie St,Caol,PH33 7DP,56.838524,-5.107433,LAL,Yes,,,node,472330012,Q62668015,71
Cromarty Library,The Highland Council,Scotland,Hugh Miller Institute,Church St,IV11 8XA,57.68027,-4.030807,LAL,Yes,,,way,236479783,,42
Culloden Library,The Highland Council,Scotland,Keppoch Rd,Culloden,IV2 7LL,57.487274,-4.143474,LAL,Yes,,,,,,
Dingwall Community Library,The Highland Council,Scotland,Dingwall,IV15 9LT,IV15 9LT,57.6009731,-4.4325389,LAL,Yes,,,node,12423015507,,25
Dornoch Library,The Highland Council,Scotland,High St,Dornoch,IV25 3SH,57.880736,-4.029532,LAL,Yes,,,,,,
Fortrose Community Centre,The Highland Council,Scotland,Academy Street,Fortrose,IV10 8TW,57.579967,-4.129956,LAL,Yes,,,,,,
Fort William Library,The Highland Council,Scotland,Airds Crossing,,PH33 6EU,56.819218,-5.10916,LAL,Yes,,,node,254905643,Q62666438,125
Gairloch Community Library,The Highland Council,Scotland,Gairloch,IV21 2BP,IV21 2BP,57.728888,-5.692722,LAL,Yes,,,,,,
Glenurquhart Library and Learning Centre,The Highland Council,Scotland,Glenurquhart High School,Drumnadrochit,IV63 6XA,57.328206,-4.484786,LAL,Yes,,,,,,
Golspie Library,The Highland Council,Scotland,Back Road,Sutherland,KW10 6RF,57.9754806,-3.9734226,LAL,Yes,,,,,,
Grantown on Spey Library,The Highland Council,Scotland,The Court House,80 High St,PH26 3EL,57.328179,-3.610895,LAL,Yes,,,way,255963534,,73
Helmsdale Library,The Highland Council,Scotland,Dunrobin St,Helmsdale,KW8 6JX,58.115758,-3.64963,LAL,Yes,,,node,2359358787,,160
Inshes Library,The Highland Council,Scotland,Inshes Road,Inverness,IV2 3RF,57.464343,-4.190953,LAL,Yes,,,,,,
Invergordon Library,The Highland Council,Scotland,High Street ,Invergordon,IV18 0DG,57.68838,-4.17128,LAL,Yes,,,way,716742967,Q62668030,28
Inverness Library,The Highland Council,Scotland,Farraline Park,Inverness,IV1 1NH,57.481113,-4.224753,LAL,Yes,,,way,64046141,Q62668032,5
Kinlochleven Community Library,The Highland Council,Scotland,Riverside Rd,Kinlochleven,PH50 4QH,56.715016,-4.965978,LAL,Yes,,,,,,
Knoydart Library,The Highland Council,Scotland,The Store ,Inverie,PH41 4PL,57.040516,-5.697775,LAL,Yes,,,,,,
Kyle of Lochalsh Library,The Highland Council,Scotland,Kintail House,,IV40 8AB,57.281672,-5.715887,LAL,Yes,,,node,357634049,Q62668035,29
Lairg Library,The Highland Council,Scotland,Main St,Lairg,IV27 4DD,58.023551,-4.397178,LAL,Yes,,,,,,
Lochcarron Library,The Highland Council,Scotland,The Howard Doris Centre ,Lochcarron,IV54 8UD,57.406954,-5.480069,LAL,Yes,,,,,,
Mallaig Library,The Highland Council,Scotland,Mallaig & Morar Community Centre,West Bay,PH41 4PX,57.006113,-5.830202,LAL,Yes,,,node,1100692817,,102
Muir of Ord Library,The Highland Council,Scotland,Great North Road,Muir of Ord,IV6 7RR,57.516301,-4.453282,LAL,Yes,,,way,306648949,Q62668038,250
Nairn Library,The Highland Council,Scotland,High Street,Nairn,IV12 4BS,57.5849004,-3.8677734,LAL,Yes,,,node,1312917089,Q62666439,32
Plockton Library,The Highland Council,Scotland,Village Hall,,IV52 8TG,57.341676,-5.649216,LAL,Yes,,,node,3548407160,Q62666441,27
Portree Community Library,The Highland Council,Scotland,Viewfield Road ,Portree,IV51 9ET,57.412786,-6.203599,LAL,Yes,,,node,11274125218,Q62666442,30
Tain Library,The Highland Council,Scotland,Stafford St,Tain,IV19 1AZ,57.810291,-4.05338,LAL,Yes,,,way,103273166,Q62668039,7
Thurso Library,The Highland Council,Scotland,Davidson's Lane,Thurso,KW14 7AF,58.591652,-3.524223,LAL,Yes,,,way,61317936,,43
Ullapool Community Library,The Highland Council,Scotland,Mill Street,Ullapool,IV26 2UN,57.89825,-5.154909,LAL,Yes,,,node,826041647,Q62668040,11
Wick Library,The Highland Council,Scotland,7 Newton Road ,Wick,KW1 5SA,58.435516,-3.10536,LAL,Yes,,,,,,
Central Library,Inverclyde Council,Scotland,Wallace Place,Greenock,PA15 1JB,55.948052,-4.757196,LAL,Yes,,,way,477252270,,4
Gourock Library,Inverclyde Council,Scotland,Kempock Place,Gourock,PA19 1QU,55.961288,-4.818117,LAL,Yes,,,,,,
Inverkip and Weymss Bay Library,Inverclyde Council,Scotland,Inverkip Community Hub ,,PA16 0FZ,55.910506,-4.864314,LAL,Yes,,,,,,
Kilmacolm Library,Inverclyde Council,Scotland,Lochwinnoch Road ,Kilmacolm,PA13 4LE,55.893363,-4.627923,LAL,Yes,,,way,768628525,,57
Port Glasgow Library,Inverclyde Council,Scotland,Fore Street,Port Glasgow,PA14 5EQ,55.93555,-4.688026,LAL,Yes,,,way,124879491,,96
South West Library,Inverclyde Council,Scotland,Barrâ€™s Cottage,Greenock,PA16 9HG,55.942345,-4.785124,LAL,Yes,,,,,,
Dalkeith Library,Midlothian Council,Scotland,2 White Hart Street,Dalkeith,EH22 1AE,55.893074,-3.070147,LAL,Yes,,https://www.midlothian.gov.uk/directory_record/58/dalkeith_library,relation,1125467,Q62668042,24
Danderhall Library,Midlothian Council,Scotland,1a Campview,Danderhall,EH22 1QD,55.91205,-3.106348,LAL,Yes,,https://www.midlothian.gov.uk/directory_record/59/danderhall_library,,,,
Gorebridge Library,Midlothian Council,Scotland,98 Hunterfield Road,Gorebridge,EH23 4TT,55.845096,-3.050418,LAL,Yes,,https://www.midlothian.gov.uk/directory_record/60/gorebridge_library,way,69996387,Q62668045,189
Lasswade Library,Midlothian Council,Scotland,The Lasswade Centre,,EH19 2LA,55.874659,-3.117608,LAL,Yes,,https://www.midlothian.gov.uk/directory_record/57/lasswade_library,,,,
Loanhead Library,Midlothian Council,Scotland,George Avenue,Loanhead,EH20 9LA,55.878875,-3.154428,LAL,Yes,,https://www.midlothian.gov.uk/directory_record/61/loanhead_library,node,5131635356,Q62668046,99
Mayfield Library,Midlothian Council,Scotland,1 Stone Avenue,Dalkeith,EH22 5PB,55.868911,-3.040893,LAL,Yes,,,way,31783822,,50
Newbattle Library,Midlothian Council,Scotland,Newbattle Community Campus,,EH22 4SX,55.874448,-3.048669,LAL,Yes,,https://www.midlothian.gov.uk/directory_record/20096725/newbattle_library,node,6781382955,Q62765309,7
Newtongrange Library,Midlothian Council,Scotland,St Davids,Newtongrange,EH22 4LG,55.86726,-3.065873,LAL,Yes,,https://www.midlothian.gov.uk/directory_record/63/newtongrange_library,way,70241016,Q62668047,60
Penicuik Library,Midlothian Council,Scotland,Carlops Road,Penicuik,EH26 9EP,55.83005,-3.229626,LAL,Yes,,https://www.midlothian.gov.uk/directory_record/64/penicuik_library,,,,
Aberlour Library,The Moray Council,Scotland,94 High Street,Aberlour,AB38 9QA,57.471283,-3.224239,LAL,Yes,,http://www.moray.gov.uk/moray_standard/page_39958.html,way,134773844,,50
Buckie Library,The Moray Council,Scotland,Cluny Place ,Buckie,AB56 1HB,57.676153,-2.967351,LAL,Yes,,http://www.moray.gov.uk/moray_standard/page_39960.html,way,135421663,,5
Burghead Library,The Moray Council,Scotland,Burghead Primary School,Burghead,IV30 5UQ,57.700667,-3.486565,LAL,Yes,,http://www.moray.gov.uk/moray_standard/page_39961.html,node,7851268668,,59
Cullen Library,The Moray Council,Scotland,Seafield Road,Cullen,AB56 4AF,57.688538,-2.816256,LAL,Yes,,http://www.moray.gov.uk/moray_standard/page_39962.html,,,,
Dufftown Library,The Moray Council,Scotland,Balvenie Street,Dufftown,AB55 4AB,57.445455,-3.128352,LAL,Yes,,http://www.moray.gov.uk/moray_standard/page_39963.html,,,,
Elgin Library,The Moray Council,Scotland,Cooper Park,Moray,IV30 1HS,57.650559,-3.312658,LAL,Yes,,http://www.moray.gov.uk/moray_standard/page_1435.html,way,605391622,,1
Fochabers Library,The Moray Council,Scotland,Milne's Learning Centre ,,IV32 7DJ,57.614273,-3.100135,LAL,Yes,,http://www.moray.gov.uk/moray_standard/page_39965.html,,,,
Forres Library,The Moray Council,Scotland,Forres House High Street,Forres,IV36 1BU,57.61206,-3.609663,LAL,Yes,,http://www.moray.gov.uk/moray_standard/page_39966.html,node,2595996819,,63
Keith Library,The Moray Council,Scotland,Union Street,Keith,AB55 5DP,57.542725,-2.953905,LAL,Yes,,http://www.moray.gov.uk/moray_standard/page_39968.html,node,9887460938,Q62666446,82
Lossiemouth Library,The Moray Council,Scotland,Town Hall Lane,Lossiemouth,IV31 6AA,57.721706,-3.281941,LAL,Yes,,http://www.moray.gov.uk/moray_standard/page_39970.html,,,,
Tomintoul Library,The Moray Council,Scotland,Tomintoul Primary School  ,,AB37 9HA,57.254141,-3.382389,LAL,Yes,,http://www.moray.gov.uk/moray_standard/page_39973.html,relation,2820019,,238
Ardrossan Library,North Ayrshire Council,Scotland,39 Princes Street,Ardrossan,KA22 8BT,55.6404991,-4.8155546,LAL,Yes,,,,,,
Arran Library,North Ayrshire Council,Scotland,Main Street,Brodick,KA27 8DL,55.577607,-5.153421,LAL,Yes,,,way,222901966,Q17830356,55
Beith Library,North Ayrshire Council,Scotland,39-41 Main Street,Beith,KA15 2AD,55.751692,-4.631773,LAL,Yes,,,way,1416589848,,2
Bourtreehill Library,North Ayrshire Council,Scotland,Cheviot Way ,Bourtreehill,KA11 1JU,55.619246,-4.634656,LAL,Yes,,,way,379485600,,133
Dalry Library,North Ayrshire Council,Scotland,14 The Cross,Dalry,KA24 5AW,55.708586,-4.719872,LAL,Yes,,,way,1221379626,,27
Dreghorn Library,North Ayrshire Council,Scotland,21 Main Street,Dreghorn,KA11 4AQ,55.610172,-4.616389,LAL,Yes,,,node,3497031654,Q56480417,90
Fairlie Library,North Ayrshire Council,Scotland,Main Road ,Fairlie,KA29 0AD,55.759199,-4.854431,LAL,Yes,,,,,,
Irvine Library,North Ayrshire Council,Scotland,168 High Street,Irvine,KA12 8AN,55.616006,-4.667665,LAL,Yes,,,way,381302673,,36
Kilbirnie Library,North Ayrshire Council,Scotland,Avils Place,Kilbirnie,KA25 6BL,55.751055,-4.686523,LAL,Yes,,,way,392883464,,79
Kilwinning Library,North Ayrshire Council,Scotland,St Winnings Lane,Kilwinning,KA13 6EP,55.652561,-4.702694,LAL,Yes,,,way,486746005,,65
Largs Library,North Ayrshire Council,Scotland,26 Allanpark Street ,Largs,KA30 9AG,55.795585,-4.865907,LAL,Yes,,,node,1933956932,,54
Millport Library,North Ayrshire Council,Scotland,Garrison House,The Garrison,KA28 0DG,55.753931,-4.926619,LAL,Yes,,,way,680641676,,29
Saltcoats Library,North Ayrshire Council,Scotland,Springvale Place,Saltcoats,KA21 5LS,55.635541,-4.787173,LAL,Yes,,,,,,
Skelmorlie Library,North Ayrshire Council,Scotland,Skelmorlie Community Centre,,PA17 5AQ,55.871394,-4.886105,LAL,Yes,,,node,1933956883,,56
Springside Library,North Ayrshire Council,Scotland,Springside Community Centre ,,KA11 3BG,55.615299,-4.589076,LAL,Yes,,,node,315559065,,72
Stevenston Library,North Ayrshire Council,Scotland,1 Main Street,Stevenston,KA20 3AB,55.640794,-4.755882,LAL,Yes,,,way,379485327,,46
West Kilbride Library,North Ayrshire Council,Scotland,Halfway Street,West Kilbride,KA23 9EQ,55.694955,-4.859998,LAL,Yes,,,way,285871615,Q56480396,68
Kirkwall Library,Orkney Islands Council,Scotland,44 Junction Road,Kirkwall,KW15 1AG,58.982005,-2.962389,LAL,Yes,,,way,114126000,Q28845981,45
Stromness Library,Orkney Islands Council,Scotland,Warehouse Buildings ,,KW16 3AA,58.963333,-3.297682,LAL,Yes,,,way,205113876,Q62666452,52
Coldstream Library Contact Centre,Scottish Borders Council,Scotland,Gateway Centre,Coldstream,TD12 4AE,55.652098,-2.250892,LAL,Yes,,http://www.liveborders.org.uk/libraries_and_archives(1)/libraries/find_your_nearest_library/coldstream_library_contact_centre(1).aspx,node,8788705018,Q62668094,12
Duns Library Contact Centre ,Scottish Borders Council,Scotland,49 Newtown Street,Duns,TD11 3AU,55.777832,-2.348182,LAL,Yes,,http://www.liveborders.org.uk/libraries_and_archives(1)/libraries/find_your_nearest_library/duns_library_contact_centre(1).aspx,node,2479494867,Q57980964,33
Earlston Library,Scottish Borders Council,Scotland,Earlston High School,East End,TD4 6JP,55.638781,-2.661534,LAL,Yes,,http://www.liveborders.org.uk/libraries_and_archives(1)/libraries/find_your_nearest_library/earlston_library(1).aspx,node,9285777097,,40
Eyemouth Library,Scottish Borders Council,Scotland,Manse Road,Eyemouth,TD14 5JE,55.871431,-2.088666,LAL,Yes,,http://www.liveborders.org.uk/libraries_and_archives(1)/libraries/find_your_nearest_library/eyemouth_library(1).aspx,node,1419924935,Q62666457,23
Galashiels Library,Scottish Borders Council,Scotland,Lawyers Brae,Galashiels,TD1 3JQ,55.614081,-2.80694,LAL,Yes,,http://www.liveborders.org.uk/libraries_and_archives(1)/libraries/find_your_nearest_library/galashiels_library(1).aspx,way,536129046,Q56633767,48
Hawick Library,Scottish Borders Council,Scotland,North Bridge Street,Hawick,TD9 9QT,55.427251,-2.784858,LAL,Yes,,http://www.liveborders.org.uk/libraries_and_archives(1)/libraries/find_your_nearest_library/hawick_library(1).aspx,node,7819653651,Q17835034,24
Innerleithen Library Contact Centre ,Scottish Borders Council,Scotland,Buccleuch Street,Innerleithen,EH44 6LA,55.61956,-3.058823,LAL,Yes,,http://www.liveborders.org.uk/libraries_and_archives(1)/libraries/find_your_nearest_library/innerleithen_library_contact_centre(1).aspx,,,,
Kelso Library Contact Centre ,Scottish Borders Council,Scotland,Bowmont Street,Kelso,TD5 7JH,55.599899,-2.435079,LAL,Yes,,http://www.liveborders.org.uk/libraries_and_archives(1)/libraries/find_your_nearest_library/kelso_library_contact_centre(1).aspx,way,143332072,Q17838424,35
Melrose Library,Scottish Borders Council,Scotland,18 Market Square,Melrose,TD6 9PN,55.597155,-2.720009,LAL,Yes,,http://www.liveborders.org.uk/libraries_and_archives(1)/libraries/find_your_nearest_library/melrose_library(1).aspx,node,2494825196,Q62668100,24
Peebles Library,Scottish Borders Council,Scotland,Chambers Institute,Peebles,EH45 8AG,55.651697,-3.188939,LAL,Yes,,http://www.liveborders.org.uk/libraries_and_archives(1)/libraries/find_your_nearest_library/peebles_library(1).aspx,way,107203622,Q62668101,31
Scottish Borders Library Headquarters ,Scottish Borders Council,Scotland,St Mary's Mill ,,TD7 5EW,55.5559487,-2.8384074,LAL,Yes,,http://www.liveborders.org.uk/find_your_nearest_library/library_headquarters_and_local_studies.aspx,,,,
Selkirk Library,Scottish Borders Council,Scotland,Ettrick Terrace,Selkirk,TD7 4LE,55.548572,-2.842229,LAL,Yes,,http://www.liveborders.org.uk/libraries_and_archives(1)/libraries/find_your_nearest_library/selkirk_library(1).aspx,,,,
Baltasound Community Library,Shetland Islands Council,Scotland,Baltasound Junior High School,Unst,ZE2 9DY,60.75868,-0.881017,LAL,Yes,,http://www.shetland-library.gov.uk/OpeningHours.asp,,,,
Lerwick Library,Shetland Islands Council,Scotland,Lower Hillhead,Lerwick,ZE1 0EL,60.153308,-1.146564,LAL,Yes,,http://www.shetland-library.gov.uk/OpeningHours.asp,way,309047815,Q48817039,57
Yell Community Library,Shetland Islands Council,Scotland,Mid Yell Junior High School ,Mid Yell,ZE2 9BN,60.601359,-1.068406,LAL,Yes,,http://www.shetland-library.gov.uk/OpeningHours.asp,,,,
Alloway Library,South Ayrshire Council,Scotland,Doonholm Road,Ayr,KA7 4QQ,55.431284,-4.631632,LAL,Yes,,,way,235201770,,101
Ballantrae Library,South Ayrshire Council,Scotland,The Hall,Ballantrae,KA26 0NB,55.101211,-5.004898,LAL,Yes,,,way,125145753,,58
Carnegie Library,South Ayrshire Council,Scotland,12 Main Street,Ayr,KA8 8EB,55.466226,-4.63029,LAL,Yes,,,relation,17922418,,31
Forehill Library,South Ayrshire Council,Scotland,31 Mount Oliphant Crescent,Ayr,KA7 3EN,55.453487,-4.617373,LAL,Yes,,,node,3650711467,,5
Girvan Library,South Ayrshire Council,Scotland,Montgomerie Street,Girvan,KA26 9HE,55.244953,-4.852249,LAL,Yes,,,,,,
John Rodie Library,South Ayrshire Council,Scotland,39 Annbank Road,Mossblown,KA6 5DZ,55.488049,-4.526249,LAL,Yes,,,,,,
Maypole Library ,South Ayrshire Council,Scotland,1 High Street,Maybole,KA19 7AB,55.354087,-4.681616,LAL,Yes,,,way,118152513,,110
Mossblown Library,South Ayrshire Council,Scotland,39 Annbank Road,Ayr,KA6 5DZ,55.488049,-4.526249,LAL,Yes,,http://www.south-ayrshire.gov.uk/libraries/,,,,
Prestwick Library,South Ayrshire Council,Scotland,14 Kyle Street,Prestwick,KA9 1PQ,55.49921,-4.61203,LAL,Yes,,,way,390921379,,23
Symington Library,South Ayrshire Council,Scotland,Brewlands Road,Symington,KA1 5QZ,55.550565,-4.561686,LAL,Yes,,,,,,
Tarbolton Library,South Ayrshire Council,Scotland,Tarbolton Community Campus ,,KA5 5QA,55.511395,-4.48667,LAL,Yes,,,way,394891873,,150
Troon Library,South Ayrshire Council,Scotland,5 South Beach,Troon,KA10 6EF,55.541173,-4.659485,LAL,Yes,,,node,13072770503,,235
Biggar Library,South Lanarkshire Council,Scotland,Market Road,Biggar,ML12 6FX,55.621896,-3.525411,LAL,Yes,,http://www.slleisureandculture.co.uk/info/74/biggar_library/142/contact_details,,,,
Blackwood & Kirkmuirhill Library,South Lanarkshire Council,Scotland,Blackwood Primary School ,,ML11 9SB,55.667548,-3.916802,LAL,Yes,,http://www.slleisureandculture.co.uk/info/453/blackwood_and_kirkmuirhill,,,,
Blantyre Library,South Lanarkshire Council,Scotland,1A Clydeview Shopping Centre ,,G72 0QD,55.792636,-4.089212,LAL,Yes,,http://www.slleisureandculture.co.uk/info/75/blantyre_library/155/contact_details,node,8600446159,Q62668112,28
Bothwell Lilbrary,South Lanarkshire Council,Scotland,The Donald Institute ,,G71 8RG,55.802204,-4.065675,LAL,Yes,,http://www.slleisureandculture.co.uk/info/76/bothwell_library,node,692837665,Q62666461,8
Burnbank Library,South Lanarkshire Council,Scotland,Burnbank Centre,,ML3 0NA,55.781657,-4.067458,LAL,Yes,,http://www.slleisureandculture.co.uk/info/77/burnbank_library/166/contact_details,node,834685292,,25
Cambuslang Library,South Lanarkshire Council,Scotland,Cambuslang Gate ,,G72 7EX,55.819448,-4.165851,LAL,Yes,,http://www.slleisureandculture.co.uk/info/79/cambuslang_library,node,6359457995,Q62765329,80
Carluke Library,South Lanarkshire Council,Scotland,Carnwath Road,Carluke,ML8 4DF,55.733676,-3.833669,LAL,Yes,,http://www.slleisureandculture.co.uk/info/80/carluke_library,way,319640331,Q62765330,125
Cathkin Library,South Lanarkshire Council,Scotland,21 Lovat Place ,Cathkin,G73 5HS,55.810217,-4.188492,LAL,Yes,,http://www.slleisureandculture.co.uk/info/81/cathkin_library,way,84010929,,7
East Kilbride Library,South Lanarkshire Council,Scotland,The Olympia Shopping Centre,East Kilbride,G74 1PG,55.759759,-4.176248,LAL,Yes,,http://www.slleisureandculture.co.uk/info/82/east_kilbride_library,node,1005348422,,53
Fairhill Library,South Lanarkshire Council,Scotland,South Lanarkshire Lifestyles Fairhill,,ML3 8HJ,55.764185,-4.057846,LAL,Yes,,http://www.slleisureandculture.co.uk/info/83/fairhill_library,,,,
Forth Library,South Lanarkshire Council,Scotland,Forth Primary School ,,ML11 8AE,55.769409,-3.68545,LAL,Yes,,http://www.slleisureandculture.co.uk/info/84/forth_library,,,,
Greenhills Library,South Lanarkshire Council,Scotland,Greenhills Square ,East Kilbride,G75 8TT,55.744982,-4.206525,LAL,Yes,,http://www.slleisureandculture.co.uk/info/85/greenhills_library,way,81092751,Q62765338,42
Halfway Library,South Lanarkshire Council,Scotland,211 Hamilton Road,Halfway,G72 7PJ,55.81234,-4.147067,LAL,Yes,,http://www.slleisureandculture.co.uk/info/86/halfway_library,,,,
Hamilton Town House Library,South Lanarkshire Council,Scotland,102 Cadzow Street ,Hamilton,ML3 6HH,55.777823,-4.038744,LAL,Yes,,http://www.slleisureandculture.co.uk/info/87/hamilton_town_house_library,node,610378273,Q5645183,38
Hillhouse Library,South Lanarkshire Council,Scotland,Hillhouse Road,Hamilton,ML3 9TX,55.774551,-4.078992,LAL,Yes,,http://www.slleisureandculture.co.uk/info/88/hillhouse_library,node,5859159268,Q62765343,60
Lanark Library,South Lanarkshire Council,Scotland,16 Hope Street,Lanark,ML11 7LZ,55.6743,-3.781861,LAL,Yes,,http://www.slleisureandculture.co.uk/info/89/lanark_library,node,8600495739,Q62765345,27
Larkhall Library,South Lanarkshire Council,Scotland,Larkhall Area Office ,,ML9 1DR,55.740305,-3.974551,LAL,Yes,,http://www.slleisureandculture.co.uk/info/90/larkhall_library,node,1792830025,Q62765346,47
Lesmahagow Library ,South Lanarkshire Council,Scotland,48 Abbeygreen,Lesmahagow,ML11 0EF,55.637422,-3.886763,LAL,Yes,,http://www.slleisureandculture.co.uk/info/91/lesmahagow_library,way,290402103,Q62666463,84
Rutherglen Library,South Lanarkshire Council,Scotland,163 Main Street,Rutherglen,G73 2HB,55.8286724,-4.2135942,LAL,Yes,,http://www.slleisureandculture.co.uk/info/92/rutherglen_library,way,234976132,Q17853155,1
St Leonards Library,South Lanarkshire Council,Scotland,St Leonards Square,East Kilbride,G74 2AT,55.763463,-4.151715,LAL,Yes,,http://www.slleisureandculture.co.uk/info/93/st_leonards_library,way,477495115,,22
Stonehouse Library,South Lanarkshire Council,Scotland,2 Udston Mill Road,Stonehouse,ML9 3JL,55.687169,-3.99775,LAL,Yes,,http://www.slleisureandculture.co.uk/info/94/stonehouse_library,node,3661734497,Q62765349,130
Strathaven Library,South Lanarkshire Council,Scotland,Glasgow Road,Strathaven,ML10 6LZ,55.679937,-4.06759,LAL,Yes,,http://www.slleisureandculture.co.uk/info/95/strathaven_library,,,,
Uddingston Library,South Lanarkshire Council,Scotland,51 Bellshill Road,Uddingston,G71 7PA,55.818837,-4.078625,LAL,Yes,,http://www.slleisureandculture.co.uk/info/97/uddingston_library,way,71359420,Q62666464,21
Balfron Library,Stirling Council,Scotland,Buchanan Street,Balfron,G63 0TW,56.06954,-4.335824,LAL,Yes,,,node,12943541943,,64
Bannockburn Library,Stirling Council,Scotland,38 Quakerfield,Bannockburn,FK7 8HS,56.089426,-3.913504,LAL,Yes,,,node,973909024,Q57305707,144
Bridge of Allan Library,Stirling Council,Scotland,Fountain Road,Bridge of Allan,FK9 4AT,56.152924,-3.947444,LAL,Yes,,,node,3010847055,Q57305719,61
Callander Library,Stirling Council,Scotland,South Church Street,Callander,FK17 8BN,56.24253,-4.213874,LAL,Yes,,,way,95207661,,46
Cambusbarron Library,Stirling Council,Scotland,Community Centre,,FK7 9NU,56.108592,-3.96685,LAL,Yes,,,,,,
Cowie Library,Stirling Council,Scotland,Burns Terrace,Cowie,FK7 7BS,56.080349,-3.868395,LAL,Yes,,,way,113555595,,52
Doune Library,Stirling Council,Scotland,Main Street,Doune,FK16 6BJ,56.189331,-4.051722,LAL,Yes,,,node,5489735969,Q57305712,44
Drymen Library,Stirling Council,Scotland,The Square,Drymen,G63 0BL,56.066006,-4.453518,LAL,Yes,,,node,441257001,Q57305718,78
Dunblane Library,Stirling Council,Scotland,The Institute,,FK15 0ER,56.188654,-3.963355,LAL,Yes,,,way,119775288,Q57305709,71
Fallin Library,Stirling Council,Scotland,Stirling Road,Fallin,FK7 7JE,56.104347,-3.874809,LAL,Yes,,,node,12710210573,,18
Killin Library,Stirling Council,Scotland,Main Street,Killin,FK21 8UW,56.467093,-4.318543,LAL,Yes,,,way,89971788,Q57305720,82
Plean Library,Stirling Council,Scotland,Main Street,Plean,FK7 8BT,56.065869,-3.876288,LAL,Yes,,,way,543081393,Q57305715,25
Raploch Express Library,Stirling Council,Scotland,Raploch Community Campus,,FK8 1SD,56.129658,-3.949897,LAL,Yes,,,node,5178634040,,20
Stirling Central Library,Stirling Council,Scotland,Corn Exchange Road,Stirling,FK8 2HX,56.118084,-3.938846,LAL,Yes,,,way,148210404,,27
Strathblane Library,Stirling Council,Scotland,Kirkburn Road,Strathblane,G63 9ED,55.985392,-4.308043,LAL,Yes,,,way,86626746,,61
Aberdeen Central Library,Aberdeen City Council,Scotland,Rosemount Viaduct,Aberdeen,AB25 1GW,57.1479057,-2.105869,LAL,Yes,,https://www.aberdeencity.gov.uk/services/libraries-and-archives/find-your-local-library,relation,15599098,Q5061354,19
Airyhall Library,Aberdeen City Council,Scotland,"Springfield Road, Airyhall",Airyhall,AB15 7RF,57.1322219,-2.1492088,LAL,Yes,,https://www.aberdeencity.gov.uk/services/libraries-and-archives/find-your-local-library,way,90188672,Q62588163,1
Bridge of Don Library,Aberdeen City Council,Scotland,"Scotstown Road , Bridge of Don",Bridge of Don,AB22 8HH,57.1814955,-2.1000994,LAL,Yes,,https://www.aberdeencity.gov.uk/services/libraries-and-archives/find-your-local-library,way,667333245,,5
Bucksburn Community Library,Aberdeen City Council,Scotland,"Kepplehills Road, Bucksburn",Bucksburn,AB21 9DG,57.176894,-2.1833588,LAL,Yes,,https://www.aberdeencity.gov.uk/services/libraries-and-archives/find-your-local-library,relation,8888381,,5
Cove Library,Aberdeen City Council,Scotland,"Loirston Avenue, Cove",Cove,AB12 3HE,57.1035431,-2.0847876,LAL,Yes,,https://www.aberdeencity.gov.uk/services/libraries-and-archives/find-your-local-library,way,138576673,Q62588168,2
Culter Library,Aberdeen City Council,Scotland,"189 North Deeside Road, Peterculter",Peterculter,AB14 0UJ,57.0959814,-2.2665035,LAL,Yes,,https://www.aberdeencity.gov.uk/services/libraries-and-archives/find-your-local-library,way,67730711,Q62588169,2
Dyce Library,Aberdeen City Council,Scotland,"Dyce Community Centre, Gordon Terrace",Aberdeen,AB21 7BD,57.2056404,-2.1816183,LAL,Yes,,https://www.aberdeencity.gov.uk/services/libraries-and-archives/find-your-local-library,,,,
Kincorth Library,Aberdeen City Council,Scotland,"Provost Watt Drive, Kincorth",Kincorth,AB12 5NA,57.1212222,-2.1040747,LAL,Yes,,https://www.aberdeencity.gov.uk/services/libraries-and-archives/find-your-local-library,way,857787043,Q62588178,1
Mastrick Library,Aberdeen City Council,Scotland,"Greenfern Road , Mastrick",Mastrick,AB16 6TR,57.1562241,-2.1628125,LAL,Yes,,https://www.aberdeencity.gov.uk/services/libraries-and-archives/find-your-local-library,way,933574368,,3
Tillydrone Library,Aberdeen City Council,Scotland,"Tillydrone Community Campus, Hayton Road",Aberdeen,AB24 2UY,57.1717502,-2.1150551,LAL,Yes,,https://www.aberdeencity.gov.uk/services/libraries-and-archives/find-your-local-library,node,9545414463,,26
Torry Library,Aberdeen City Council,Scotland,"Victoria Road, Torry",Torry,AB11 9NJ,57.1367059,-2.086476,LAL,Yes,,https://www.aberdeencity.gov.uk/services/libraries-and-archives/find-your-local-library,way,871580389,,1
Aberchirder Library,Aberdeenshire Council,Scotland,111 Main Street ,Huntly,AB54 7TB,57.561069,-2.626406,LAL,Yes,,,way,122381122,,19
Aboyne Library,Aberdeenshire Council,Scotland,Community Centre,,AB34 5JN,57.074888,-2.793526,LAL,Yes,,,,,,
Alford Library,Aberdeenshire Council,Scotland,Alford Community Campus,,AB33 8TY,57.23201,-2.707966,LAL,Yes,,,,,,
Ballater Library,Aberdeenshire Council,Scotland,Station Square,Ballater,AB35 5QB,57.049829,-3.040235,LAL,Yes,,,node,833954679,,45
Balmedie Library,Aberdeenshire Council,Scotland,Elgie Road,Balmedie,AB23 8YF,57.250284,-2.056694,LAL,Yes,,,,,,
Banchory Library,Aberdeenshire Council,Scotland,Bridge Street,Banchory,AB31 5SU,57.050669,-2.503751,LAL,Yes,,,,,,
Banff Library,Aberdeenshire Council,Scotland,High Street,Banff,AB45 1AE,57.663832,-2.523019,LAL,Yes,,,,,,
Boddam Library,Aberdeenshire Council,Scotland,26 Queens Road,Boddam,AB42 3AX,57.470934,-1.778745,LAL,Yes,,,way,115715659,,46
Bracoden Library,Aberdeenshire Council,Scotland,Bracoden School,Gamrie,AB45 3HA,57.665975,-2.322697,LAL,Yes,,,way,98862394,,139
Cairnbulg Library,Aberdeenshire Council,Scotland,Station Road,Cairnbulg,AB43 8WQ,57.675919,-1.934028,LAL,Yes,,,,,,
Cruden Bay Library,Aberdeenshire Council,Scotland,Station Road,Cruden Bay,AB42 0NL,57.416549,-1.861299,LAL,Yes,,,way,255425445,Q59602260,57
Ellon Library,Aberdeenshire Council,Scotland,Station Road,Ellon,AB41 9AE,57.365175,-2.072732,LAL,Yes,,,node,14049360297,,147
Fettercairn Library,Aberdeenshire Council,Scotland,Fettercairn School,,AB30 1TH,56.852145,-2.575688,LAL,Yes,,,,,,
Fraserburgh Library,Aberdeenshire Council,Scotland,King Edward Street,Fraserburgh,AB43 9PN,57.688154,-2.010525,LAL,Yes,,,way,99316143,,138
Huntly Library,Aberdeenshire Council,Scotland,The Square,Huntly,AB54 8BR,57.447553,-2.78582,LAL,Yes,,,way,281102803,,39
Insch Library,Aberdeenshire Council,Scotland,Rannes Street,Insch,AB52 6JJ,57.340889,-2.612285,LAL,Yes,,,node,2901833900,,174
Inverbervie Library,Aberdeenshire Council,Scotland,Church Street,Inverbervie,DD10 0RU,56.845467,-2.282025,LAL,Yes,,,node,7375482363,Q17771933,106
Inverurie Library,Aberdeenshire Council,Scotland,Town Hall ,,AB51 3SN,57.284566,-2.374106,LAL,Yes,,,way,104374640,,37
Kemnay Library,Aberdeenshire Council,Scotland,Kendal Road,Kemnay,AB51 5RN,57.234877,-2.442952,LAL,Yes,,,way,406002284,,152
Kintore Library,Aberdeenshire Council,Scotland,Castle Walk,Kintore,AB51 0RU,57.234724,-2.348923,LAL,Yes,,,node,5912618829,,26
Macduff Library,Aberdeenshire Council,Scotland,17 High Street,Macduff,AB44 1LR,57.669461,-2.492473,LAL,Yes,,,way,100783596,,42
Mearns Community Campus Library,Aberdeenshire Council,Scotland,Aberdeen Road ,Laurencekirk,AB30 1ZJ,56.838659,-2.459044,LAL,Yes,,,node,8806892011,Q59602240,91
Meldrum Library,Aberdeenshire Council,Scotland,Colpy Road,Oldmeldrum,AB51 0NT,57.336889,-2.331221,LAL,Yes,,,way,122639447,,8
Mintlaw Library,Aberdeenshire Council,Scotland,Newlands Road,Mintlaw,AB42 5GP,57.523765,-2.009869,LAL,Yes,,,,,,
Newmachar Library,Aberdeenshire Council,Scotland,School Road,Newmachar,AB21 0WB,57.265027,-2.187099,LAL,Yes,,,way,128320249,,137
New Pitsligo Library,Aberdeenshire Council,Scotland,79 High Street,New Pitsligo,AB43 6NH,57.588764,-2.195128,LAL,Yes,,,,,,
Newtonhill Library,Aberdeenshire Council,Scotland,Coastal Car Park,Newtonhill,AB39 3UL,57.030933,-2.148485,LAL,Yes,,,way,132881528,,87
Peterhead Llibrary,Aberdeenshire Council,Scotland,51 St Peter Street ,Peterhead,AB42 1QD,57.506799,-1.7821,LAL,Yes,,,node,1313977464,,51
Portlethen Library,Aberdeenshire Council,Scotland,Bruntland Road,Portlthen,AB12 4QL,57.059412,-2.131139,LAL,Yes,,,,,,
Portsoy Library,Aberdeenshire Council,Scotland,Arid Green,Portsoy,AB45 2RH,57.682347,-2.687761,LAL,Yes,,,way,98853693,Q59602271,14
Rosehearty Library ,Aberdeenshire Council,Scotland,Pitsligo Street,Rosehearty,AB43 7JL,57.694985,-2.118602,LAL,Yes,,,,,,
Stonehaven Library,Aberdeenshire Council,Scotland,Evan Street,Stonehaven,AB39 2ET,56.963588,-2.211849,LAL,Yes,,,node,940961758,,28
Strichen Library ,Aberdeenshire Council,Scotland,59a Water Street ,Fraserburgh,AB43 6ST,57.587155,-2.093597,LAL,Yes,,,way,121398904,,126
Turriff Library,Aberdeenshire Council,Scotland,Grange Villa ,,AB53 4AE,57.539273,-2.460465,LAL,Yes,,,,,,
Westhill Library,Aberdeenshire Council,Scotland,Westhill Drive,Westhill,AB32 6FY,57.155245,-2.27838,LAL,Yes,,,node,5912618834,,88
Whitehills Library,Aberdeenshire Council,Scotland,Loch Street,Whitehills,AB45 2LT,57.676746,-2.577446,LAL,Yes,,,way,98860235,,36
Campbeltown Library,Argyll and Bute Council,Scotland,Kinloch Road ,Campbeltown,PA28 6EG,55.425798,-5.605263,LAL,Yes,,,node,1725389918,,105
Cardross Library,Argyll and Bute Council,Scotland,Main Street,Cardross,G82 5PX,55.96291,-4.653984,LAL,Yes,,,way,94717817,,68
Dunoon Library,Argyll and Bute Council,Scotland,248 Argyll Street,Dunoon,PA23 7LT,55.9534641,-4.9280974,LAL,Yes,,,,,,
Helensburgh Library,Argyll and Bute Council,Scotland,West King Street,Helensburgh,G84 8EB,56.00563,-4.737462,LAL,Yes,,,,,,
Lochgilphead Library,Argyll and Bute Council,Scotland,Manse Brae,Lochgilphead,PA31 8QZ,56.038317,-5.427177,LAL,Yes,,,,,,
Oban Library,Argyll and Bute Council,Scotland,77 Albany Street,Oban,PA34 4AL,56.410662,-5.475127,LAL,Yes,,,way,961919217,,66
Rosneath Library,Argyll and Bute Council,Scotland,Clachan Road,Rosneath,G84 0RJ,56.011001,-4.803611,LAL,Yes,,,,,,
Rothesay Library,Argyll and Bute Council,Scotland,Stuart Street ,Rothesay,PA20 0BX,55.8358474,-5.055276,LAL,Yes,,,way,124190378,Q62605285,18
Tarbert Library,Argyll and Bute Council,Scotland,Harbour Street ,Tarbert,PA29 6UA,55.863249,-5.415214,LAL,Yes,,,node,11632828818,,29
Tiree Library,Argyll and Bute Council,Scotland,Cornaig,Isle of Tiree,PA77 6XA,56.51987,-6.916231,LAL,Yes,,https://liveargyll.co.uk/facility/tiree-library/,,,,
Tobermory Library,Argyll and Bute Council,Scotland,Tobermory High School ,Isle of Mull,PA75 6PB,56.622557,-6.070437,LAL,Yes,,https://liveargyll.co.uk/facility/tobermory-library/,,,,
Balerno Library,City of Edinburgh Council,Scotland,1 Main Street,Balerno,EH14 7EQ,55.883894,-3.338456,LAL,Yes,,,node,270588806,,110
Balgreen Library,City of Edinburgh Council,Scotland,173 Balgreen Road,Edinburgh,EH11 3AT,55.937326,-3.248376,LAL,Yes,,,way,42125191,,8
Blackhall Library,City of Edinburgh Council,Scotland,56 Hillhouse Road ,EH4 5EG,EH4 5EG,55.961667,-3.261158,LAL,Yes,,,,,,
Colinton Library,City of Edinburgh Council,Scotland,14 Thorburn Road ,Edinburgh,EH13 0BQ,55.906615,-3.251276,LAL,Yes,,,way,228002526,,15
Corstorphine Library,City of Edinburgh Council,Scotland,12 Kirk Loan ,Edinburgh,EH12 7HD,55.941922,-3.281538,LAL,Yes,,,node,50520202,,138
Craigmillar Library,City of Edinburgh Council,Scotland,101 Niddrie Mains Road,Edinburgh,EH16 4DS,55.933248,-3.136323,LAL,Yes,,,node,2778226148,,27
Currie Library,City of Edinburgh Council,Scotland,210 Lanark Road West,Edinburgh,EH14 5NX,55.896403,-3.309511,LAL,Yes,,,way,23658111,,103
Drumbrae Library Hub,City of Edinburgh Council,Scotland,81 Drum Brae Drive ,Edinburgh,EH4 7FE,55.955528,-3.286904,LAL,Yes,,,way,244904013,,17
Edinburgh Central Library,City of Edinburgh Council,Scotland,George IV Bridge ,Edinburgh,EH1 1EG,55.9484457,-3.1925118,LAL,Yes,,https://www.edinburgh.gov.uk/directory_record/5079/central_library,way,42121790,Q5061355,17
Fountainbridge Library,City of Edinburgh Council,Scotland,137 Dundee Street,Edinburgh,EH11 1BG,55.940066,-3.218349,LAL,Yes,,,way,23143574,Q17796090,2
Gilmerton Library,City of Edinburgh Council,Scotland,13 Newtoft Street ,Edinburgh,EH17 8RG,55.905445,-3.134071,LAL,Yes,,,way,282692504,,17
Granton Library,City of Edinburgh Council,Scotland,29 Wardieburn Terrace ,Edinburgh,EH5 1DD,55.976927,-3.224765,LAL,Yes,,,node,7711576047,,126
Kirkliston Library,City of Edinburgh Council,Scotland,16 Station Road,Kirkliston,EH29 9BE,55.955257,-3.401524,LAL,Yes,,,way,23552028,,4
Leith Library,City of Edinburgh Council,Scotland,28-30 Ferry Road,Leith,EH6 4AE,55.975271,-3.18079,LAL,Yes,,,node,4235737794,Q6520392,52
McDonald Road Library,City of Edinburgh Council,Scotland,2 McDonald Road,Edinburgh,EH7 4LU,55.961584,-3.181605,LAL,Yes,,,way,42145852,Q11839315,29
Moredun Library,City of Edinburgh Council,Scotland,Moredun Park Road,Edinburgh,EH17 7HL,55.912961,-3.133137,LAL,Yes,,,way,5018665,,126
Morningside Library,City of Edinburgh Council,Scotland,184 Morningside Road,Edinburgh,EH10 4PU,55.928908,-3.2099,LAL,Yes,,,way,42124234,Q17811764,4
Muirhouse Library,City of Edinburgh Council,Scotland,15 Pennywell Court,Edinburgh,EH4 4TZ,55.971274,-3.253459,LAL,Yes,,,node,13942403489,,22
Newington Library,City of Edinburgh Council,Scotland,17-21 Fountainhall Road ,Edinburgh,EH9 2LN,55.931795,-3.180874,LAL,Yes,,,way,42121888,,78
Oxgangs Library,City of Edinburgh Council,Scotland,343 Oxgangs Road North ,Edinburgh,EH13 9LY,55.904783,-3.222952,LAL,Yes,,,way,399317995,,64
Piershill Library,City of Edinburgh Council,Scotland,30 Piersfield Terrace ,Edinburgh,EH8 7BQ,55.955079,-3.142552,LAL,Yes,,,way,40513248,,19
Portobello Library,City of Edinburgh Council,Scotland,14 Rosefield Avenue ,Edinburgh,EH15 1AU,55.952692,-3.117706,LAL,Yes,,,way,373007360,Q54869650,96
Ratho Library,City of Edinburgh Council,Scotland,6 School Wynd,Ratho,EH28 8TT,55.922274,-3.384237,LAL,Yes,,,way,1447247622,,249
Sighthill Library,City of Edinburgh Council,Scotland,"Gate 55,  55 Sighthill Road ",,EH11 4PB,55.920603,-3.287267,LAL,Yes,,,node,4144649049,,57
South Neighbourhood Office & Library,City of Edinburgh Council,Scotland,40 Captain's Road,Edinburgh,EH17 8QF,55.903165,-3.152269,LAL,Yes,,,node,5091336377,,63
South Queensferry Library,City of Edinburgh Council,Scotland,"9 Shore Road,  South ",South,EH30 9RD,55.991219,-3.400327,LAL,Yes,,,way,70980972,,38
Stockbridge Library,City of Edinburgh Council,Scotland,11 Hamilton Place ,Edinburgh,EH3 5BA,55.959375,-3.207471,LAL,Yes,,,way,268920116,,56
Wester Hailes Library,City of Edinburgh Council,Scotland,1 West Side Plaza,Edinburgh,EH14 2ST,55.916277,-3.285044,LAL,Yes,,,node,27430415,,8
Bishopton Library,Renfrewshire Council,Scotland,11 Greenock Road,Bishopton,PA7 5JW,55.910391,-4.510579,LAL,Yes,,https://libcat.renfrewshire.gov.uk/iguana/www.main.cls?v=96c85272-ef02-4d78-8ef0-f831bf46dc19,way,205779546,,26
Bridge of Weir Library,Renfrewshire Council,Scotland,Cargill Hall,,PA11 3LJ,55.856244,-4.572794,LAL,Yes,,https://libcat.renfrewshire.gov.uk/iguana/www.main.cls?v=96c85272-ef02-4d78-8ef0-f831bf46dc19,node,6225526667,,46
Erskine Library,Renfrewshire Council,Scotland,Bridgewater Place,Erskine,PA8 7AA,55.903889,-4.448625,LAL,Yes,,https://libcat.renfrewshire.gov.uk/iguana/www.main.cls?v=96c85272-ef02-4d78-8ef0-f831bf46dc19,way,353931022,,85
Ferguslie Library,Renfrewshire Council,Scotland,Tannahill Centre,,PA3 1NT,55.8491776,-4.4534586,LAL,Yes,,https://libcat.renfrewshire.gov.uk/iguana/www.main.cls?v=96c85272-ef02-4d78-8ef0-f831bf46dc19,node,14022779871,,67
Foxbar Library and Toy Library,Renfrewshire Council,Scotland,Ivanhoe Road,Paisley,PA2 0JZ,55.827556,-4.462555,LAL,Yes,,https://libcat.renfrewshire.gov.uk/iguana/www.main.cls?v=96c85272-ef02-4d78-8ef0-f831bf46dc19,node,1288177671,,58
Glenburn Library,Renfrewshire Council,Scotland,Fairway Avenue,Paisley,PA2 8DX,55.82338,-4.431429,LAL,Yes,,https://libcat.renfrewshire.gov.uk/iguana/www.main.cls?v=96c85272-ef02-4d78-8ef0-f831bf46dc19,node,836426960,,37
Johnstone Library,Renfrewshire Council,Scotland,25 Church Street,Johnstone,PA5 8FA,55.835116,-4.512687,LAL,Yes,,https://libcat.renfrewshire.gov.uk/iguana/www.main.cls?v=96c85272-ef02-4d78-8ef0-f831bf46dc19,node,6942842966,,11
Linwood Library,Renfrewshire Council,Scotland,15 Bridge Street,Linwood,PA3 3DB,55.848103,-4.489273,LAL,Yes,,https://libcat.renfrewshire.gov.uk/iguana/www.main.cls?v=96c85272-ef02-4d78-8ef0-f831bf46dc19,node,11822438058,,43
Lochwinnoch Library,Renfrewshire Council,Scotland,Old School High Street,PA12 4AB,PA12 4AB,55.796112,-4.627223,LAL,Yes,,http://www.whatsonrenfrewshire.co.uk/listings/lochwinnoch-library/,way,230820964,,39
Paisley Library / Heritage Centre,Renfrewshire Council,Scotland,15 Mill Street,Paisley,PA1 1ND,55.845671,-4.416304,LAL,Yes,,https://libcat.renfrewshire.gov.uk/iguana/www.main.cls?v=96c85272-ef02-4d78-8ef0-f831bf46dc19,,,,
Ralston Library,Renfrewshire Council,Scotland,Ralston Community Centre,,PA1 3BL,55.845047,-4.375704,LAL,Yes,,https://libcat.renfrewshire.gov.uk/iguana/www.main.cls?v=96c85272-ef02-4d78-8ef0-f831bf46dc19,,,,
Renfrew Library,Renfrewshire Council,Scotland,Paisley Road,Renfrew,PA4 8LJ,55.870112,-4.397297,LAL,Yes,,https://libcat.renfrewshire.gov.uk/iguana/www.main.cls?v=96c85272-ef02-4d78-8ef0-f831bf46dc19,relation,18476002,,32
Alexandria Library,West Dunbartonshire Council,Scotland,Gilmour Street,Alexandria,G83 0DA,55.987123,-4.58344,LAL,Yes,,http://www.west-dunbarton.gov.uk/libraries/library-branches/alexandria-library/,,,,
Balloch Library,West Dunbartonshire Council,Scotland,Carrochan Road,Balloch,G83 8BW,56.002075,-4.572922,LAL,Yes,,http://www.west-dunbarton.gov.uk/libraries/library-branches/balloch-library/,way,1068183950,,3
Clydebank Library,West Dunbartonshire Council,Scotland,Dumbarton Road,Clydebank,G81 1XH,55.901265,-4.4086899,LAL,Yes,,http://www.west-dunbarton.gov.uk/libraries/library-branches/clydebank-library/,,,,
Dalmuir Library,West Dunbartonshire Council,Scotland,Lennox Place,Dalmuir,G81 4LX,55.911679,-4.428794,LAL,Yes,,http://www.west-dunbarton.gov.uk/libraries/library-branches/dalmuir-library/,node,1933669239,,30
Dumbarton Library,West Dunbartonshire Council,Scotland,Strathleven Place,Dumbarton,G82 1BD,55.9456228,-4.5660183,LAL,Yes,,http://www.west-dunbarton.gov.uk/libraries/library-branches/dumbarton-library/,way,1227554763,,1
Duntocher Library,West Dunbartonshire Council,Scotland,Glenhead CE Centre,,G81 6HF,55.924674,-4.416112,LAL,Yes,,http://www.west-dunbarton.gov.uk/libraries/library-branches/duntocher-library/,way,1334603301,,42
Faifley Library,West Dunbartonshire Council,Scotland,Edinbarnet Campus,,G81 5BS,55.930807,-4.393521,LAL,Yes,,http://www.west-dunbarton.gov.uk/libraries/library-branches/faifley-library/,,,,
Parkhall Library,West Dunbartonshire Council,Scotland,Hawthorn Street,Parkhall,G81 3EF,55.915209,-4.413092,LAL,Yes,,http://www.west-dunbarton.gov.uk/libraries/library-branches/parkhall-library/,,,,
Almondbank Library,West Lothian Council,Scotland,Almondbank Centre,,EH54 5EH,55.896896,-3.497265,LAL,Yes,,,node,3501424893,,12
Armadale Library,West Lothian Council,Scotland,North Street ,Armadale,EH48 3QB,55.899586,-3.699137,LAL,Yes,,,node,7476962290,,143
Bathgate (Simpson) Library ,West Lothian Council,Scotland,Bathgate Partnership Centre,,EH48 1TS,55.9014,-3.644256,LAL,Yes,,,node,2749846113,,20
Blackburn Connected,West Lothian Council,Scotland,Mill Centre,Blackburn,EH47 7LQ,55.874532,-3.622549,LAL,Yes,,,,,,
Blackridge Library,West Lothian Council,Scotland,Craig Inn Centre,Blackridge,EH48 3SP,55.884839,-3.761791,LAL,Yes,,,node,3799377166,,45
Broxburn Library,West Lothian Council,Scotland,Strathbrock Partnership Centre,,EH52 5LH,55.932866,-3.483957,LAL,Yes,,,node,11146711744,,181
Carmondean Connected,West Lothian Council,Scotland,Carmondean Centre ,Deans,EH54 8PT,55.901802,-3.545983,LAL,Yes,,,node,11284448747,,2
East Calder Library,West Lothian Council,Scotland,Main Street,East Calder,EH53 0EJ,55.894963,-3.464439,LAL,Yes,,,way,93327794,,35
Fauldhouse Library,West Lothian Council,Scotland,Fauldhouse Partnership Centre ,,EH47 9JD,55.829539,-3.704191,LAL,Yes,,,node,3907198919,,104
Lanthorn Library,West Lothian Council,Scotland,Lanthorn Community Centre,,EH54 6NY,55.881515,-3.504394,LAL,Yes,,,,,,
Linlithgow Library,West Lothian Council,Scotland,Linlithgow Partnership Centre,,EH49 7EZ,55.976428,-3.60075,LAL,Yes,,,node,192309911,,28
Local History Library,West Lothian Council,Scotland,Linlithgow Partnership Centre,Linlithgow,EH49 7EQ,55.976517,-3.6018,LAL,Yes,,,node,4230422692,,60
Pumpherston Library,West Lothian Council,Scotland,Pumpherston and Uphall Station Community Primary School ,,EH53 0LF,55.90907,-3.491463,LAL,Yes,,,,,,
West Calder Library,West Lothian Council,Scotland,Main Street,West Calder,EH55 8BQ,55.852772,-3.566736,LAL,Yes,,,way,93334600,Q17852742,108
West Lothian College Library,West Lothian Council,Scotland,Almondvale Crescent ,Livingston,EH54 7EP,55.884702,-3.525798,LAL,Yes,,,,,,
Whitburn Library,West Lothian Council,Scotland,Union Road,Whitburn,EH47 0AR,55.865968,-3.688687,LAL,Yes,,,,,,
Arbroath Library,Angus Council,Scotland,Hill Terrace ,Arbroath,DD11 1AH,56.559375,-2.579248,LAL,Yes,,,way,606841824,,61
Brechin Library,Angus Council,Scotland,St Ninian's Square ,DD9 7AD,DD9 7AD,56.732281,-2.653444,LAL,Yes,,,way,65414157,,38
Carnoustie Library,Angus Council,Scotland,21 High Street ,Carnoustie,DD7 6AN,56.501453,-2.707949,LAL,Yes,,,way,606842936,,29
Kirriemuir Library,Angus Council,Scotland,Town Hall ,,DD8 4BS,56.674093,-3.004104,LAL,Yes,,,node,5752641500,,67
Monifieth Library,Angus Council,Scotland,High Street ,Monifieth Library,DD5 4AE,56.481724,-2.817568,LAL,Yes,,,way,606843851,,134
Montrose Library,Angus Council,Scotland,High Street,Montrose,DD10 8PH,56.710402,-2.468745,LAL,Yes,,,way,69754962,,68
Ardler Community Library,Dundee City Council,Scotland,Turnberry Avenue ,Dundee,DD2 3TP,56.487991,-3.014184,LAL,Yes,,http://www.leisureandculturedundee.com/ardler-community-library,way,561294943,Q62630703,4
Arthurstone Community Library,Dundee City Council,Scotland,5 Arthurstone Terrace,Dundee,DD4 6RT,56.469508,-2.95787,LAL,Yes,,http://www.leisureandculturedundee.com/arthurstone-community-library,way,1288910088,,74
Blackness Community Library,Dundee City Council,Scotland,225 Perth Road,Dundee,DD2 1EJ,56.456793,-2.996866,LAL,Yes,,http://www.leisureandculturedundee.com/blackness-community-library,way,561529200,Q62630708,40
Broughty Ferry Community Library,Dundee City Council,Scotland,Queen Street,Broughty Ferry,DD5 2HN,56.468396,-2.873525,LAL,Yes,,http://www.leisureandculturedundee.com/broughty-ferry-community-library,node,285892091,,12
Charleston Community Library,Dundee City Council,Scotland,Charles Street,,DD2 4NL,56.47374,-3.035021,LAL,Yes,,,node,4816489154,,108
Coldside Community Library,Dundee City Council,Scotland,150 Strathmartine Road,Dundee,DD3 7SE,56.474533,-2.980464,LAL,Yes,,http://www.leisureandculturedundee.com/coldside-community-library,way,1160284949,Q65083719,43
Douglas Community Centre ,Dundee City Council,Scotland,Balmoral Avenue ,Dundee,DD4 8SD,56.479199,-2.904358,LAL,Yes,,http://www.leisureandculturedundee.com/douglas-community-library,,,,
Dundee Central Library,Dundee City Council,Scotland,The Wellgate ,Dundee,DD1 1DB,56.4645852,-2.9692566,LAL,Yes,,http://www.leisureandculturedundee.com/central-library-wellgate,node,621475674,Q28920241,26
Fintry Community Library,Dundee City Council,Scotland,1 Findcastle Street ,Dundee,DD4 9EW,56.490967,-2.945581,LAL,Yes,,http://www.leisureandculturedundee.com/fintry-community-library,way,993868551,,82
Hub Community Library & Learning Centre,Dundee City Council,Scotland,171 Pitkerro Road,Dundee,DD4 8ES,56.482873,-2.934825,LAL,Yes,,http://www.leisureandculturedundee.com/hub-community-library-and-learning-centre,way,850600300,,74
Kirkton Community Library ,Dundee City Council,Scotland,Derwent Avenue,Dundee,DD3 0AX,56.487467,-2.986676,LAL,Yes,,http://www.leisureandculturedundee.com/kirkton-community-library,,,,
Lochee Community Library ,Dundee City Council,Scotland,High Street ,Lochee,DD2 3AU,56.471096,-3.009046,LAL,Yes,,http://www.leisureandculturedundee.com/lochee-community-library,node,8109765247,,23
Menzieshill Community Library,Dundee City Council,Scotland,Orleans Place ,Menzieshill,DD2 4BH,56.467139,-3.039,LAL,Yes,,http://www.leisureandculturedundee.com/menzieshill-community-library,node,10608562549,,107
Whittfield Community Library,Dundee City Council,Scotland,The Crescent ,,DD4 0HU,56.489616,-2.917261,LAL,Yes,,http://www.leisureandculturedundee.com/whitfield-community-library,node,3815709702,,55
Bearsden Library,East Dunbartonshire Council,Scotland,Bearsden Community Hub,,G61 3QT,55.920088,-4.334824,LAL,Yes,,,node,13730827888,,11
Bishopbriggs Library,East Dunbartonshire Council,Scotland,170 Kirkintilloch Road ,Bishopbriggs,G64 2LX,55.90616,-4.223413,LAL,Yes,,,way,59572634,,3
Craighead Library,East Dunbartonshire Council,Scotland,Craighead Road ,Milton of Campsie,G66 8DL,55.965926,-4.160395,LAL,Yes,,,way,87056334,,58
Lennoxtown Library,East Dunbartonshire Council,Scotland,46 Main Street,Lennoxtown,G66 7JJ,55.974456,-4.201948,LAL,Yes,,,node,7545464876,,73
Lenzie Library,East Dunbartonshire Council,Scotland,13 Alexandra Avenue,Lenzie,G66 5BG,55.920152,-4.156771,LAL,Yes,,,node,411660342,,32
Milngavie Library,East Dunbartonshire Council,Scotland,Allander Road,Milngavie,G62 8PN,55.943111,-4.32061,LAL,Yes,,,way,430656287,,151
Westerton Library,East Dunbartonshire Council,Scotland,82 Maxwell Avenue,Bearsden,G61 1NZ,55.907069,-4.33684,LAL,Yes,,,way,82389538,,71
William Patrick Library,East Dunbartonshire Council,Scotland,2-4 West high Street ,Kirkintilloch,G66 1AD,55.941555,-4.159049,LAL,Yes,,,way,86840752,,9
Aberdour Library,Fife Council,Scotland,Aberdour Community Centre,,KY3 0TR,56.053306,-3.301352,LAL,Yes,,http://onfife.com/venues/aberdour-library,node,7106676997,Q62783155,2
Auchtermuchty Library,Fife Council,Scotland,Town Hall,,KY14 7AP,56.291935,-3.23319,LAL,Yes,,http://onfife.com/venues/auchtermuchty-library,node,9946143079,,33
Benarty Library,Fife Council,Scotland,Benarty Centre,,KY5 8JH,56.159983,-3.326469,LAL,Yes,,http://onfife.com/venues/benarty-library,node,6851436174,Q62783235,82
Buckhaven Library,Fife Council,Scotland,Buckhaven Museum,,KY8 1LD,56.1717392,-3.0326328,LAL,Yes,,http://onfife.com/venues/buckhaven-museum,way,171241655,Q62783160,1
Burntisland Library,Fife Council,Scotland,102 High Street,Burntisland,KY3 9AS,56.058783,-3.235324,LAL,Yes,,http://onfife.com/venues/burntisland-library-museum,way,384759061,Q17794431,62
Cadham Library,Fife Council,Scotland,Cadham Neighbourhood Centre,,KY7 6RU,56.207947,-3.169795,LAL,Yes,,http://onfife.com/venues/cadham-library,way,59699763,,34
Cardenden Library,Fife Council,Scotland,Carden Avenue,Cardenden,KY5 0EL,56.139185,-3.250422,LAL,Yes,,http://onfife.com/venues/cardenden-library,way,110151002,Q62783180,97
Cowdenbeath Library,Fife Council,Scotland,41 High Street,Cowdenbeath,KY4 9QA,56.113642,-3.344493,LAL,Yes,,http://onfife.com/venues/cowdenbeath-library,,,,
Cupar Library,Fife Council,Scotland,33-35 Crossgate,Cupar,KY15 5AS,56.318234,-3.012152,LAL,Yes,,http://onfife.com/venues/cupar-library,node,1392060208,Q56489730,41
Dalgety Library,Fife Council,Scotland,Regents Way,Dalgety Bay,KY11 9UY,56.036707,-3.356696,LAL,Yes,,http://onfife.com/venues/dalgety-bay-library,way,186830522,Q62783197,105
Duloch Library,Fife Council,Scotland,Community Campus,,KY11 8LW,56.06195,-3.402232,LAL,Yes,,http://onfife.com/venues/duloch-library,node,4220429668,,44
Dunfermline Carnegie Library,Fife Council,Scotland,1-7 Abbot Street,Dunfermline,KY12 7NL,56.070262,-3.46186,LAL,Yes,,http://onfife.com/venues/dunfermline-carnegie-library-galleries,way,690322757,Q17816381,10
Elie Library,Fife Council,Scotland,Siward Lane,Elie,KY9 1AZ,56.189465,-2.831095,LAL,Yes,,http://onfife.com/venues/elie-library,node,9964626541,,39
Inverkeithing Library & Heritage Centre,Fife Council,Scotland,Inverkeithing Local Office Civic Centre,,KY11 1PA,56.0294139,-3.3985948,LAL,Yes,,http://onfife.com/venues/inverkeithing-library-and-heritage-centre,node,6711238762,Q62783221,19
Jenny Lee (Lochgelly) Library,Fife Council,Scotland,Lochgelly Centre,,KY5 9RD,56.129259,-3.310786,LAL,Yes,,http://onfife.com/venues/jennie-lee-library,way,724095450,,29
Kelty Library,Fife Council,Scotland,Kelty Library,,KY4 0DD,56.132558,-3.380746,LAL,Yes,,http://onfife.com/venues/kelty-library,,,,
Kennoway Library,Fife Council,Scotland,1 Bishops Court,Kennoway,KY8 5LA,56.210245,-3.047788,LAL,Yes,,http://onfife.com/venues/kennoway-library,node,9964526310,,42
Kincardine Library,Fife Council,Scotland,2 Keith Street,Kincardine,FK10 4ND,56.0675,-3.71937,LAL,Yes,,http://onfife.com/venues/kincardine-library,node,1100485482,,67
Kirkcaldy Galleries ,Fife Council,Scotland,War Memorial Gardens,Kirkcaldy,KY1 1YG,56.112327,-3.165943,LAL,Yes,,http://onfife.com/venues/kirkcaldy-galleries,node,669836820,,11
Ladybank Library,Fife Council,Scotland,The Maltings,,KY15 7JS,56.274422,-3.123974,LAL,Yes,,http://onfife.com/venues/ladybank-library,way,60366397,,44
Leslie Library,Fife Council,Scotland,289 High Street,Leslie,KY6 3AX,56.200658,-3.215607,LAL,Yes,,http://onfife.com/venues/leslie-library,way,59707436,,66
Leven Library,Fife Council,Scotland,16 Durie Street,Leven,KY8 4HE,56.195953,-2.996491,LAL,Yes,,http://onfife.com/venues/leven-library,node,6866772599,,26
Methil Library,Fife Council,Scotland,Methill Library,,KY8 3QR,56.183287,-3.019084,LAL,Yes,,http://onfife.com/venues/methil-heritage-centre,way,171254359,Q57981121,11
Newburgh Library,Fife Council,Scotland,Tayside Institute,,KY14 6DA,56.350887,-3.24019,LAL,Yes,,http://onfife.com/venues/newburgh-heritage-centre,node,10751259343,,35
Newport Library,Fife Council,Scotland,Blyth Hall,,DD6 8DD,56.439481,-2.940377,LAL,Yes,,http://onfife.com/venues/newport-library,node,10751259345,,2
Oakley Library,Fife Council,Scotland,Oakley Campus,,KY12 9RJ,56.085049,-3.568247,LAL,Yes,,http://onfife.com/venues/oakley-library,node,6216633829,,166
Rosyth Library,Fife Council,Scotland,Parkgate,Rosyth,KY11 2JW,56.039562,-3.419927,LAL,Yes,,http://onfife.com/venues/rosyth-library,way,98066945,Q62783268,103
Rothes Halls Library,Fife Council,Scotland,Kingdom Shopping Centre,Glenrothes,KY7 5NX,56.196054,-3.176089,LAL,Yes,,http://onfife.com/venues/rothes-halls-library,node,838625978,Q62783269,28
St Andrews Library,Fife Council,Scotland,Church Square,St. Andrews,KY16 9NN,56.339957,-2.795789,LAL,Yes,,http://onfife.com/venues/st-andrews-library,way,400832770,,16
St Monans Library,Fife Council,Scotland,St. Monans Town Hall,,KY10 2DH,56.207035,-2.763496,LAL,Yes,,http://onfife.com/venues/st-monans-library,node,10751259346,,63
Tayport Library,Fife Council,Scotland,Municipal Buildings,,DD6 9JY,56.446047,-2.880616,LAL,Yes,,http://onfife.com/venues/tayport-library,node,14094423562,,50
Templehall Library,Fife Council,Scotland,Beauly Place,Kirkcaldy,KY2 6EX,56.127393,-3.18416,LAL,Yes,,http://onfife.com/venues/templehall-library,node,13965092709,Q62783295,177
Valleyfield Library,Fife Council,Scotland,Valleyfield Community Centre,,KY12 8UA,56.062476,-3.597044,LAL,Yes,,http://onfife.com/venues/valleyfield-library,way,654220317,,47
Waid Community Campus,Fife Council,Scotland,St Andrews Road ,Anstruther,KY10 3GY,56.226833,-2.703881,LAL,Yes,,http://onfife.com/venues/waid-library,node,9964627685,,11
Windmill LIbrary,Fife Council,Scotland,Windmill Road,Kirkcaldy,KY1 3AL,56.130298,-3.128535,LAL,Yes,,http://onfife.com/venues/windmill-library,node,4365135745,Q62783299,210
AK Bell Library,Perth and Kinross Council,Scotland,York Place,Perth,PH2 8EP,56.395513,-3.436894,LAL,Yes,,http://www.culturepk.org.uk/your-local-library/ak-bell-library/,way,191125731,,70
Alyth Library,Perth and Kinross Council,Scotland,Airlie Street,Alyth,PH11 8AJ,56.62127,-3.228756,LAL,Yes,,http://www.culturepk.org.uk/your-local-library/alyth-library/,way,135410254,,64
Auchterarder Library,Perth and Kinross Council,Scotland,Chapel Wynd,Auchterarder,PH3 1BL,56.296943,-3.707356,LAL,Yes,,http://www.culturepk.org.uk/your-local-library/auchterarder-library/,way,507655874,,50
Birnam Library,Perth and Kinross Council,Scotland,Station Road,Birnam,PH8 0DS,56.557899,-3.577051,LAL,Yes,,http://www.culturepk.org.uk/your-local-library/birnam-library/,way,136618833,,52
Blairgowrie Library,Perth and Kinross Council,Scotland,46A Leslie Street,Blairgowrie,PH10 6AW,56.591149,-3.338869,LAL,Yes,,http://www.culturepk.org.uk/your-local-library/blairgowrie-library/,way,955651804,,42
Breadalbane Community Library,Perth and Kinross Council,Scotland,Breadalbane Community Campus,,PH15 2DU,56.617285,-3.869353,LAL,Yes,,http://www.culturepk.org.uk/your-local-library/breadalbane-community-library/,node,5743336495,,19
Comrie Library,Perth and Kinross Council,Scotland,Drummond Street,Comrie,PH6 2DS,56.375154,-3.986025,LAL,Yes,,http://www.culturepk.org.uk/your-local-library/comrie-library/,node,7173783870,,49
Coupar Angus Library,Perth and Kinross Council,Scotland,Town Hall,,PH13 9AE,56.546495,-3.266163,LAL,Yes,,http://www.culturepk.org.uk/your-local-library/coupar-angus-library/,node,5416510563,,51
Loch Leven Community Library,Perth and Kinross Council,Scotland,Loch Leven Community Campus,Muirs,KY13 8FQ,56.216607,-3.425256,LAL,Yes,,http://www.culturepk.org.uk/your-local-library/loch-leven-community-library/,way,170484682,,74
North Inch Community Library,Perth and Kinross Council,Scotland,North Inch Community Campus,,PH1 5BF,56.410026,-3.438236,LAL,Yes,,http://www.culturepk.org.uk/your-local-library/north-inch-community-library/,,,,
Pitlochry Library,Perth and Kinross Council,Scotland,26 Atholl Road,Pitlochry,PH16 5BX,56.70211,-3.729966,LAL,Yes,,,node,11081353320,,61
Scone Library,Perth and Kinross Council,Scotland,Sandy Road,Scone,PH2 6LJ,56.418652,-3.405296,LAL,Yes,,http://www.culturepk.org.uk/your-local-library/scone-library/,way,97372965,,73
Strathearn Community Library,Perth and Kinross Council,Scotland,Strathearn Community Campus,,PH7 3JN,56.369967,-3.836352,LAL,Yes,,http://www.culturepk.org.uk/your-local-library/strathearn-community-library/,,,,
Anniesland Library,Glasgow City Council,Scotland,833 Crow Road,Glasgow,G13 1LE,55.890569,-4.32494,LAL,Yes,,http://www.glasgowlife.org.uk/libraries/your-local-library/anniesland-library/Pages/home.aspx,node,2934049109,,10
Ballieston Library,Glasgow City Council,Scotland,141 Main Street,Glasgow,G69 6AA,55.850815,-4.109891,LAL,Yes,,http://www.glasgowlife.org.uk/libraries/your-local-library/baillieston-library/Pages/home.aspx,way,1157926731,Q62665104,78
Barmulloch Library,Glasgow City Council,Scotland,46 Wallacewell Quadrant,Glasgow,G21 3PX,55.890781,-4.201682,LAL,Yes,,http://www.glasgowlife.org.uk/libraries/your-local-library/barmulloch-library/Pages/home.aspx,node,2020433550,Q62665105,142
Bridgeton Library,Glasgow City Council,Scotland,The Olympia Building,2-16 Orr St,G40 2QH,55.850862,-4.225813,LAL,Yes,,http://www.glasgowlife.org.uk/libraries/your-local-library/bridgeton-library/Pages/home.aspx,way,153989072,Q31548688,152
Cardonald Library,Glasgow City Council,Scotland,1113 Mosspark Drive,Glasgow,G52 3BU,55.844998,-4.347841,LAL,Yes,,http://www.glasgowlife.org.uk/libraries/your-local-library/cardonald-library/Pages/home.aspx,way,80428610,,36
Castlemilk Library,Glasgow City Council,Scotland,100 Castlemilk Drive,Glasgow,G45 9TN,55.806868,-4.233517,LAL,Yes,,http://www.glasgowlife.org.uk/libraries/your-local-library/castlemilk-library/Pages/home.aspx,way,83687593,Q62665110,3
Couper Institute Library,Glasgow City Council,Scotland,84 Clarkston Road,Glasgow,G44 3DA,55.815834,-4.264662,LAL,Yes,,http://www.glasgowlife.org.uk/libraries/your-local-library/couper-institute/Pages/default.aspx,node,28213503,Q17815159,34
Dennistoun Library,Glasgow City Council,Scotland,2a Craigpark,Glasgow,G31 2NA,55.859725,-4.221465,LAL,Yes,,http://www.glasgowlife.org.uk/libraries/your-local-library/dennistoun-library/Pages/home.aspx,way,137873634,Q17814955,76
Drumchapel Library,Glasgow City Council,Scotland,65 Hecla Avenue,Glasgow,G15 8LX,55.910269,-4.375485,LAL,Yes,,http://www.glasgowlife.org.uk/libraries/your-local-library/drumchapel-library/Pages/home.aspx,way,83174493,,4
Elder Park Library,Glasgow City Council,Scotland,228a Langlands Road,Glasgow,G51 3TZ,55.861991,-4.321954,LAL,Yes,,http://www.glasgowlife.org.uk/libraries/your-local-library/elder-park-library/Pages/home.aspx,way,134836868,,2
Gorbals Library,Glasgow City Council,Scotland,180 Crown Street,Glasgow,G5 9XD,55.849207,-4.250787,LAL,Yes,,http://www.glasgowlife.org.uk/libraries/your-local-library/gorbals-library/Pages/home.aspx,way,132741013,Q62665117,4
Govanhill library,Glasgow City Council,Scotland,170 Langside Road,Glasgow,G42 7JU,55.837825,-4.261562,LAL,Yes,,http://www.glasgowlife.org.uk/libraries/your-local-library/govanhill-library/Pages/home.aspx,way,156336647,Q17812617,22
Hillhead Library,Glasgow City Council,Scotland,348 Byres Road,Glasgow,G12 8AP,55.876643,-4.291815,LAL,Yes,,http://www.glasgowlife.org.uk/libraries/your-local-library/hillhead-library/Pages/home.aspx,way,59173138,Q56561146,22
Ibrox Library,Glasgow City Council,Scotland,1 Midlock Street,Glasgow,G51 1SL,55.852007,-4.299357,LAL,Yes,,http://www.glasgowlife.org.uk/libraries/your-local-library/ibrox-library/Pages/home.aspx,way,81878790,,96
Knightswood Library,Glasgow City Council,Scotland,27 Dunterlie Avenue,Glasgow,G13 3BB,55.889151,-4.356937,LAL,Yes,,http://www.glasgowlife.org.uk/libraries/your-local-library/knightswood-library/Pages/home.aspx,way,83604402,Q62665123,9
Langside Library,Glasgow City Council,Scotland,2 Sinclair Drive,Glasgow,G42 9QE,55.826345,-4.267554,LAL,Yes,,http://www.glasgowlife.org.uk/libraries/your-local-library/langside-library/Pages/home.aspx,way,32497739,Q17797950,65
Library at GoMA,Glasgow City Council,Scotland,Royal Exchange Square,Glasgow,G1 3AH,55.859799,-4.25247,LAL,Yes,,http://www.glasgowlife.org.uk/libraries/your-local-library/library-at-goma/Pages/home.aspx,node,904614770,,32
Library at The Bridge,Glasgow City Council,Scotland,1000 Westerhouse Road,Easterhouse,G34 9JW,55.867983,-4.118938,LAL,Yes,,http://www.glasgowlife.org.uk/libraries/your-local-library/library-at-the-bridge/Pages/home.aspx,node,13026675582,,5
Maryhill Library,Glasgow City Council,Scotland,1508 Maryhill Road,Glasgow,G20 9AD,55.89128,-4.291031,LAL,Yes,,http://www.glasgowlife.org.uk/libraries/your-local-library/maryhill-library/Pages/home.aspx,way,82105680,,21
Milton Library,Glasgow City Council,Scotland,Milton Community Campus,,G22 7QR,55.896956,-4.25576,LAL,Yes,,http://www.glasgowlife.org.uk/libraries/your-local-library/milton-library/Pages/home.aspx,node,2091245690,Q62665128,113
Mitchell Library,Glasgow City Council,Scotland,North Street ,Glasgow,G3 7DN,55.8650626,-4.2721934,LAL,Yes,,http://www.glasgowlife.org.uk/libraries/the-mitchell-library/Pages/home.aspx,way,4326895,Q1801309,29
Parkhead Library,Glasgow City Council,Scotland,64 Tollcross Road,Glasgow,G31 4XA,55.850152,-4.194779,LAL,Yes,,,,,,
Partick Library,Glasgow City Council,Scotland,305 Dumbarton Road,Glasgow,G11 6AB,55.870572,-4.303892,LAL,Yes,,,node,1265796850,Q62665132,57
Pollok Library,Glasgow City Council,Scotland,Pollok Civic Realm,,G53 6EW,55.823218,-4.34487,LAL,Yes,,,,,,
Pollokshaws Library,Glasgow City Council,Scotland,50/60 Shawbridge Street,Glasgow,G43 1RW,55.825047,-4.295403,LAL,Yes,,,way,388222696,Q62665134,0
Pollokshields Library,Glasgow City Council,Scotland,30 Leslie Street,Glasgow,G41 2TE,55.840944,-4.27179,LAL,Yes,,,way,232225549,,67
Possilpark Library,Glasgow City Council,Scotland,127 Allander Street,Glasgow,G22 5JJ,55.882414,-4.255073,LAL,Yes,,,way,81083893,Q17813210,40
Riddrie Library,Glasgow City Council,Scotland,1020 Cumbernauld Road,Glasgow,G33 2QS,55.871292,-4.187101,LAL,Yes,,,way,184618231,Q62665138,3
Royston Library,Glasgow City Council,Scotland,67 Royston Road,Glasgow,G21 2QW,55.86955,-4.230817,LAL,Yes,,,way,70224587,,56
Shettleston Library,Glasgow City Council,Scotland,154 Wellshot Road,Glasgow,G32 7AX,55.848648,-4.17522,LAL,Yes,,,way,80249126,,1
Springburn Library,Glasgow City Council,Scotland,Kay Street,Glasgow,G21 1JY,55.884065,-4.230065,LAL,Yes,,,way,133531858,,45
Whiteinch Library,Glasgow City Council,Scotland,14 Victoria Park Drive South,Glasgow,G14 9RL,55.87436,-4.33342,LAL,Yes,,,,,,
Woodside Library,Glasgow City Council,Scotland,343 St Georges Road,Glasgow,G3 6JQ,55.871644,-4.267493,LAL,Yes,,,way,128508390,Q17813565,54
Abronhill Library,North Lanarkshire Council,Scotland,17 Pine Road,Cumbernauld,G67 3BE,55.959964,-3.951701,LAL,Yes,,https://culturenl.co.uk/libraries/your-library/abronhill-library/,way,394940706,,35
Airdrie Library,North Lanarkshire Council,Scotland,Wellwynd ,Airdrie,ML6 0AG,55.866456,-3.98299,LAL,Yes,,https://culturenl.co.uk/libraries/your-library/airdrie-library/,node,1158926307,,10
Bellshill Cultural Centre Library,North Lanarkshire Council,Scotland,John Street,Bellshill,ML4 1RJ,55.818307,-4.022861,LAL,Yes,,https://culturenl.co.uk/libraries/your-library/bellshill-cultural-centre/,,,,
Chapelhall Library,North Lanarkshire Council,Scotland,2 Honeywell Crescent,Airdrie,ML6 8XW,55.839048,-3.94919,LAL,Yes,,https://culturenl.co.uk/libraries/your-library/chapelhall-library/,,,,
Chryston Library,North Lanarkshire Council,Scotland,Chryston Cultural Centre ,,G69 9DL,55.904301,-4.104217,LAL,Yes,,https://culturenl.co.uk/libraries/your-library/chryston-library/,,,,
Cleland Library,North Lanarkshire Council,Scotland,Main St,Cleland,ML1 5QW,55.802179,-3.914048,LAL,Yes,,https://culturenl.co.uk/libraries/your-library/cleland-library/,node,1599999009,,7
Coatbridge Library,North Lanarkshire Council,Scotland,The Buchanan Centre ,,ML5 3BJ,55.861681,-4.024348,LAL,Yes,,https://culturenl.co.uk/libraries/your-library/coatbridge-library/,node,1183655594,,26
Condorrat Library,North Lanarkshire Council,Scotland,North Road ,Condorrat,G68 9AE,55.936347,-4.027693,LAL,Yes,,https://culturenl.co.uk/libraries/your-library/condorrat-library/,node,7173209965,,50
Cumbernauld Library,North Lanarkshire Council,Scotland,8 Allander Walk,Cumbernauld,G67 1EE,55.9469071,-3.989848,LAL,Yes,,https://culturenl.co.uk/libraries/your-library/cumbernauld-library/,node,363417653,,64
Kilsyth Library,North Lanarkshire Council,Scotland,Burngreen,Kilsyth,G65 0HT,55.97744,-4.051288,LAL,Yes,,https://culturenl.co.uk/libraries/your-library/kilsyth-library/,way,306404437,Q62666449,78
Moodiesburn Library,North Lanarkshire Council,Scotland,Glenmanor Avenue,Moodiesburn,G69 0DL,55.912087,-4.091902,LAL,Yes,,https://culturenl.co.uk/libraries/your-library/moodiesburn-library/,way,93496454,,66
Motherwell Library,North Lanarkshire Council,Scotland,35 Hamilton Road,Motherwell,ML1 3BZ,55.7891589,-3.9939497,LAL,Yes,,https://culturenl.co.uk/libraries/your-library/motherwell-library/,node,728721199,,19
Newarthill Library,North Lanarkshire Council,Scotland,Kirkhall Road,Newarthill,ML1 5BB,55.814006,-3.948337,LAL,Yes,,https://culturenl.co.uk/libraries/your-library/newarthill-library/,way,268267591,,76
Newmains Library,North Lanarkshire Council,Scotland,The NCT Centre  ,,ML2 9AX,55.783186,-3.878765,LAL,Yes,,https://culturenl.co.uk/libraries/your-library/newmains-library/,,,,
New Stevenston Library,North Lanarkshire Council,Scotland,Coronation Road East,New Stevenston,ML1 4HX,55.811497,-3.98104,LAL,Yes,,https://culturenl.co.uk/libraries/your-library/new-stevenston-library/,,,,
Shotts Library,North Lanarkshire Council,Scotland,Benhar Road,Shotts,ML7 5EN,55.818935,-3.790862,LAL,Yes,,https://culturenl.co.uk/libraries/your-library/shotts-library/,way,170893144,Q62765313,54
Stepps Library,North Lanarkshire Council,Scotland,10 Blenheim Avenue,Stepps,G33 6FH,55.893954,-4.140062,LAL,Yes,,https://culturenl.co.uk/libraries/your-library/stepps-library/,way,82209835,,67
Viewpark Library,North Lanarkshire Council,Scotland,Burnhead Street,Viewpark,G71 5AT,55.829102,-4.051757,LAL,Yes,,https://culturenl.co.uk/libraries/your-library/viewpark-library/,,,,
Wishaw Library,North Lanarkshire Council,Scotland,The Houldsworth Centre,Wishaw,ML2 7LP,55.774972,-3.920574,LAL,Yes,,https://culturenl.co.uk/libraries/your-library/wishaw-library/,,,,
Amlwch Library,Isle of Anglesey County Council,Wales,"Ffordd Parys, Amlwch",Amlwch,LL68 9EA,53.410911,-4.350164,LAL,Yes,,,,,,
Beaumaris Library,Isle of Anglesey County Council,Wales,"Hen Ysgol David Hughes, Beaumaris",Beaumaris,LL58 8AL,53.264169,-4.091738,LAL,Yes,,http://www.anglesey.gov.uk/leisure/libraries/libraries-my-local-library/beaumaris-library/,way,545037535,Q47523089,78
Benllech Library,Isle of Anglesey County Council,Wales,"Ffordd Bangor, Benllech",Benllech,LL74 8TF,53.319521,-4.226368,LAL,Yes,,,way,1375583787,,68
Cemaes Library,Isle of Anglesey County Council,Wales,"Lôn Glascoed, Cemaes",Cemaes,LL67 0HN,53.411874,-4.452881,LAL,Yes,,,,,,
Holyhead Library,Isle of Anglesey County Council,Wales,,,LL65 1HH,53.311796,-4.633212,LAL,Yes,,,way,1299950564,,130
Llangefni Library,Isle of Anglesey County Council,Wales,"Lôn-y-Felin, Llangefni",Llangefni,LL77 7RT,53.254616,-4.309583,LAL,Yes,,http://www.anglesey.gov.uk/leisure/libraries/libraries-my-local-library/llangefni-library/,way,89416580,Q47509709,1
Menai Bridge Library,Isle of Anglesey County Council,Wales,"Ffordd y Ffair, Porthaethwy",Porthaethwy,LL59 5AS,53.225573,-4.16367,LAL,Yes,,http://www.anglesey.gov.uk/leisure/libraries/libraries-my-local-library/menai-bridge-library/,way,132052214,Q47488100,69
Moelfre Library,Isle of Anglesey County Council,Wales,"Y Ganolfan, Moelfre",Moelfre,LL72 8HA,53.342671,-4.246122,LAL,Yes,,,,,,
Newborough Library,Isle of Anglesey County Council,Wales,"Prichard Jones Institute, Newborough",Newborough,LL61 6SY,53.165549,-4.357459,LAL,Yes,,,,,,
Rhosneigr Library,Isle of Anglesey County Council,Wales,"High Street, Rhosneigr",Rhosneigr,LL64 5UX,53.227272,-4.521647,LAL,Yes,,http://www.anglesey.gov.uk/leisure/libraries/libraries-my-local-library/rhosneigr-library/,way,1169746408,Q47509713,91
Bala Library,Gwynedd Council,Wales,"Campws Y Berwyn Campus, Ffrydan Rd",Ffrydan Rd,LL23 7RU,52.913098,-3.596933,LAL,Yes,,https://www.gwynedd.llyw.cymru/en/Residents/Libraries-and-archives/Your-local-library/Bala-library.aspx,,,,
Bangor Library,Gwynedd Council,Wales,"Gwynedd Road, Bangor",Bangor,LL57 1DT,53.227316,-4.126758,LAL,Yes,,https://www.gwynedd.llyw.cymru/en/Residents/Libraries-and-archives/Your-local-library/Bangor-library.aspx,way,53246791,Q29483742,66
Barmouth Library,Gwynedd Council,Wales,"Station Road, Barmouth",Barmouth,LL42 1LU,52.722637,-4.056066,LAL,Yes,,,,,,
Bethesda Library,Gwynedd Council,Wales,"Ffordd Coetmor, Bethesda",Bethesda,LL57 3DP,53.18622,-4.068109,LAL,Yes,,,,,,
Blaenau Ffestiniog Library,Gwynedd Council,Wales,"Canolfan Maenofferen, Blaenau Ffestiniog",Blaenau Ffestiniog,LL41 3DL,52.992661,-3.93404,LAL,Yes,,https://www.gwynedd.llyw.cymru/en/Residents/Libraries-and-archives/Your-local-library/Blaenau-Ffestiniog-library.aspx,way,230702892,Q47488093,99
Caernarfon Library,Gwynedd Council,Wales,"Pavilion Hill, Caernarfon",Caernarfon,LL55 1AS,53.141555,-4.273656,LAL,Yes,,https://www.gwynedd.llyw.cymru/en/Residents/Libraries-and-archives/Your-local-library/Caernarfon-library.aspx,way,242656139,Q47488094,10
Criccieth Library,Gwynedd Council,Wales,"High Street, Cricieth",Cricieth,LL52 0RN,52.918993,-4.237415,LAL,Yes,,https://www.gwynedd.llyw.cymru/en/Residents/Libraries-and-archives/Your-local-library/Cricieth-library.aspx,way,70265015,Q47509692,18
Deiniolen Library,Gwynedd Council,Wales,"High Street, Deiniolen",Deiniolen,LL55 3HR,53.146587,-4.124434,LAL,Yes,,,way,402833698,Q47488095,78
Dolgellau Library,Gwynedd Council,Wales,"Ffordd y Bala, Dolgellau",Dolgellau,LL40 2YF,52.745919,-3.879238,LAL,Yes,,https://www.gwynedd.llyw.cymru/en/Residents/Libraries-and-archives/Your-local-library/Dolgellau-library.aspx,way,332654381,,73
Harlech Library,Gwynedd Council,Wales,"2 Bron Y Graig, Harlech",Harlech,LL46 2SW,52.856648,-4.108776,LAL,Yes,,,way,331157075,,38
Llanberis Library,Gwynedd Council,Wales,"Capel-Coch Road, Llanberis",Llanberis,LL55 4SH,53.11858,-4.127476,LAL,Yes,,,way,219492591,,35
Nefyn Library,Gwynedd Council,Wales,"Rhodfa'r Môr, Nefyn",Nefyn,LL53 6EB,52.937092,-4.524558,LAL,Yes,,https://www.gwynedd.llyw.cymru/en/Residents/Libraries-and-archives/Your-local-library/Nefyn-library.aspx,,,,
Penrhyndeudraeth Library,Gwynedd Council,Wales,"Llys Deudraeth, Penrhyndeudraeth",Penrhyndeudraeth,LL48 6BL,52.930151,-4.067221,LAL,Yes,,,way,372125990,Q47488097,45
Penygroes Library,Gwynedd Council,Wales,"Canolfan Dechnoleg Dyffryn Nantlle, Heol Y Dwr",Heol Y Dwr,LL54 6LR,53.05345,-4.283592,LAL,Yes,,https://www.gwynedd.llyw.cymru/en/Residents/Libraries-and-archives/Your-local-library/Penygroes-library.aspx,node,1219132248,,8
Porthmadog Library,Gwynedd Council,Wales,"Healthy Lifestyles Centre and Library - Glaslyn, Stryd y Llan",Stryd y Llan,LL49 9HW,52.930305,-4.135398,LAL,Yes,,https://www.gwynedd.llyw.cymru/en/Residents/Libraries-and-archives/Your-local-library/Porthmadog-library.aspx,,,,
Pwllheli Library,Gwynedd Council,Wales,"Neuadd Dwyfor, Stryd Penlan",Stryd Penlan,LL53 5DE,52.888924,-4.41739,LAL,Yes,,https://www.gwynedd.llyw.cymru/en/Residents/Libraries-and-archives/Your-local-library/Pwllheli-library.aspx,node,1435391172,,43
Tywyn Library,Gwynedd Council,Wales,"Neptune Road, Tywyn",Tywyn,LL36 9HA,52.585919,-4.087789,LAL,Yes,,https://www.gwynedd.llyw.cymru/en/Residents/Libraries-and-archives/Your-local-library/Tywyn-library.aspx,way,135178561,Q47488099,2
Abergele Library,Conwy County Borough Council,Wales,"Market Street, Abergele",Abergele,LL22 7BP,53.284644,-3.586215,LAL,Yes,,http://www.conwy.gov.uk/en/Resident/Libraries-Museums-and-Archives/Libraries/Libraries-and-opening-times/Abergele-Library.aspx,way,117426127,Q47488077,54
Cerrigydrudion Library,Conwy County Borough Council,Wales,"King Street, Cerrigydrudion",Cerrigydrudion,LL21 9TF,53.025634,-3.561054,LAL,Yes,,http://www.conwy.gov.uk/en/Resident/Libraries-Museums-and-Archives/Libraries/Libraries-and-opening-times/Cerrigydrudion-Library.aspx,way,601375964,,34
Colwyn Bay Library,Conwy County Borough Council,Wales,"Woodland Road West, Colwyn Bay",Colwyn Bay,LL29 7DH,53.294172,-3.728599,LAL,Yes,,http://www.conwy.gov.uk/en/Resident/Libraries-Museums-and-Archives/Libraries/Libraries-and-opening-times/Colwyn-Bay-Library.aspx,way,401676155,Q47488078,69
Conwy Library,Conwy County Borough Council,Wales,"Civic Hall, Castle Street",Conwy,LL32 8AY,53.281206,-3.827601,LAL,Yes,,http://www.conwy.gov.uk/en/Resident/Libraries-Museums-and-Archives/Libraries/Libraries-and-opening-times/Conwy-Library.aspx,node,13252678027,Q33075143,77
Kinmel Bay Library,Conwy County Borough Council,Wales,"Community Centre, Kendal Road",Kinmel Bay,LL18 5BT,53.311585,-3.515767,LAL,Yes,,http://www.conwy.gov.uk/en/Resident/Libraries-Museums-and-Archives/Libraries/Libraries-and-opening-times/Kinmel-Bay-Library.aspx,way,323958038,Q47488080,181
Llandudno Library,Conwy County Borough Council,Wales,"Mostyn Street, Llandudno",Llandudno,LL30 2RP,53.323594,-3.82928,LAL,Yes,,http://www.conwy.gov.uk/en/Resident/Libraries-Museums-and-Archives/Libraries/Libraries-and-opening-times/Llandudno-Library.aspx,way,694373997,Q20595614,6
Llanfairfechan Library,Conwy County Borough Council,Wales,"Village Road, Llanfairfechan",Llanfairfechan,LL33 0AA,53.252781,-3.975109,LAL,Yes,,http://www.conwy.gov.uk/en/Resident/Libraries-Museums-and-Archives/Libraries/Libraries-and-opening-times/Llanfairfechan-Library.aspx,way,380208681,Q47488082,18
Llanrwst Library,Conwy County Borough Council,Wales,"Plas yn Dre, Station Road",Llanrwst,LL26 0DF,53.140053,-3.800955,LAL,Yes,,http://www.conwy.gov.uk/en/Resident/Libraries-Museums-and-Archives/Libraries/Libraries-and-opening-times/Llanrwst-Library.aspx,node,3943011518,Q47508754,66
Penmaenmawr Library,Conwy County Borough Council,Wales,"Bangor Road, Penmaenmawr",Penmaenmawr,LL34 6DA,53.267887,-3.922649,LAL,Yes,,http://www.conwy.gov.uk/en/Resident/Libraries-Museums-and-Archives/Libraries/Libraries-and-opening-times/Penmaenmawr-Library.aspx,way,468813927,Q47508755,1
Penrhyn Bay Library,Conwy County Borough Council,Wales,"Llandudno Road, Penrhyn Bay",Penrhyn Bay,LL30 3HN,53.315197,-3.770372,LAL,Yes,,http://www.conwy.gov.uk/en/Resident/Libraries-Museums-and-Archives/Libraries/Libraries-and-opening-times/Penrhyn-Bay-Library.aspx,,,,
Corwen Library,Denbighshire County Council,Wales,"Neuadd Edeyrnion, London Road",Corwen,LL21 0DR,52.979745,-3.36961,LAL,Yes,,,way,619498008,,205
Denbigh Library and Gallery,Denbighshire County Council,Wales,"Hall Square, Denbigh",Denbigh,LL16 3NU,53.183588,-3.418178,LAL,Yes,,,way,309517249,Q47488084,33
Llangollen Library,Denbighshire County Council,Wales,"Y Capel, 19-21 Castle Street",Llangollen,LL20 8NY,52.97,-3.170176,LAL,Yes,,,node,2763951004,,38
Prestatyn Library,Denbighshire County Council,Wales,"21 Kings Avenue, Prestatyn",Prestatyn,LL19 9AA,53.333965,-3.404465,LAL,Yes,,,way,275376238,Q47488085,26
Rhuddlan Library,Denbighshire County Council,Wales,"Vicarage Lane, Rhuddlan",Rhuddlan,LL18 2UE,53.292754,-3.465272,LAL,Yes,,,way,275687067,Q47488086,66
Rhyl Library,Denbighshire County Council,Wales,"Church Street, Rhyl",Rhyl,LL18 3AA,53.321704,-3.48889,LAL,Yes,,,way,153271867,Q47488087,60
Ruthin Library,Denbighshire County Council,Wales,"Record Street, Ruthin",Ruthin,LL15 1DS,53.113615,-3.309375,LAL,Yes,,,way,391472499,,30
St Asaph Library,Denbighshire County Council,Wales,"The Roe, St Asaph",St Asaph,LL17 0LU,53.258178,-3.449894,LAL,Yes,,,way,102757733,Q47488088,88
Bagillt Library,Flintshire County Council,Wales,Bagillt,,CH6 6EQ,53.268515,-3.172196,CL,Yes,,,node,2984169720,,2
Broughton Library,Flintshire County Council,Wales,"Broughton Hall Road, Broughton",Broughton,CH4 0QQ,53.166502,-2.98566,CL,Yes,,,node,264777532,,2
"Buckley Library, Museum and Gallery",Flintshire County Council,Wales,"The Precinct, Deeside",Deeside,CH7 2EF,53.16795,-3.078859,CL,Yes,,https://www.visitwales.com/product/1209159,node,739815515,Q47523086,75
Connah's Quay Library,Flintshire County Council,Wales,"Wepre Drive, Connah'S Quay",Connah'S Quay,CH5 4HA,53.213639,-3.048154,CL,Yes,,,way,298861444,,123
Deeside Library,Flintshire County Council,Wales,"Deeside Leisure Centre, Chester Road West",Queensferry,CH5 1SA,53.20652,-3.026345,CL,Yes,,,,,,
Flint Library,Flintshire County Council,Wales,"Church Street, Flint",Flint,CH6 5AP,53.248535,-3.136669,CL,Yes,,,way,216443957,Q47488089,10
Halkyn Library,Flintshire County Council,Wales,"The Village Hall, Halyn",Halyn,CH8 8BU,53.231548,-3.187036,CL,Yes,,,,,,
Holywell Library,Flintshire County Council,Wales,"Fron Park Road, Holywell",Holywell,CH8 7UZ,53.272553,-3.223952,CL,Yes,,https://aura.wales/libraries/libraries-and-contact-details/,node,313492314,Q47509684,68
Mold Library,Flintshire County Council,Wales,"Earl Road, Mold",Mold,CH7 1AP,53.166729,-3.143256,CL,Yes,,,node,12466073601,Q85673793,29
Mynydd Isa Library,Flintshire County Council,Wales,"Mynydd Isa Community Centre, Mercia Drive",Mynydd Isa,CH7 6UH,53.168764,-3.108933,CL,Yes,,,node,1914429970,Q47509687,83
Brynteg Library,Wrexham County Borough Council,Wales,"The Memorial Centre, Quarry Road",Wrexham,LL11 6AB,53.06856,-3.037061,LAL,Yes,,,,,,
Cefn Mawr Library,Wrexham County Borough Council,Wales,"Plas Kynaston, Cefn Mawr",Cefn Mawr,LL14 3AT,52.971531,-3.073022,LAL,Yes,,,node,2237438203,Q47516724,2
Chirk Library,Wrexham County Borough Council,Wales,"Chapel Lane, Chirk",Chirk,LL14 5NF,52.938011,-3.054664,LAL,Yes,,,way,78533420,Q47488119,28
Coedpoeth Library,Wrexham County Borough Council,Wales,"Plas Pentwyn, Castle Road",Wrexham,LL11 3NA,53.051931,-3.066276,LAL,Yes,,,,,,
Gresford Library,Wrexham County Borough Council,Wales,"Vicarage Lane, Gresford",Gresford,LL12 8UW,53.084441,-2.970302,LAL,Yes,,,node,267770678,,62
Gwersyllt Library,Wrexham County Borough Council,Wales,"Gwersyllt Community Resource Centre, Second Avenue",Wrexham,LL11 4ED,53.071435,-3.022622,LAL,Yes,,http://www.wrexham.gov.uk/english/community/libraries/gwersyllt_library.htm,,,,
Llay Library,Wrexham County Borough Council,Wales,"Market Square, Llay",Llay,LL12 0TR,53.096433,-2.99723,LAL,Yes,,,,,,
Overton Library,Wrexham County Borough Council,Wales,"Cocoa Rooms, Overton",Overton,LL13 0EE,52.96904,-2.934822,LAL,Yes,,,node,11009908740,,4
Rhos Library,Wrexham County Borough Council,Wales,"Princes Road, Rhos",Rhos,LL14 1AB,53.00952,-3.057062,LAL,Yes,,,way,259142860,Q47488120,50
Ruabon Library,Wrexham County Borough Council,Wales,"High Street, Ruabon",Ruabon,LL14 6NH,52.987546,-3.039171,LAL,Yes,,,way,260201685,,113
Wrexham Library,Wrexham County Borough Council,Wales,"Rhosddu Road, Wrexham",Wrexham,LL11 1AU,53.048143,-2.994085,LAL,Yes,,,way,39309003,Q47488121,2
Aberaeron Library,Ceredigion County Council,Wales,"County Hall, Aberaeron",Aberaeron,SA46 0AT,52.242945,-4.259537,LAL,Yes,,http://libraries.ceredigion.gov.uk,node,5347161118,Q47508744,22
Aberystwyth Library,Ceredigion County Council,Wales,"Canolfan Alun.R Edwards, Queens Square",Aberystwyth,SY23 2EB,52.417385,-4.081536,LAL,Yes,,http://libraries.ceredigion.gov.uk,way,150850685,Q27867976,5
Cardigan Library,Ceredigion County Council,Wales,"Council Offices, Morgan Street",Cardigan,SA43 1DG,52.0832111,-4.6585884,LAL,Yes,,http://libraries.ceredigion.gov.uk,node,5139658222,Q47508745,5
Lampeter Library,Ceredigion County Council,Wales,"Market Street, Lampeter",Lampeter,SA48 7DR,52.113663,-4.078907,LAL,Yes,,http://libraries.ceredigion.gov.uk,node,694063684,Q47508747,29
Llandysul Library,Ceredigion County Council,Wales,"Canolfan Ceredigion, Llandysul",Llandysul,SA44 4QS,52.042595,-4.307196,LAL,Yes,,http://libraries.ceredigion.gov.uk,node,5355005789,Q47508748,88
New Quay Library,Ceredigion County Council,Wales,"Uplands Square, New Quay",New Quay,SA45 9QH,52.211765,-4.35988,LAL,Yes,,http://libraries.ceredigion.gov.uk,node,10053769585,Q47508749,115
Crymych Library,Pembrokeshire County Council,Wales,"Preseli School, Crymych",Crymych,SA41 3QF,51.971875,-4.648473,LAL,Yes,,https://www.pembrokeshire.gov.uk/pembrokeshire-libraries/crymych-library,way,403245729,Q47516670,215
Fishguard Library,Pembrokeshire County Council,Wales,"Town Hall, Market Square",Fishguard,SA65 9HA,51.993639,-4.976174,LAL,Yes,,https://www.pembrokeshire.gov.uk/pembrokeshire-libraries/fishguard-library,,,,
Haverfordwest Library,Pembrokeshire County Council,Wales,,,SA61 2AN,51.804014,-4.969378,LAL,Yes,,https://www.pembrokeshire.gov.uk/pembrokeshire-libraries/haverfordwest-library-and-information-centre,node,1196712556,Q47516673,91
Milford Haven Library,Pembrokeshire County Council,Wales,"Cedar Court, Haven's Head Business Park",Milford Haven,SA73 3JP,51.711937,-5.030854,LAL,Yes,,https://www.pembrokeshire.gov.uk/pembrokeshire-libraries/milford-haven-library-and-information-centre,,,,
Narberth Library,Pembrokeshire County Council,Wales,"St James Street, Narberth",Narberth,SA67 7BU,51.79917,-4.740682,LAL,Yes,,https://www.pembrokeshire.gov.uk/pembrokeshire-libraries/narberth-community-library,,,,
Newport Community Library,Pembrokeshire County Council,Wales,"Bank House, Bridge Street",Newport,SA42 0TB,52.016119,-4.833935,LAL,Yes,,https://www.pembrokeshire.gov.uk/pembrokeshire-libraries/newport-community-library,,,,
Neyland Library,Pembrokeshire County Council,Wales,"St Clements Road, Neyland",Neyland,SA73 1SH,51.706864,-4.948036,LAL,Yes,,https://www.pembrokeshire.gov.uk/pembrokeshire-libraries/neyland-library-and-customer-service-centre,node,2645687585,Q47523167,111
Pembroke Dock Library,Pembrokeshire County Council,Wales,"Water Street, Pembroke",Pembroke,SA72 6DW,51.695134,-4.93914,LAL,Yes,,http://www.pembrokeshire.gov.uk/content.asp?nav=2%2C107%2C108,node,7055814712,Q47488106,64
Pembroke Library,Pembrokeshire County Council,Wales,"38 Main Street, Pembroke",Pembroke,SA71 4NP,51.675982,-4.916604,LAL,Yes,,https://www.pembrokeshire.gov.uk/pembrokeshire-libraries/pembroke-library-and-information-centre,way,1493746592,Q47523168,126
Saundersfoot Library,Pembrokeshire County Council,Wales,"Regency Hall, Saundersfoot",Saundersfoot,SA69 9NG,51.710508,-4.701252,LAL,Yes,,https://www.pembrokeshire.gov.uk/pembrokeshire-libraries/saundersfoot-library-and-information-centre,node,4693256385,Q47516674,14
St Davids Library,Pembrokeshire County Council,Wales,"City Hall, High Street",St Davids,SA62 6SD,51.880657,-5.263979,LAL,Yes,,https://www.pembrokeshire.gov.uk/pembrokeshire-libraries/st-davids-library,node,10001810687,,32
Tenby Library,Pembrokeshire County Council,Wales,"Greenhill House, Tenby",Tenby,SA70 7LB,51.673254,-4.705297,LAL,Yes,,https://www.pembrokeshire.gov.uk/pembrokeshire-libraries/tenby-library,node,8455804769,,62
Ammanford Library,Carmarthenshire County Council,Wales,"3 Wind Street, Ammanford",Ammanford,SA18 3DN,51.79209,-3.989651,LAL,Yes,,http://www.carmarthenshire.gov.wales/home/residents/libraries-archives/find-a-library/ammanford-library.aspx#.Wku34o_XLIU,node,12718732039,Q47506150,79
Bedol Library,Carmarthenshire County Council,Wales,"Ysgol y Bedol, Folland Road",Garnant,SA18 2GB,51.80511,-3.905132,LAL,Yes,,,,,,
Brynaman Library,Carmarthenshire County Council,Wales,"Community Centre, Cwmgarw Road",Brynaman,SA18 1BU,51.812582,-3.864246,LAL,Yes,,,,,,
Burry Port Library,Carmarthenshire County Council,Wales,"Brynmor House, Carway Street",Burry Port,SA16 0AE,51.684939,-4.252483,LAL,Yes,,http://www.carmarthenshire.gov.wales/home/residents/libraries-archives/find-a-library/burry-port-library.aspx#.Wk5ZYY_XLIU,node,295862440,Q47508174,94
Carmarthen Library,Carmarthenshire County Council,Wales,"St Peters Street, Carmarthen",Carmarthen,SA31 1LN,51.858362,-4.302659,LAL,Yes,,http://www.carmarthenshire.gov.wales/home/residents/libraries-archives/find-a-library/carmarthen-library/,way,294267319,Q29488350,65
Cross Hands Library,Carmarthenshire County Council,Wales,"Carmarthen Road, Cross Hands",Cross Hands,SA14 6SU,51.798848,-4.090974,LAL,Yes,,http://www.carmarthenshire.gov.wales/home/residents/libraries-archives/find-a-library/cross-hands-library.aspx#.Wk5af4_XLIU,,,,
Garnant Library,Carmarthenshire County Council,Wales,"77 Cwmamman Road, Garnant",Garnant,SA18 1ND,51.801064,-3.901742,LAL,Yes,,,,,,
Kidwelly Library,Carmarthenshire County Council,Wales,"Princess Gwenllian Centre, Hillfield Villas",Hillfield Villas,SA17 4UL,51.736041,-4.312365,LAL,Yes,,http://www.carmarthenshire.gov.wales/home/residents/libraries-archives/find-a-library/kidwelly-library.aspx#.Wk_xdUx2vIU,,,,
Llandeilo Library,Carmarthenshire County Council,Wales,"Crescent Road, Llandeilo",Llandeilo,SA19 6HN,51.883441,-3.990351,LAL,Yes,,http://www.carmarthenshire.gov.wales/home/residents/libraries-archives/find-a-library/llandeilo-library.aspx#.Wk_0Dkx2vIU,way,317594045,Q47488074,117
Llandovery Library,Carmarthenshire County Council,Wales,"Town Hall, Market Square",Llandovery,SA20 0AA,51.993929,-3.796757,LAL,Yes,,http://www.carmarthenshire.gov.wales/home/residents/libraries-archives/find-a-library/llandovery-library/,node,12579309859,,77
Llanelli Library,Carmarthenshire County Council,Wales,"Vaughan Street, Llanelli",Llanelli,SA15 3AS,51.683142,-4.161962,LAL,Yes,,http://www.carmarthenshire.gov.wales/home/residents/libraries-archives/find-a-library/llanelli-library/,node,12288690459,Q29490243,5
Llangennech Library,Carmarthenshire County Council,Wales,"Community Centre, Rear of Hendre Road",Nr. Old Bridge Inn,SA14 8TH,51.691921,-4.086779,LAL,Yes,,http://www.carmarthenshire.gov.wales/home/residents/libraries-archives/find-a-library/llangennech-library.aspx#.Wk_3KUx2vIU,,,,
Llanybydder Library,Carmarthenshire County Council,Wales,"Day Centre, Market Square",Llanybydder,SA40 9TY,52.071554,-4.158357,LAL,Yes,,,,,,
Llwynhendy Library,Carmarthenshire County Council,Wales,"Heol Elfed, Llwynhendy",Llwynhendy,SA14 9HH,51.68106,-4.119796,LAL,Yes,,http://www.carmarthenshire.gov.wales/home/residents/libraries-archives/find-a-library/llwynhendy-library.aspx#.Wk_5EEx2vIU,way,157009766,Q47488076,118
Newcastle Emlyn Library,Carmarthenshire County Council,Wales,"Church Lane, Newcastle Emlyn",Newcastle Emlyn,SA38 9AB,52.03892,-4.468517,LAL,Yes,,http://www.carmarthenshire.gov.wales/home/residents/libraries-archives/find-a-library/newcastle-emlyn-library.aspx#.Wk_6lEx2vIU,way,318891060,Q47508183,31
Pembrey Library,Carmarthenshire County Council,Wales,"The Old School, Ashburnham Road",Pembrey,SA16 0TP,51.685825,-4.273215,LAL,Yes,,http://www.carmarthenshire.gov.wales/home/residents/libraries-archives/find-a-library/pembrey-library.aspx#.Wk_7BUx2vIU,,,,
Pontyberem Library,Carmarthenshire County Council,Wales,"Memorial Hall, Coalbrook Road",Pontyberem,SA15 5HH,51.728616,-4.193601,LAL,Yes,,,,,,
St. Clears Library,Carmarthenshire County Council,Wales,"The Gate, Pentre Road",Carmarthen,SA33 4AA,51.819872,-4.495747,LAL,Yes,,http://www.carmarthenshire.gov.wales/home/residents/libraries-archives/find-a-library/st-clears-library.aspx#.Wk_8cUx2vIU,way,935177694,Q47508701,121
Whitland Library,Carmarthenshire County Council,Wales,"Town Hall, King Edward Street",Carmarthen,SA34 0AG,51.81963,-4.614745,LAL,Yes,,http://www.carmarthenshire.gov.wales/home/residents/libraries-archives/find-a-library/whitland-library.aspx,,,,
Bonymaen Library,City and County of Swansea Council,Wales,"Bonymaen Community Centre, Bonymaen Road",Bonymaen,SA1 7AW,51.63971,-3.919811,LAL,Yes,,https://www.swansea.gov.uk/bonymaenlibrary?contactid=2158,,,,
Brynhyfryd Library,City and County of Swansea Council,Wales,"Llangyfelach Road, Brynhyfryd",Brynhyfryd,SA5 9LH,51.641902,-3.944531,LAL,Yes,,https://www.swansea.gov.uk/brynhyfrydlibrary?contactid=2158,way,725709848,Q47516698,99
Clydach Library,City and County of Swansea Council,Wales,"High Street, Clydach",Clydach,SA6 5LN,51.695862,-3.892451,LAL,Yes,,https://www.swansea.gov.uk/clydachlibrary?contactid=2158,node,12657425745,,159
Fforestfach Library,City and County of Swansea Council,Wales,"Kings Head Road, Gendros",Gendros,SA5 8DA,51.640229,-3.972584,LAL,Yes,,https://www.swansea.gov.uk/fforestfachlibrary?contactid=2158,node,761342399,,18
Gorseinon Library,City and County of Swansea Council,Wales,"15 West Street, Gorseinon",Gorseinon,SA4 4AA,51.668171,-4.04115,LAL,Yes,,https://www.swansea.gov.uk/gorseinonlibrary?contactid=2158,way,514298900,Q47516701,1
Gowerton Library,City and County of Swansea Council,Wales,"Mansel Street, Gowerton",Gowerton,SA4 3BU,51.646781,-4.041644,LAL,Yes,,https://www.swansea.gov.uk/gowertonlibrary?contactid=2158,node,569204288,Q47516702,55
Killay Library,City and County of Swansea Council,Wales,"St Hillary's Church Hall, Gower Road",Swansea,SA2 7QS,51.618237,-4.023378,LAL,Yes,,https://www.swansea.gov.uk/killaylibrary?contactid=2158,way,96001101,Q47523179,73
Llansamlet Library,City and County of Swansea Council,Wales,"242 Peniel Green Road, Llansamlet",Llansamlet,SA7 9BD,51.661386,-3.887948,LAL,Yes,,https://www.swansea.gov.uk/llansamletlibrary?contactid=2158,,,,
Morriston Library,City and County of Swansea Council,Wales,"Treharne Road, Morriston",Morriston,SA6 7AA,51.666931,-3.926677,LAL,Yes,,https://www.swansea.gov.uk/morristonlibrary?contactid=2158,node,3539548344,,100
Oystermouth Library,City and County of Swansea Council,Wales,"Dunns Lane, Mumbles",Mumbles,SA3 4AA,51.574866,-3.999703,LAL,Yes,,http://www.swansea.gov.uk/oystermouthlibrary,way,1080340578,Q29499752,52
Penlan Library,City and County of Swansea Council,Wales,"Heol Frank, Penlan",Penlan,SA5 7AH,51.648062,-3.95912,LAL,Yes,,https://www.swansea.gov.uk/penlanlibrary?contactid=2158,way,129215718,Q47488115,128
Pennard Library,City and County of Swansea Council,Wales,"Pennard Road, Southgate",Southgate,SA3 2AD,51.575638,-4.08325,LAL,Yes,,https://www.swansea.gov.uk/pennardlibrary?contactid=2158,,,,
Pontarddulais Library,City and County of Swansea Council,Wales,"St Michaels Avenue, Pontarddulais",Pontarddulais,SA4 8TE,51.715447,-4.042217,LAL,Yes,,https://www.swansea.gov.uk/pontarddulaislibrary?contactid=2158,,,,
Sketty Library,City and County of Swansea Council,Wales,"Vivian Road, Sketty",Sketty,SA2 0UN,51.62083,-3.984213,LAL,Yes,,https://www.swansea.gov.uk/skettylibrary?contactid=2158,way,130998366,Q47488117,86
St Thomas Library,City and County of Swansea Council,Wales,"Grenfell Park Road, St Thomas",St Thomas,SA1 8EZ,51.62406,-3.924914,LAL,Yes,,https://www.swansea.gov.uk/stthomaslibrary?contactid=2158,node,1360913005,,140
Swansea Central Library,City and County of Swansea Council,Wales,"Civic Centre, Oystermouth Road",Swansea,SA1 3SN,51.6137236,-3.9483705,LAL,Yes,,https://www.swansea.gov.uk/centrallibrary?contactid=2158,node,311305640,Q47523182,50
Townhill Library,City and County of Swansea Council,Wales,"Phoenix Centre, Paradise Park",Townhill,SA1 6PH,51.626141,-3.96731,LAL,Yes,,https://www.swansea.gov.uk/townhilllibrary?contactid=2158,,,,
Baglan Library,Neath Port Talbot County Borough Council,Wales,"Laurel Avenue, Baglan",Baglan,SA12 8PA,51.621353,-3.805574,LAL,Yes,,https://www.npt.gov.uk/5729,node,408757624,Q47516663,82
Blaengwynfi Library,Neath Port Talbot County Borough Council,Wales,"Library & Public Hall, Jersey Road",Blaengwynfi,SA13 3TD,51.655757,-3.601955,LAL,Yes,,,,,,
Briton Ferry Library,Neath Port Talbot County Borough Council,Wales,"Neath Road, Briton Ferry",Briton Ferry,SA11 2AQ,51.633972,-3.817363,LAL,Yes,,https://www.npt.gov.uk/5731,node,605439564,Q29500447,137
Cwmafan Library,Neath Port Talbot County Borough Council,Wales,"Depot Road, Cwmafan",Cwmafan,SA12 9DF,51.615982,-3.758373,LAL,Yes,,https://www.npt.gov.uk/5732,node,13708560445,,33
Cwmllynfell Library,Neath Port Talbot County Borough Council,Wales,"18 Gwilym Road, Cwmllynfell",Cwmllynfell,SA9 2FG,51.798998,-3.817537,LAL,Yes,,,,,,
Cymmer Afan Library,Neath Port Talbot County Borough Council,Wales,"Street Road, Port Talbot",Port Talbot,SA13 3HR,51.652361,-3.647011,LAL,Yes,,,node,1172831787,,84
Glynneath Library,Neath Port Talbot County Borough Council,Wales,"Park Avenue, Glynneath",Glynneath,SA11 5DW,51.74562,-3.625861,LAL,Yes,,https://www.npt.gov.uk/5735,way,71915327,Q47488101,31
Pontardawe Library,Neath Port Talbot County Borough Council,Wales,"Holly Street, Pontardawe",Pontardawe,SA8 4ET,51.7204,-3.849651,LAL,Yes,,https://www.npt.gov.uk/5740,node,1512221359,Q47488075,43
Port Talbot Library,Neath Port Talbot County Borough Council,Wales,"1st Floor, Aberafan Shopping Centre",Aberafan Shopping Centre,SA13 1PB,51.596952,-3.785564,LAL,Yes,,https://www.npt.gov.uk/5742,node,12031109419,,37
Resolven Library,Neath Port Talbot County Borough Council,Wales,"Neath Road, Resolven",Resolven,SA11 4AA,51.709548,-3.694941,LAL,Yes,,,way,101736702,Q47488102,69
Sandfields Library,Neath Port Talbot County Borough Council,Wales,"Morrison Road, Sandfields",Sandfields,SA12 6TG,51.598732,-3.810568,LAL,Yes,,https://www.npt.gov.uk/5746,,,,
Seven Sisters Library,Neath Port Talbot County Borough Council,Wales,"Seven Sisters Community Hall, Brynhyfryd Terrace",Seven Sisters,SA10 9BA,51.767329,-3.708975,LAL,Yes,,,node,1625946190,,78
Skewen Library,Neath Port Talbot County Borough Council,Wales,"New Road, Skewen",Skewen,SA10 6UU,51.660848,-3.839677,LAL,Yes,,https://www.npt.gov.uk/5748,node,13574659593,Q47488103,74
Taibach Library,Neath Port Talbot County Borough Council,Wales,"Commercial Road, Taibach",Taibach,SA13 1LN,51.585655,-3.770655,LAL,Yes,,http://www.taibachlibrary.org.uk/,way,1466715508,Q29499980,91
Y Lolfa (Gwaun Cae Gurwen),Neath Port Talbot County Borough Council,Wales,"New Community Hall, New Road",Gwaun Cae Gurwen,SA18 1UN,51.79304,-3.87507,LAL,Yes,,,,,,
Ystalyfera Library,Neath Port Talbot County Borough Council,Wales,"72 Commercial Road, Ystalyfera",Ystalyfera,SA9 2HS,51.765953,-3.785008,LAL,Yes,,,,,,
Aberkenfig Library,Bridgend County Borough Council,Wales,"Heol y Llyfrau, Aberkenfig",Aberkenfig,CF32 9PT,51.551227,-3.569765,CL,Yes,,http://www.awen-libraries.com/aberkenfig-library/,,,,
Betws Library,Bridgend County Borough Council,Wales,"Betws Centre, Betws",Betws,CF32 8TB,51.567361,-3.588112,CL,Yes,,http://www.awen-libraries.com/betws-library/,,,,
Blaengarw Library,Bridgend County Borough Council,Wales,"Blaengarw Infants School, Station Street",Blaengarw,CF32 8BA,51.623819,-3.587699,CL,Yes,,,,,,
Bridgend Library,Bridgend County Borough Council,Wales,"Bridgend Life Centre, Angel Street",Bridgend,CF31 4AH,51.503856,-3.581034,CL,Yes,,http://www.awen-libraries.com/bridgend-library/,,,,
Maesteg Library,Bridgend County Borough Council,Wales,"North's Lane, Maesteg",Maesteg,CF34 9AA,51.608395,-3.657696,CL,Yes,,http://www.awen-libraries.com/maesteg-library/,,,,
Ogmore Vale Library,Bridgend County Borough Council,Wales,"Ogmore Valley Life Centre, Cwrt Gwalia",Cwrt Gwalia,CF32 7AJ,51.604802,-3.541736,CL,Yes,,http://www.awen-libraries.com/ogmore-vale-library/,,,,
Pencoed Library,Bridgend County Borough Council,Wales,"Penybont Road, Pencoed",Pencoed,CF35 5RA,51.525247,-3.498337,CL,Yes,,http://www.awen-libraries.com/pencoed-library/,node,262469152,,84
Pontycymer Library,Bridgend County Borough Council,Wales,"107 Oxford Street, Pontycymer",Pontycymer,CF32 8DE,51.607621,-3.582454,CL,Yes,,http://www.awen-libraries.com/pontycymer-library/,,,,
Porthcawl Library,Bridgend County Borough Council,Wales,"Church Place, Porthcawl",Porthcawl,CF36 3AG,51.479349,-3.705041,CL,Yes,,http://www.awen-libraries.com/porthcawl-library/,node,701748420,Q47506044,46
Pyle Life Centre,Bridgend County Borough Council,Wales,"Pyle Life Centre, Helig Fan",Helig Fan,CF33 6BS,51.529005,-3.690115,CL,Yes,,http://www.awen-libraries.com/pyle-library/,way,961670606,,14
Sarn Library,Bridgend County Borough Council,Wales,"Lifelong learning Centre, Merfield Close",Bridgend,CF32 9SW,51.541522,-3.58316,CL,Yes,,http://www.awen-libraries.com/sarn-library/,,,,
Ty'r Ardd Library,Bridgend County Borough Council,Wales,"Ty'r Ardd, Sunnyside",Sunnyside,CF31 4AR,51.5049244,-3.5831608,CL,Yes,,,,,,
Y Llynfi Library,Bridgend County Borough Council,Wales,"Maesteg Sports Centre, Old Forge Site",Old Forge Site,CF34 9EB,51.608952,-3.663838,CL,Yes,,http://www.awen-libraries.com/y-llynfi-library/,,,,
Cowbridge Library,Vale of Glamorgan Council,Wales,"Old Hall, High Street",Cowbridge,CF71 7AH,51.46214,-3.45032,LAL,Yes,,,way,839941589,Q47488118,72
Dinas Powys Library,Vale of Glamorgan Council,Wales,"Fairoaks, The Murch",The Murch,CF64 4QU,51.432407,-3.211581,LAL,Yes,,,node,919642268,,176
Llantwit Major Library,Vale of Glamorgan Council,Wales,"Boverton Rd, Llantwit Major",Llantwit Major,CF61 1XZ,51.408489,-3.482136,LAL,Yes,,,node,540782502,Q47516718,171
Penarth Library,Vale of Glamorgan Council,Wales,"Stanwell Road, Penarth",Penarth,CF64 2YT,51.437409,-3.173372,LAL,Yes,,,way,90271469,Q29491451,12
Rhoose Library,Vale of Glamorgan Council,Wales,"Fontygary Road, Rhoose",Rhoose,CF62 3DS,51.388997,-3.351841,LAL,Yes,,,way,492305084,Q47516719,71
St Athan Library,Vale of Glamorgan Council,Wales,"Old Primary School, St Athan",St Athan,CF62 4PL,51.4023,-3.41398,LAL,Yes,,,way,415840761,Q47516721,0
Sully and Lavernock Library,Vale of Glamorgan Council,Wales,"BP Sports & Social Club, South Road",Penarth,CF64 5SP,51.403909,-3.208293,LAL,Yes,,,way,908801446,,28
Wenvoe Library,Vale of Glamorgan Council,Wales,"Springfield Close, Wenvoe",Wenvoe,CF5 6AN,51.447323,-3.264583,LAL,Yes,,,,,,
Cardiff Central Library,City of Cardiff Council,Wales,"The Hayes, Cardiff",Cardiff,CF10 1FL,51.477441,-3.176093,LAL,Yes,,,node,7874013371,Q3398824,70
Cathays Library,City of Cardiff Council,Wales,"Fairoak Road, Cathays",Cathays,CF24 4PW,51.497378,-3.182158,LAL,Yes,,https://www.cardiff.gov.uk/ENG/resident/Libraries-and-archives/Find-a-library/Pages/Cathays-Library.aspx,node,10106845635,Q17741298,4
Ely & Caerau Hub,City of Cardiff Council,Wales,"1 Cowbridge Road West, Cardiff",Cardiff,CF5 5BQ,51.481786,-3.235356,LAL,Yes,,,,,,
Fairwater Library,City of Cardiff Council,Wales,"Doyle Avenue, Fairwater",Fairwater,CF5 3HU,51.49065,-3.238212,LAL,Yes,,https://www.cardiff.gov.uk/ENG/resident/Libraries-and-archives/Find-a-library/Pages/Fairwater-Library.aspx,node,10107286230,Q47488066,136
Grangetown Library,City of Cardiff Council,Wales,"Redlaver Street, Grangetown",Grangetown,CF11 7LY,51.468643,-3.187188,LAL,Yes,,,,,,
Llandaff North Library,City of Cardiff Council,Wales,"Gabalfa Avenue, Llandaff North",Llandaff North,CF14 2HU,51.502614,-3.223206,LAL,Yes,,,,,,
Llanedeyrn Library,City of Cardiff Council,Wales,"The Powerhouse Hub, Roundwood",Roundwood,CF23 9PN,51.512856,-3.152074,LAL,Yes,,,node,1340947562,Q47506145,71
Llanishen Library,City of Cardiff Council,Wales,"Llanishen Hub, 11 Station Road",Cardiff,CF14 5LS,51.529478,-3.187588,LAL,Yes,,,,,,
Llanrumney Library,City of Cardiff Council,Wales,"Countisbury Avenue, Llanrumney",Llanrumney,CF3 5NQ,51.521859,-3.119271,LAL,Yes,,,,,,
Penylan Library,City of Cardiff Council,Wales,"Penylan Road, Penylan",Penylan,CF23 5HW,51.496462,-3.164164,LAL,Yes,,https://www.cardiff.gov.uk/ENG/resident/Libraries-and-archives/Find-a-library/Pages/Penylan-Library.aspx,node,10107298464,Q47488070,70
Radyr Library,City of Cardiff Council,Wales,"Park Road, Radyr",Radyr,CF15 8DF,51.51859,-3.257404,LAL,Yes,,https://www.cardiff.gov.uk/ENG/resident/Libraries-and-archives/Find-a-library/Pages/Radyr-Library.aspx,node,10107298465,Q47488071,20
Rhiwbina Library,City of Cardiff Council,Wales,"Pen-y-Dre, Rhiwbina",Rhiwbina,CF14 6EH,51.521473,-3.212359,LAL,Yes,,https://www.cardiff.gov.uk/ENG/resident/Libraries-and-archives/Find-a-library/Pages/Rhiwbina-Library.aspx,node,10107298552,Q47488072,58
Rhydypennau Library,City of Cardiff Council,Wales,"Llandennis Road, Rhydypennau",Rhydypennau,CF23 6EG,51.518981,-3.177197,LAL,Yes,,,way,119311666,Q47488073,74
Rumney Library,City of Cardiff Council,Wales,"Llanstephan Road, Rumney",Rumney,CF3 3JA,51.507999,-3.12066,LAL,Yes,,,,,,
STAR Library,City of Cardiff Council,Wales,"Muirton Road, Cardiff",Cardiff,CF24 2SJ,51.485251,-3.1428,LAL,Yes,,https://www.cardiff.gov.uk/ENG/resident/Libraries-and-archives/Find-a-library/Pages/Splott-Library.aspx,node,531609907,,89
St Mellons Library,City of Cardiff Council,Wales,"Crickhowell Road, St Mellons",St Mellons,CF3 0EF,51.525407,-3.101736,LAL,Yes,,,,,,
Tongwynlais Library,City of Cardiff Council,Wales,"Tanyard Day Centre, Tongwynlais",Tongwynlais,CF15 7NP,51.530948,-3.252107,LAL,Yes,,https://www.cardiff.gov.uk/ENG/resident/Libraries-and-archives/Find-a-library/Pages/Tongwynlais-Library.aspx,,,,
Whitchurch Library,City of Cardiff Council,Wales,"Park Road, Whitchurch",Whitchurch,CF14 7XA,51.515998,-3.2254243,LAL,Yes,,,,,,
Abercynon Library,Rhondda Cynon Taf County Borough Council,Wales,"Ynysmeurig Road, Abercynon",Abercynon,CF45 4SU,51.646531,-3.329048,LAL,Yes,,http://www.rctcbc.gov.uk/EN/Resident/Libraries/Librarylocationsandopeninghours/AbercynonLibrary.aspx,,,,
Aberdare Library,Rhondda Cynon Taf County Borough Council,Wales,"Green Street, Aberdare",Aberdare,CF44 7AG,51.7130293,-3.448125,LAL,Yes,,http://www.rctcbc.gov.uk/EN/Resident/Libraries/Librarylocationsandopeninghours/AberdareLibrary.aspx,way,97370440,Q47488110,10
Beddau Library,Rhondda Cynon Taf County Borough Council,Wales,"Tynant Road, Beddau",Beddau,CF38 2DA,51.556452,-3.354507,LAL,Yes,,,way,57684194,Q47488111,46
Church Village Library,Rhondda Cynon Taf County Borough Council,Wales,"Garth Olwg Community Campus, Off St Illtyd’s Road",Church Village,CF38 1RQ,51.565568,-3.32233,LAL,Yes,,http://www.rctcbc.gov.uk/EN/Resident/Libraries/Librarylocationsandopeninghours/ChurchVillageLibrary.aspx,,,,
Ferndale Library,Rhondda Cynon Taf County Borough Council,Wales,"High Street, Ferndale",Ferndale,CF43 4RH,51.662204,-3.449062,LAL,Yes,,http://www.rctcbc.gov.uk/EN/Resident/Libraries/Librarylocationsandopeninghours/FerndaleLibrary.aspx,node,10171854590,,100
Hirwaun Library,Rhondda Cynon Taf County Borough Council,Wales,"High Street, Hirwaun",Hirwaun,CF44 9SW,51.738878,-3.510447,LAL,Yes,,http://www.rctcbc.gov.uk/EN/Resident/Libraries/Librarylocationsandopeninghours/HirwaunLibrary.aspx,way,1283907330,Q47516688,1
Llantrisant Library,Rhondda Cynon Taf County Borough Council,Wales,"Llantrisant Community Library, Llantrisant Leisure Centre",Llantrisant Leisure Centre,CF72 8EB,51.542177,-3.374457,LAL,Yes,,http://www.rctcbc.gov.uk/EN/Resident/Libraries/Librarylocationsandopeninghours/LlantrisantLibrary.aspx,,,,
Maerdy Library,Rhondda Cynon Taf County Borough Council,Wales,"Library, Dyfodwg Street",Treorchy,CF42 6NN,51.659027,-3.508299,LAL,Yes,,,way,795345276,Q47515050,121
Mountain Ash Library,Rhondda Cynon Taf County Borough Council,Wales,"Knight Street, Mountain Ash",Mountain Ash,CF45 3EY,51.682427,-3.379325,LAL,Yes,,http://www.rctcbc.gov.uk/EN/Resident/Libraries/Librarylocationsandopeninghours/MountainAshLibrary.aspx,node,1566548411,Q47516690,31
Pontyclun Library,Rhondda Cynon Taf County Borough Council,Wales,"Heol-y-Felin, Pontyclun",Pontyclun,CF72 9BE,51.520181,-3.393399,LAL,Yes,,http://www.rctcbc.gov.uk/EN/Resident/Libraries/Librarylocationsandopeninghours/PontyclunLibrary.aspx,node,697330718,Q50139711,82
Pontypridd Library,Rhondda Cynon Taf County Borough Council,Wales,"Library Road, Pontypridd",Pontypridd,CF37 2DY,51.603498,-3.3421426,LAL,Yes,,,,,,
Porth Library,Rhondda Cynon Taf County Borough Council,Wales,"Porth Plaza, Pontypridd Road",Porth,CF39 9PG,51.610376,-3.404475,LAL,Yes,,http://www.rctcbc.gov.uk/EN/Resident/Libraries/Librarylocationsandopeninghours/PorthLibrary.aspx,way,104478386,Q29494723,36
Rhydyfelin Library,Rhondda Cynon Taf County Borough Council,Wales,"Poplar Road, Rhydyfelin",Rhydyfelin,CF37 5LR,51.584034,-3.311435,LAL,Yes,,https://www.rctcbc.gov.uk/EN/Resident/Libraries/Librarylocationsandopeninghours/RhydyfelinLibrary.aspx,,,,
Taffs Well Library,Rhondda Cynon Taf County Borough Council,Wales,"Scimitar Court, Cardiff Road",Taff's Well,CF15 7RF,51.542227,-3.267673,LAL,Yes,,,,,,
Tonypandy Library,Rhondda Cynon Taf County Borough Council,Wales,"De Winton Street, Tonypandy",Tonypandy,CF40 2QZ,51.624882,-3.457252,LAL,Yes,,http://www.rctcbc.gov.uk/EN/Resident/Libraries/Librarylocationsandopeninghours/TonypandyLibrary.aspx,way,104418378,Q47488114,46
Tonyrefail Library,Rhondda Cynon Taf County Borough Council,Wales,"Porth Street, Porth",Porth,CF39 9RT,51.612941,-3.409309,LAL,Yes,,,,,,
Treherbert Library,Rhondda Cynon Taf County Borough Council,Wales,"Bute Street, Treorchy",Treorchy,CF42 5NR,51.673549,-3.533281,LAL,Yes,,,,,,
Treorchy Library,Rhondda Cynon Taf County Borough Council,Wales,"Station Road, Treorchy",Treorchy,CF42 6NN,51.659027,-3.508299,LAL,Yes,,https://www.rctcbc.gov.uk/EN/Resident/Libraries/Librarylocationsandopeninghours/TreorchyLibrary.aspx,node,2461570599,,121
Aberbargoed Library,Caerphilly County Borough Council,Wales,"Pant Street, Aberbargoed",Aberbargoed,CF81 9BB,51.694447,-3.223747,LAL,Yes,,http://www.caerphilly.gov.uk/Services/Libraries/Library-locations-and-opening-times/Aberbargoed-library,node,10183079597,,24
Abercarn Library,Caerphilly County Borough Council,Wales,"1 Duffryn Court, Abercarn.",Abercarn.,NP11 5DT,51.646831,-3.134661,LAL,Yes,,http://www.caerphilly.gov.uk/Services/Libraries/Library-locations-and-opening-times/Abercarn-library.aspx,way,1036110430,Q47506136,4
Abertridwr Library,Caerphilly County Borough Council,Wales,"Aberfawr Road, Abertridwr",Abertridwr,CF83 4EJ,51.594717,-3.268865,LAL,Yes,,http://www.caerphilly.gov.uk/Services/Libraries/Library-locations-and-opening-times/Abertridwr-library.aspx,node,2536778119,Q47523009,42
Bargoed Library,Caerphilly County Borough Council,Wales,"Hanbury Chapel, 6a Hanbury Road",Bargoed. CF81 8QR,CF81 8QQ,51.688115,-3.229913,LAL,Yes,,http://www.caerphilly.gov.uk/Services/Libraries/Library-locations-and-opening-times/Bargoed-library.aspx,way,987493312,,221
Bedwas Library,Caerphilly County Borough Council,Wales,"Newport Road, Bedwas",Bedwas,CF83 8BJ,51.590609,-3.191506,LAL,Yes,,http://www.caerphilly.gov.uk/Services/Libraries/Library-locations-and-opening-times/Bedwas-library.aspx,node,10140474161,Q47488063,30
Blackwood Library,Caerphilly County Borough Council,Wales,"192 High Street, Blackwood",Blackwood,NP12 1AJ,51.663685,-3.193249,LAL,Yes,,http://www.caerphilly.gov.uk/Services/Libraries/Library-locations-and-opening-times/Blackwood-library.aspx,way,776600390,Q47523010,56
Caerphilly Library,Caerphilly County Borough Council,Wales,"The Twyn, Caerphilly",Caerphilly,CF83 1JL,51.574488,-3.217737,LAL,Yes,,http://www.caerphilly.gov.uk/Services/Libraries/Library-locations-and-opening-times/Caerphilly-library.aspx,way,106447747,Q47488064,39
Deri Library,Caerphilly County Borough Council,Wales,"Bailey Street, Deri",Deri,CF81 9HT,51.708658,-3.265318,LAL,Yes,,http://www.caerphilly.gov.uk/Services/Libraries/Library-locations-and-opening-times/Deri-library.aspx,way,1056716829,Q47506138,63
Llanbradach Library,Caerphilly County Borough Council,Wales,"School Street, Llanbradach",Llanbradach,CF83 3LP,51.604864,-3.230463,LAL,Yes,,http://www.caerphilly.gov.uk/Services/Libraries/Library-locations-and-opening-times/Llanbradach-library.aspx,way,1243297830,,155
Machen Library,Caerphilly County Borough Council,Wales,"Village Hall & Social Centre, Machen",Machen,CF83 8ND,51.595024,-3.144514,LAL,Yes,,http://www.caerphilly.gov.uk/Services/Libraries/Library-locations-and-opening-times/Machen-library.aspx,node,10797025896,Q47488065,128
Nelson Library,Caerphilly County Borough Council,Wales,"Commercial Street, Nelson",Nelson,CF46 6NF,51.65084,-3.28195,LAL,Yes,,http://www.caerphilly.gov.uk/Services/Libraries/Library-locations-and-opening-times/Nelson-library.aspx,node,1312668397,Q47523012,64
Newbridge Library,Caerphilly County Borough Council,Wales,"Newbridge Memo, High Street",Newbridge.,NP11 4FH,51.664445,-3.146769,LAL,Yes,,http://www.caerphilly.gov.uk/Services/Libraries/Library-locations-and-opening-times/Newbridge-library.aspx,,,,
New Tredegar Library,Caerphilly County Borough Council,Wales,"Whiterose Learning and Resource Centre, School Street",Elliottown,NP24 6EF,51.71696,-3.235024,LAL,Yes,,http://www.caerphilly.gov.uk/Services/Libraries/Library-locations-and-opening-times/New-Tedegar-library.aspx,,,,
Oakdale Library,Caerphilly County Borough Council,Wales,"Cwrt Cwmderwen, Oakdale",Oakdale,NP12 0HN,51.678686,-3.178746,LAL,Yes,,http://www.caerphilly.gov.uk/Services/Libraries/Library-locations-and-opening-times/Oakdale-library.aspx,node,1313473863,Q47523014,11
Pengam Library,Caerphilly County Borough Council,Wales,"Ivor Street, Pengam",Pengam,NP12 3AB,51.664935,-3.223207,LAL,Yes,,http://www.caerphilly.gov.uk/Services/Libraries/Library-locations-and-opening-times/Pengam-library.aspx,,,,
Rhymney Library,Caerphilly County Borough Council,Wales,"Victoria Road, Rhymney",Rhymney,NP22 5NU,51.759971,-3.284545,LAL,Yes,,http://www.caerphilly.gov.uk/Services/Libraries/Library-locations-and-opening-times/Rhymney-library.aspx,way,1051877802,Q47506141,81
Risca Library,Caerphilly County Borough Council,Wales,"Unit C, Risca Palace",Risca Palace,NP11 6BW,51.607099,-3.100724,LAL,Yes,,http://www.caerphilly.gov.uk/Services/Libraries/Library-locations-and-opening-times/Risca-library.aspx,way,516997283,Q47506142,81
Ystrad Mynach Library,Caerphilly County Borough Council,Wales,"High Street, Ystrad Mynach",Ystrad Mynach,CF82 7BB,51.642575,-3.235887,LAL,Yes,,http://www.caerphilly.gov.uk/Services/Libraries/Library-locations-and-opening-times/Ystrad-Mynach-library.aspx,node,10161967018,Q47506144,9
Abertillery Library,Blaenau Gwent County Borough Council,Wales,"Station Hill, Abertillery",Abertillery,NP13 1TE,51.731268,-3.137802,CL,Yes,,,,,,
Blaina Library,Blaenau Gwent County Borough Council,Wales,"Reading Institute, High Street",Blaina,NP13 3BN,51.764901,-3.159711,CL,Yes,,,node,12050885231,,116
Brynmawr Library,Blaenau Gwent County Borough Council,Wales,"Market Street, Brynmawr",Brynmawr,NP23 4AJ,51.79844,-3.173746,CL,Yes,,,node,12050877105,,69
Cwm Library,Blaenau Gwent County Borough Council,Wales,"Canning Street, Cwm",Cwm,NP23 7RW,51.741483,-3.184102,CL,Yes,,,node,2072355965,,114
Ebbw Vale Library,Blaenau Gwent County Borough Council,Wales,"21 Bethcar Street, Ebbw Vale",Ebbw Vale,NP23 6HS,51.779208,-3.208341,CL,Yes,,,node,2072208498,,54
Tredegar Library,Blaenau Gwent County Borough Council,Wales,"The Circle, Tredegar",Tredegar,NP22 3PS,51.771506,-3.245861,CL,Yes,,,way,942915033,,61
Blaenavon Library,Torfaen County Borough Council,Wales,"Blaenavon World Heritage Centre and Library, Church Road",Blaenavon,NP4 9AS,51.773103,-3.08775,LAL,Yes,,https://www.torfaen.gov.uk/en/Libraries/Libraries-mobilelibraryservice/Blaenavon-Library.aspx,node,12735460593,Q47516714,24
Cwmbran Library,Torfaen County Borough Council,Wales,Gwent House,Town Centre,NP44 1XQ,51.6534144,-3.0202159,LAL,Yes,,https://www.torfaen.gov.uk/en/Libraries/Libraries-mobilelibraryservice/Cwmbran-Library.aspx,node,1232009494,Q47516715,11
Pontypool Library,Torfaen County Borough Council,Wales,"Hanbury Road, Pontypool",Pontypool,NP4 6JL,51.701409,-3.039933,LAL,Yes,,https://www.torfaen.gov.uk/en/Libraries/Libraries-mobilelibraryservice/Pontypool-Library.aspx,node,10159395216,,31
Caldicot Library,Monmouthshire County Council,Wales,"Woodstock Way, Caldicott",Caldicott,NP26 5DB,51.588217,-2.754525,LAL,Yes,,,,,,
Chepstow Library,Monmouthshire County Council,Wales,"Manor Way, Chepstow",Chepstow,NP16 5HZ,51.641599,-2.676536,LAL,Yes,,,node,856062273,Q47509718,35
Gilwern Library,Monmouthshire County Council,Wales,"Gilwern Education Centre, Upper Common",Upper Common,NP7 0DS,51.82906,-3.092189,LAL,Yes,,,way,1110646580,Q47509720,45
Usk Library,Monmouthshire County Council,Wales,"18a Maryport Street, Usk",Usk,NP15 1AE,51.701553,-2.902517,LAL,Yes,,,node,10160522522,Q47516661,23
Bettws Library and Information Centre,Newport City Council,Wales,"Bettws Library and Information Centre, Bettws",Bettws,NP20 7TN,51.612047,-3.029094,LAL,Yes,,http://www.newport.gov.uk/en/Leisure-Tourism/Libraries/Find-a-library/Bettws-Library-and-Information-Centre.aspx,node,540759417,,59
Caerleon Library and Information Centre,Newport City Council,Wales,"Caerleon Library and Information Centre, Town Hall",Town Hall,NP18 1AW,51.611335,-2.955677,LAL,Yes,,http://www.newport.gov.uk/en/Leisure-Tourism/Libraries/Find-a-library/Caerleon-Library-and-Information-Centre.aspx,node,6899099905,Q47523156,112
Malpas Library and Information Centre,Newport City Council,Wales,"Pillmawr Road, Newport",Newport,NP20 6WF,51.610311,-3.004301,LAL,Yes,,http://www.newport.gov.uk/en/Leisure-Tourism/Libraries/Find-a-library/Malpas-Library-and-Information-Centre.aspx,node,8119403106,Q47488104,43
Newport Central Library,Newport City Council,Wales,"John Frost Square, Newport",Newport,NP20 1PA,51.5855571,-2.9936224,LAL,Yes,,http://www.newport.gov.uk/en/Leisure-Tourism/Libraries/Find-a-library/Central-Library.aspx,node,1241221848,,23
Pillgwenlly Library and Information Centre,Newport City Council,Wales,"110-111 Commercial Road, Newport.",Newport.,NP20 2GW,51.576252,-2.988095,LAL,Yes,,http://www.newport.gov.uk/en/Leisure-Tourism/Libraries/Find-a-library/Pillgwenlly-Library-and-Information-Centre.aspx,node,13039836602,,100
Ringland Library and Information Centre,Newport City Council,Wales,"Ringland Centre, Newport",Newport,NP19 9PS,51.593783,-2.933351,LAL,Yes,,http://www.newport.gov.uk/en/Leisure-Tourism/Libraries/Find-a-library/Ringland-Library-and-Information-Centre.aspx,node,8119823574,Q47523163,153
Rogerstone Library,Newport City Council,Wales,"Tregwilym Road, Newport",Newport,NP10 9EL,51.586317,-3.056666,LAL,Yes,,http://www.newport.gov.uk/en/Leisure-Tourism/Libraries/Find-a-library/Rogerstone-Library-and-Information-Centre.aspx,node,8119823575,Q29504518,13
St. Julian's Library,Newport City Council,Wales,"St. Julian’s Community Learning and Library Centre, Beaufort Road",Newport,NP19 7UB,51.600675,-2.965026,LAL,Yes,,http://www.newport.gov.uk/en/Leisure-Tourism/Libraries/Find-a-library/St-Julians-Community-Learning-and-Library-Centre.aspx,node,540760454,Q47523164,87
Tredegar House Library,Newport City Council,Wales,"Tredegar House Library, Pencarn Way",Newport,NP10 8YW,51.5615939,-3.0281137,LAL,Yes,,http://www.newport.gov.uk/en/Leisure-Tourism/Libraries/Find-a-library/Tredegar-House-Library-and-Information-Centre.aspx,node,8119823730,Q47523159,131
Builth Wells Library,Powys County Council,Wales,"Antur Gwy, Park Road",Builth Wells,LD2 3BA,52.149863,-3.406912,LAL,Yes,,http://www.powys.gov.uk/en/libraries/find-nearest-library/builth-wells-library/,node,297604224,Q47516677,31
Crickhowell Library,Powys County Council,Wales,"Silver Street, Crickhowell",Crickhowell,NP8 1BJ,51.85903,-3.138039,LAL,Yes,,http://www.powys.gov.uk/en/libraries/find-nearest-library/crickhowell-library/,,,,
Hay on Wye Library,Powys County Council,Wales,"Chancery Lane, Hay-On-Wye",Hay-On-Wye,HR3 5BL,52.075067,-3.124623,LAL,Yes,,http://www.powys.gov.uk/en/libraries/find-nearest-library/hay-on-wye-library/,,,,
Knighton Library,Powys County Council,Wales,"Knighton Library, Knighton Community Centre",Knighton Community Centre,LD7 1DR,52.343853,-3.046703,LAL,Yes,,,node,8811378081,,150
Llandrindod Wells Library,Powys County Council,Wales,"Library Service Llandrindod Wells, The Gwalia",The Gwalia,LD1 6AA,52.2397734,-3.3826822,LAL,Yes,,http://www.powys.gov.uk/en/libraries/find-nearest-library/llandrindod-wellslibrary/,node,298932379,,10
Llanfyllin Library,Powys County Council,Wales,"Youth and Community Centre, Council Buildings",Council Buildings,SY22 5BB,52.765112,-3.270837,LAL,Yes,,http://www.powys.gov.uk/en/libraries/find-nearest-library/llanfyllin-library/,node,2458383377,Q47516682,60
Llanidloes Library,Powys County Council,Wales,"Library Service Llanidloes Llanidloes Town Hall, Great Oak Street",Llanidloes,SY18 6BN,52.448579,-3.539489,LAL,Yes,,http://www.powys.gov.uk/en/libraries/find-nearest-library/llanidloes-library/,way,1484455153,,42
Llanwrtyd Library,Powys County Council,Wales,"Library Service Llanwrtyd, Ysgol Dolafon C.P. Llanwrtyd Wells",Ysgol Dolafon C.P. Llanwrtyd Wells,LD5 4RA,52.107624,-3.639805,LAL,Yes,,http://www.powys.gov.uk/en/libraries/find-nearest-library/llanwrtyd-library/,way,199779259,Q47488107,132
Machynlleth Library,Powys County Council,Wales,"Maengwyn Street, Machynlleth",Machynlleth,SY20 8DY,52.590643,-3.849141,LAL,Yes,,http://www.powys.gov.uk/en/libraries/find-nearest-library/machynlleth-library/,way,319367581,Q47488108,43
Montgomery Library,Powys County Council,Wales,"Arthur Street, Montgomery",Montgomery,SY15 6RA,52.560925,-3.148607,LAL,Yes,,http://www.powys.gov.uk/en/libraries/find-nearest-library/montgomery-library/,way,588754643,,26
Newtown Library,Powys County Council,Wales,"Park Lane, Newtown",Newtown,SY16 1EJ,52.5116576,-3.3182418,LAL,Yes,,http://www.powys.gov.uk/en/libraries/find-nearest-library/newtown-library/,way,665769400,,16
Presteigne Library,Powys County Council,Wales,"Market Hall, Broad Street",Presteigne,LD8 2AD,52.273663,-3.005696,LAL,Yes,,http://www.powys.gov.uk/en/libraries/find-nearest-library/presteigne-library/,node,7822869926,Q47516683,58
Rhayader Library,Powys County Council,Wales,"West Street, Rhayader",Rhayader,LD6 5AB,52.300116,-3.511353,LAL,Yes,,http://www.powys.gov.uk/en/libraries/find-nearest-library/rhayader-library/,way,853303203,Q47523175,61
Talgarth Library,Powys County Council,Wales,"New Street, Talgarth",Talgarth,LD3 0AH,51.997164,-3.232846,LAL,Yes,,http://www.powys.gov.uk/en/libraries/find-nearest-library/talgarth-library/,,,,
Welshpool Library,Powys County Council,Wales,"The Canal Wharf, Welshpool",Welshpool,SY21 7AQ,52.658379,-3.14548,LAL,Yes,,http://www.powys.gov.uk/en/libraries/find-nearest-library/welshpool-library/,,,,
Ystradgynlais Library,Powys County Council,Wales,"Temperance Street, Ystradgynlais",Ystradgynlais,SA9 1JJ,51.800535,-3.718772,LAL,Yes,,http://www.powys.gov.uk/en/libraries/find-nearest-library/ystradgynlais-library/,,,,
Aberfan Library,Merthyr Tydfil County Borough Council,Wales,"Pantglas Road, Aberfan",Aberfan,CF48 4QE,51.695852,-3.346394,CL,Yes,,http://www.merthyrlibraries.co.uk/our-libraries/aberfan-community-library.aspx#firstab-2,,,,
Merthyr Library Hub,Merthyr Tydfil County Borough Council,Wales,Merthyr Tydfil Leisure Centre,,CF48 1UT,51.738837,-3.378175,CL,Yes,,http://www.merthyrlibraries.co.uk/our-libraries/library-hub.aspx,,,,
Merthyr Tydfil Central Library,Merthyr Tydfil County Borough Council,Wales,"High Street, Merthyr Tydfil",Merthyr Tydfil,CF47 8AF,51.7472905,-3.3776612,CL,Yes,,http://www.merthyrlibraries.co.uk/our-libraries/central-library.aspx,way,96866961,Q29489897,8
